parameters,rms,pitch,cent,flatness,rolloff,MFCC0,MFCC1,MFCC2,MFCC3,MFCC4,MFCC5,MFCC6,MFCC7,MFCC8,MFCC9,MFCC10,MFCC11,MFCC12,chroma0,chroma1,chroma2,chroma3,chroma4,chroma5,chroma6,chroma7,chroma8,chroma9,chroma10,chroma11
0.0-0.0-0.0-0.0-0.0,0.14463491241137186,197.3120500668687,2976.427074475534,0.00377751289245983,7034.1796875,-130.28287760416666,124.3145523071289,-26.92606544494629,35.63757069905599,-13.246084213256836,29.69676971435547,-6.994474411010742,14.863239288330078,-5.791699528694153,12.736364682515463,-5.434127966562907,5.665889859199524,-2.7836511929829917,0.5747533241907755,0.3875078583757083,0.3354715282718341,0.3036997976402442,0.3143821905056636,0.4189125597476959,0.40943655620018643,0.3481248455742995,0.47154434521993,0.6738186081250509,0.9428827365239462,0.9189121723175049
0.0-0.0-0.0-0.0-0.25,0.039991624653339386,2911.2953138214684,6254.725355363916,0.008048830321058631,10852.734375,-291.94984944661456,5.201253016789754,-41.16275405883789,39.729390462239586,-9.877889752388,13.854075908660889,-17.039940516153973,24.04058329264323,5.277592658996582,4.301288366317749,-6.700312217076619,18.992130597432453,-6.648189226786296,0.005983949173241854,0.012166821708281835,0.008696749495963255,0.00829042416686813,0.017352659565707047,0.00960170105099678,0.008553675375878811,0.008876561730479201,0.1574228803316752,1.0,0.16663914918899536,0.007870678013811508
0.0-0.0-0.0-0.0-0.5,0.09389859686295192,154.68153732122593,3139.275312345853,0.006221926615883906,7113.134765625,-144.4067637125651,128.43000030517578,-24.740974108378094,40.04429372151693,-11.70895512898763,21.73427454630534,-15.38354523976644,7.505993843078613,-15.05201530456543,2.8619283636411033,-12.796182870864868,-2.9537121852238974,-12.855141957600912,0.2840456838409106,0.3751924882332484,0.6152570446332296,1.0,0.7752655943234762,0.4523559312025706,0.2951279779275258,0.3007555653651555,0.20739638432860374,0.29576167712608975,0.5804104506969452,0.4754204551378886
0.0-0.0-0.0-0.0-0.75,0.04206506535410881,22050.0,1338.3669019104545,0.0025358917541046613,3129.4921875,-480.07373046875,145.75549825032553,35.36809984842936,30.94790776570638,18.549664815266926,15.922781944274902,13.132518768310547,12.735293865203857,10.929835001627604,9.78383763631185,8.404734452565512,7.4934695561726885,6.140164057413737,0.8415032823880514,0.8888483246167501,0.9401294787724813,0.9766882459322611,0.9991635282834371,0.9934705098470052,0.9605209231376648,0.932703415552775,0.9007509350776672,0.8570075432459513,0.8028438687324524,0.7730376919110616
0.0-0.0-0.0-0.25-0.0,0.05204243833820025,169.77332230733364,1071.8294502735528,0.0012477045239028446,1873.388671875,-386.1016845703125,222.26777140299478,44.00495910644531,11.131216684977213,4.661444505055745,-0.3228425979614258,2.1462207237879434,7.136322021484375,3.002650340398153,-0.7336681683858236,-3.8119574387868247,-5.6610236167907715,-4.229743401209514,0.3875160614649455,0.28237685312827426,0.2988474890589714,0.43689047793547314,0.7235360741615295,1.0,0.73979785044988,0.4598306616147359,0.31522605816523236,0.24777373671531677,0.16722936804095903,0.2567225744326909
0.0-0.0-0.0-0.25-0.25,0.09191789974768956,661.4904234476367,2456.6228995960464,0.00560335995017643,4550.68359375,-231.04090881347656,153.5583292643229,-25.652705828348797,7.871557831764221,-3.8597090244293213,-9.636193116505941,-6.6325004895528155,-6.069332599639893,-5.1293831666310625,-4.825877984364827,2.1712772051493325,9.38034995396932,18.322478612263996,0.049627567951877914,0.039222658650639154,0.05720042980586489,0.29074910283088684,1.0,0.43516190846761066,0.05915549832085768,0.03137671613755325,0.03348720259964466,0.029657774798882503,0.03941771977891525,0.10133131717642148
0.0-0.0-0.0-0.25-0.5,0.09442639102538426,128.38208130020834,2927.541112336227,0.0055279366206377745,6818.84765625,-145.90652974446616,137.39019266764322,-16.10822073618571,40.91142654418945,-11.09782044092814,25.37157440185547,-7.29426783323288,13.444488684336344,-3.9506691296895347,12.599126180013021,0.519268254439036,4.1286619901657104,-6.586019992828369,0.8131934801737467,0.5646167596181234,0.3860730429490407,0.3324653009573619,0.30723727742830914,0.28705404698848724,0.49377084771792096,0.8068185051282247,0.7524587114651998,0.6607079108556112,0.7091548840204874,0.8418847521146139
0.0-0.0-0.0-0.25-0.75,0.06683294226725896,1880.4643026482033,2485.7615693406133,0.0012839542274984221,5505.322265625,-242.1628621419271,147.82538350423178,-31.49325942993164,41.68878428141276,-6.401388148466746,26.500160217285156,9.723925908406576,13.043154080708822,-3.3972463607788086,12.726609547932943,23.26706822713216,19.089580217997234,-10.428132851918539,0.4438384423653285,0.3613327021400134,0.36224599927663803,0.3810826639334361,0.383454571167628,0.4348412851492564,0.43117184937000275,0.39886050919691723,0.43395016094048816,0.48380718131860095,0.9496540824572245,1.0
0.0-0.0-0.0-0.5-0.0,0.17440479497114816,589.2483452164132,3526.865653956238,0.00899587074915568,7536.62109375,-65.20353698730469,116.5481948852539,-32.29208596547445,35.13391240437826,-25.78292719523112,12.422070821126303,-13.531917572021484,6.0626169840494795,-20.494885126749676,0.0029717286427815757,-7.400319894154866,11.437572995821634,3.357470820347468,0.1634766086935997,0.48361173768838245,0.8249934415022532,0.8345157901446024,0.3685362935066223,0.23156559467315674,0.2566241919994354,0.1314416453242302,0.09964945415655772,0.15613393982251486,0.22628035893042883,0.1515297368168831
0.0-0.0-0.0-0.5-0.25,0.004510519560426474,100.0,2851.5976605075252,0.00578766541245083,6625.048828125,-436.7609456380208,142.32225036621094,-12.070419470469156,41.994283040364586,-8.630084355672201,25.591806411743164,-6.767328103383382,15.116751194000244,-8.81896448135376,2.583085219065348,-14.123552004496256,-2.0102718671162925,-6.349466959635417,0.704841693242391,0.786223292350769,0.7821847597757975,0.5832774341106415,0.5294486780961355,0.6373173495133718,0.7795249323050181,0.6593767205874125,0.45455001791318256,0.3934193154176076,0.5564521352450053,0.584701677163442
0.0-0.0-0.0-0.5-0.5,0.013566510751843452,102.56581498782494,2644.0423793302966,0.004440468813603123,6230.2734375,-378.46913655598956,146.17503356933594,-8.24641732374827,44.29723866780599,-6.850667476654053,29.733020782470703,-3.266086538632711,20.09605344136556,-0.6092284520467123,13.408879597981771,-3.9450246493021646,2.2055917580922446,-11.474941651026407,0.8467541337013245,0.806998074054718,0.7357192039489746,0.6627246836821238,0.7799323399861654,0.7508854269981384,0.7327849268913269,0.8289854129155477,0.8387842774391174,0.9441394805908203,0.8665517568588257,0.8265814979871114
0.0-0.0-0.0-0.5-0.75,0.023717441285649937,124.44300274295252,2499.9753380343313,0.006923039395284529,5505.322265625,-429.1368052164714,143.49027506510416,-9.135137240091959,28.093757311503094,-5.74212646484375,23.00937843322754,6.921799500783284,11.288817882537842,-1.5408647060394287,12.92036501566569,5.8228139479955034,2.164210637410482,2.587517579396566,0.8851496775945028,0.8625214497248331,0.8281556169191996,0.8804445068041483,0.9258003830909729,0.8827621738115946,0.8870677351951599,0.8949885169665018,0.8272872964541117,0.7602530121803284,0.8115861217180887,0.8041213949521383
0.0-0.0-0.0-0.75-0.0,0.04606646796067556,132.83457343775498,643.5518491009307,7.990216310460596e-05,775.1953125,-436.81700642903644,231.74787394205728,58.381482442220054,15.769577344258627,11.972804069519043,7.9744313557942705,1.1293883323669434,-1.0394498507181804,-2.4666722218195596,-3.557666838169098,-0.5269126892089844,1.1367024183273315,-0.06515415509541829,1.0,0.897001842657725,0.6481553614139557,0.4454492727915446,0.31019075214862823,0.2695742001136144,0.2944706032673518,0.41191109518210095,0.4984554052352905,0.45183154940605164,0.5624167720476786,0.816626230875651
0.0-0.0-0.0-0.75-0.25,0.07236472393075626,178.15151722569226,2658.8957764975353,0.0036579248359582075,6280.517578125,-204.76423136393228,147.05792236328125,-12.861838340759277,46.34090805053711,-17.26335271199544,27.752803802490234,-9.062832395235697,22.89082400004069,-9.94236977895101,6.484776496887207,-10.047790368398031,6.134494225184123,-7.6571738719940186,0.4767507215340932,0.6233645876248678,0.7181654671827952,0.7882612546284994,0.8798085252443949,0.9361030260721842,0.9604993263880411,0.8714704910914103,0.6334564884503683,0.5234000980854034,0.539676437775294,0.4971376011768977
0.0-0.0-0.0-0.75-0.5,0.0033389663634200892,116.48678874121191,1478.9679327850556,0.004753271826984928,3545.80078125,-636.7721557617188,208.7093760172526,21.323588053385418,20.385149637858074,21.026864051818848,13.882931391398111,11.790087381998697,8.27796745300293,7.9833401044209795,4.9887088139851885,5.04441499710083,4.020669937133789,3.4696028232574463,0.8886499404907227,0.8619524637858073,0.8315221269925436,0.8498627344767252,0.920314888159434,0.9350099166234335,0.8843980034192404,0.8913454413414001,0.8778222997983297,0.9192428986231486,0.8565402030944824,0.8484016060829163
0.0-0.0-0.0-0.75-0.75,0.1428667406241099,7416.666666666667,2897.1751384716276,0.008712902859163782,6818.84765625,-139.4708709716797,137.8208211263021,1.7551113764444988,33.67711893717448,0.34157999356587726,15.107703685760498,-3.4528141816457114,7.495409647623698,0.6840983231862386,10.814749081929525,4.463978449503581,4.532317638397217,-1.6898096402486165,0.8423153559366862,0.8426802754402161,0.9708600044250488,0.9371440013249716,0.8903510173161825,0.7422919670740763,0.6086682975292206,0.5416161020596822,0.6362343827883402,0.7630411187807719,0.8156974713007609,0.8128616213798523
0.0-0.0-0.25-0.0-0.0,0.07873675723870595,107.07407185666479,2377.183272263416,0.0029301930723401406,5591.455078125,-222.51017252604166,142.18900299072266,-1.2522001266479492,33.9474843343099,0.025620460510253906,19.736465454101562,2.884309450785319,15.896002769470215,3.354281425476074,7.830719629923503,2.054234822591146,8.687451839447021,3.9054884910583496,0.6738629539807638,0.6591119964917501,0.6939527789751688,0.7956832647323608,0.8938701947530111,0.8803285956382751,0.8434611558914185,0.8813289999961853,0.891779363155365,0.9149027069409689,0.8070981701215109,0.6529164512952169
0.0-0.0-0.25-0.0-0.25,0.1724753181139628,22050.0,1247.2061654553702,0.00032353393180528656,2203.564453125,-237.29661560058594,179.58382161458334,2.3197169303894043,34.565381368001304,13.2726198832194,14.672516822814941,12.699234326680502,8.258557240168253,7.400913119316101,4.25265105565389,5.962037364641826,5.189746618270874,7.3927232424418134,0.9344703952471415,0.9249706864356995,0.9309719800949097,0.9001128474871317,0.8683600028355917,0.889448861281077,0.8802352547645569,0.8433029850323995,0.8077164689699808,0.79152778784434,0.8259374698003134,0.8678313295046488
0.0-0.0-0.25-0.0-0.5,0.17001784841219583,219.46501230891718,2847.2375081198247,0.004108276645032068,6847.55859375,-110.82517751057942,127.48790995279948,-3.480748414993286,46.33759562174479,-8.539406776428223,21.903830846150715,-11.514645258585611,11.777627348899841,-3.317282557487488,11.566894690195719,-3.815688818693161,2.2361904780069985,-3.6830942630767822,0.6093114813168844,0.45813504854838055,0.2744407008091609,0.2160441776116689,0.41025248169898987,0.4681992729504903,0.42246825496355694,0.6017695466677347,0.7197589079538981,0.9074636697769165,0.8945834239323934,0.8651890953381857
0.0-0.0-0.25-0.0-0.75,0.027221544024844963,14750.811968681131,1765.0414379293695,0.0013047983414556559,3789.84375,-449.97107950846356,133.83014424641928,20.19134012858073,29.911819458007812,18.427378972371418,26.055784225463867,21.775171279907227,11.605796813964844,-1.2661004066467285,-0.4021294911702474,8.44270404179891,10.393437067667643,3.165148933728536,0.7900919715563456,0.856811543305715,0.9205983678499857,0.9651266932487488,0.9989397327105204,0.9841182827949524,0.9201513330141703,0.8596388498942057,0.8105282783508301,0.7617150743802389,0.7191497484842936,0.7088774641354879
0.0-0.0-0.25-0.25-0.0,0.11382221678892772,190.1277714838302,2096.125223151777,0.0022346775125091276,4500.439453125,-184.93559773763022,152.31631469726562,-16.8984894156456,38.4536927541097,4.691384633382161,25.524452209472656,2.3605856895446777,16.012648900349934,0.5733644167582194,2.1164084871610007,-7.106238683064778,-6.362432797749837,-8.402997841437658,0.8805088798205057,0.9819619258244833,0.9395354588826498,0.6627760628859202,0.435902272661527,0.33229145407676697,0.2846958090861638,0.26601232836643857,0.2962789336840312,0.4349097063144048,0.6979459325472513,0.731799433628718
0.0-0.0-0.25-0.25-0.25,0.16873125980297723,1824.501643895822,4001.5425515460315,0.010243766009807587,8584.5703125,-120.65045674641927,85.33411407470703,-22.002010663350422,41.77977752685547,5.8741733233133955,41.4866517384847,13.786742528279623,10.686153411865234,-14.953781445821127,12.08348274230957,23.973344167073567,21.216445287068684,-12.550792217254639,0.35696182648340863,0.3227891077597936,0.3078147793809573,0.32403620580832165,0.3567437032858531,0.3239746515949567,0.3088312695423762,0.37710458040237427,0.5461624562740326,1.0,0.6194676558176676,0.42554106811682385
0.0-0.0-0.25-0.25-0.5,0.13348436107238135,14742.728748272444,1912.4095392850343,0.003007842221753284,4163.0859375,-232.47952779134116,166.94731648763022,21.85244878133138,32.205753326416016,17.734398523966473,13.532251358032227,10.734869956970215,8.521293004353842,7.995029767354329,5.3969394365946455,5.787559509277344,4.79109541575114,4.82916784286499,0.9231202006340027,0.8678706685702006,0.8636665145556132,0.8595377206802368,0.8188437620798746,0.794292668501536,0.7939561009407043,0.8181093335151672,0.8480422894159952,0.8526332775751749,0.8466537197430929,0.8772750695546468
0.0-0.0-0.25-0.25-0.75,0.1645804817477862,440.5410473218444,2756.1092079405266,0.009138218185398728,5620.166015625,-87.4999262491862,140.11537170410156,-27.900177001953125,24.891596794128418,-3.82586669921875,13.042157530784607,-11.126499225695929,8.177740335464478,3.6231279373168945,3.41494091351827,-5.147339940071106,4.369368185599645,0.3241228659947713,0.5552564213673273,0.8058473269144694,0.6832674145698547,0.8501900831858317,0.7918772300084432,0.4338532437880834,0.4050334344307582,0.4255910242597262,0.42069564014673233,0.4276413892706235,0.4357922325531642,0.43338367839654285
0.0-0.0-0.25-0.5-0.0,0.023748838032285374,217.82667645928973,3164.3303870811974,0.007723387602406244,7350.0,-283.9386952718099,130.69116719563803,-20.79216241836548,30.980791091918945,-13.508280197779337,21.533822377522785,-12.998192568620047,8.790189564228058,-7.810316960016887,6.674755255381267,-6.749145984649658,9.111218293507894,-3.404245058695475,0.47413785258928937,0.3822804441054662,0.4235798964897792,0.5130580390493075,0.4753761837879817,0.40984754264354706,0.4395172894001007,0.7270086407661438,0.819569985071818,0.814460833867391,0.6785683234532675,0.5711998442808787
0.0-0.0-0.25-0.5-0.25,0.16757653405268988,22050.0,1326.0535751675104,0.0004231403011611216,2706.005859375,-291.75221252441406,168.27230834960938,38.538217981656395,33.81859842936198,11.117307225863138,22.98590596516927,3.698269844055176,7.694017728169759,0.22101783752441406,8.695856094360352,6.781638781229655,11.524168173472086,4.418636719385783,0.6404459476470947,0.6446338891983032,0.6977461377779642,0.7564372618993124,0.8734356562296549,0.9324497779210409,0.9324532151222229,0.8470079104105631,0.7788987557093302,0.7921579877535502,0.7283370494842529,0.6755125423272451
0.0-0.0-0.25-0.5-0.5,0.055088010927041374,108.34353345449709,2596.269539543803,0.005060688631298642,5993.408203125,-219.07383728027344,143.98753865559897,-4.731404145558675,39.04727045694987,-8.093143145243326,22.781890233357746,-1.2849592367808025,16.200707753499348,-2.8319223125775657,8.251544952392578,1.4359040260314941,8.074554125467936,-1.8055681387583415,0.8728209535280863,0.7271313667297363,0.5832698047161102,0.49628937741120654,0.49131615956624347,0.4971466660499573,0.6101104021072388,0.8070563475290934,0.8442356785138448,0.8318068385124207,0.8044558763504028,0.8278235197067261
0.0-0.0-0.25-0.5-0.75,0.043843881537516914,22050.0,1915.0907448732607,0.0024489553078622106,4744.482421875,-439.23566182454425,96.35457229614258,25.89015769958496,28.125556310017902,21.638078053792317,20.449737548828125,17.461959838867188,15.830404917399088,13.716889063517252,12.240171114603678,10.661946932474772,9.471525510152182,8.288935979207357,0.7957672278086344,0.8529381155967712,0.9154769778251648,0.9655182162920634,0.9981553355852762,0.9932848215103149,0.9489487012227377,0.9051686724026998,0.8555776079495748,0.8007388909657797,0.7404894431432089,0.7165442109107971
0.0-0.0-0.25-0.75-0.0,0.07070534800489743,426.8516303517783,3773.622014664583,0.005734816115970413,8670.703125,-207.04012552897134,86.29944356282552,-22.414334297180176,38.31567923227946,-20.639395078023274,18.79575256506602,-13.673811117808023,7.8642051219940186,-18.099687894185383,-5.440000573794047,-21.349583943684895,-7.090745151042938,-9.414495865503946,0.07450016463796298,0.08836051200826962,0.05051654437556863,0.09607276941339175,0.22237729529539743,0.08056105921665828,0.07202009732524554,0.1811025912563006,0.6035118699073792,1.0,0.48939278721809387,0.13025480384627977
0.0-0.0-0.25-0.75-0.25,0.06714775040745735,14733.333333333334,1424.8679397851029,0.0019525541102514883,3122.314453125,-349.634038289388,192.50287119547525,28.89722442626953,14.67486079533895,15.605390548706055,10.33993911743164,9.806467374165853,9.726059277852377,5.999747594197591,6.577371438344319,5.404948711395264,4.385121742884318,4.814339319864909,0.8607407212257385,0.8993773063023885,0.943623960018158,0.9724955558776855,0.9956330060958862,0.9875067671140035,0.9295967618624369,0.9010405540466309,0.8915993372599283,0.8647215167681376,0.826272169748942,0.8042052785555521
0.0-0.0-0.25-0.75-0.5,0.19301181038220724,210.00124572754467,2176.447866308085,0.002949296215471501,4844.970703125,-124.13907877604167,156.40230305989584,-8.320993423461914,43.218701680501304,-9.588288307189941,22.67865244547526,-4.092903446406126,15.616189320882162,-5.467070599397023,8.08096287647883,-5.272358735402425,7.510900179545085,-0.15367627143859863,0.5981417000293732,0.6889438927173615,0.8343077898025513,0.9939864873886108,0.9070027669270834,0.6471452514330546,0.4978676935036977,0.43800967931747437,0.47070493300755817,0.5067989826202393,0.5908682743708292,0.602648397286733
0.0-0.0-0.25-0.75-0.75,0.15303382029136023,613.4915400755622,3543.45802680087,0.011560585039357344,7759.130859375,-76.12667846679688,116.27386728922527,-37.419413248697914,24.16733169555664,-21.459726969401043,18.493769963582356,-17.093406677246094,8.058810869852701,-12.231984774271647,4.736962238947551,-5.898271441459656,14.570817947387695,11.938434282938639,0.4142059435447057,0.7190320988496145,0.7026203473409017,0.7644432385762533,0.4124170591433843,0.17190717657407126,0.13430762539307275,0.09905673811833064,0.1069963773091634,0.11072198301553726,0.12257639815409978,0.19881880283355713
0.0-0.0-0.5-0.0-0.0,0.02018678809205691,472.2738684090768,2334.3917065894107,0.001830659593300273,5146.435546875,-334.99915568033856,147.87858072916666,-28.4229310353597,43.24206797281901,-9.117707426349321,19.748737653096516,-9.31176527341207,8.969004154205322,-2.377028783162435,7.398469607035319,-6.609413941701253,-3.366361618041992,-11.245844205220541,0.7053245703379313,0.5983270208040873,0.3569076657295227,0.2773734778165817,0.274981160958608,0.2956978728373845,0.3462281823158264,0.5248563488324484,0.6786166826883951,0.8173006176948547,0.8456238706906637,0.641259491443634
0.0-0.0-0.5-0.0-0.25,0.12430954724550247,150.96727495526048,1178.0230910185167,0.0008507327150558316,1930.810546875,-258.1513163248698,211.19881693522134,-1.4498875935872395,7.849725246429443,15.803064982096354,11.64184538523356,8.324538389841715,1.6318103472391765,1.169358730316162,1.2077202995618184,-3.652333835760752,-3.221046060323715,-1.025768240292867,0.535956621170044,0.6639590164025625,0.9102562665939331,0.973642110824585,0.6812008817990621,0.512000193198522,0.3720673620700836,0.2793283114830653,0.22428064110378423,0.2629513368010521,0.35301318392157555,0.42505643020073575
0.0-0.0-0.5-0.0-0.5,0.13937167823314667,728.0945882806614,3392.2416702554415,0.006580182564600061,7113.134765625,-141.82960255940756,111.27936299641927,-14.442224303881327,27.876359303792317,-17.483229955037434,8.749814669291178,-14.626096606254578,9.568545917669931,-2.0629809697469077,10.706285158793131,1.2830829620361328,12.713805516560873,20.144214630126953,0.11190627329051495,0.16379485527674356,0.10100216418504715,0.09415387610594432,0.20022714138031006,0.5797995825608572,0.8575354417165121,0.3640052725871404,0.10813738405704498,0.08297313253084819,0.0893280990421772,0.06943764599661033
0.0-0.0-0.5-0.0-0.75,0.11308919141689937,22050.0,1550.0670101706237,0.000871369831050591,3165.380859375,-258.0467885335286,173.97723897298178,3.037363052368164,20.476139068603516,18.8356138865153,10.891695022583008,11.63578732808431,7.8299628893534345,7.994022528330485,6.599846204121907,5.323613166809082,5.787011941274007,4.15670903523763,0.9444909493128458,0.9469691117604574,0.9605670173962911,0.986922005812327,0.9924583832422892,0.9611001412073771,0.8891033331553141,0.8447213967641195,0.8521900773048401,0.8584545850753784,0.8582033316294352,0.869433601697286
0.0-0.0-0.5-0.25-0.0,0.14480537176132202,641.408643546158,3303.5111648716115,0.0053375895755986376,6983.935546875,-114.85775502522786,104.95753224690755,-39.59330495198568,31.387540181477863,-16.944200197855633,9.089839855829874,-17.9452330271403,6.819634358088176,-7.520748635133107,5.719945351282756,1.0093456109364827,14.738035837809244,21.102686882019043,0.07319418713450432,0.09340442468722661,0.29364055891831714,0.7526506781578064,1.0,0.4474494357903798,0.1214110255241394,0.05766596272587776,0.05198883265256882,0.05473725435634454,0.08891059209903081,0.09554234643777211
0.0-0.0-0.5-0.25-0.25,0.07696875681479771,135.4719573169127,2731.8019526620806,0.004834156793852647,6273.33984375,-194.44239807128906,138.59626261393228,-9.8862992922465,25.922130584716797,-7.195595820744832,21.51571051279704,1.5633673667907715,12.183353741963705,2.553961753845215,12.078070640563965,0.13475810488065085,5.25999216735363,5.200958967208862,0.8450133601824442,0.8797790010770162,0.7853274047374725,0.7237025300661722,0.569874902566274,0.5122810204823812,0.46521611511707306,0.6684451500574747,0.828146755695343,0.7597503165404002,0.6705374121665955,0.728185792764028
0.0-0.0-0.5-0.25-0.5,0.1664824684460958,299.52306637013356,4181.9561811297435,0.013153410516679287,9087.01171875,-74.28274663289388,94.85151672363281,-22.3029568195343,40.20428212483724,-10.706151008605957,17.124263763427734,-20.125814507404964,3.369602839152018,-13.381352106730143,2.642145037651062,-7.067239920298259,1.9225555484493573,-14.978816310564676,0.16286948509514332,0.2074651358028253,0.14463932439684868,0.12343874791016181,0.14534333472450575,0.157962034145991,0.16779545259972414,0.2557009160518646,0.5675930480162302,1.0,0.5517594516277313,0.19905478631456694
0.0-0.0-0.5-0.25-0.75,0.0987039456764857,104.79041619472817,1359.8020099781395,0.0011982576391649975,1930.810546875,-247.5549570719401,205.51356506347656,10.81909434000651,22.538660049438477,12.559548695882162,8.686088403066,7.22611387570699,3.8103450536727905,1.504785696665446,-1.4571623802185059,1.9743740161259968,3.759253184000651,3.1745885213216147,0.643869936466217,0.767649253209432,0.7599215507507324,0.6557344893614451,0.7151188850402832,0.9156816601753235,0.9666799505551656,0.8327689369519552,0.6724549531936646,0.6128391226132711,0.5756005545457205,0.49416614572207135
0.0-0.0-0.5-0.5-0.0,0.06497506548961003,3097.947085976392,4382.057927508765,0.007555361061046521,10106.25,-202.98216247558594,84.19966379801433,3.7293906211853027,52.601304372151695,-7.337493101755778,28.817854563395183,-4.992883761723836,22.549317677815754,-1.3753043214480083,11.940351804097494,-4.091699918111165,9.166002909342447,1.013587752978007,0.7317359646161398,0.7129669586817423,0.7779289285341898,0.9984203179677328,0.774599532286326,0.7153783639272054,0.6672875881195068,0.6866878072420756,0.6952386299769083,0.6770258148511251,0.7276866634686788,0.696431299050649
0.0-0.0-0.5-0.5-0.25,0.23540924489498138,7441.121029550303,2057.714058402796,0.0016165500273928046,4399.951171875,-120.97176106770833,153.15501403808594,-0.5383276144663492,39.91199747721354,0.5524866580963135,24.07679621378581,0.12808752059936523,16.106281280517578,1.0247629483540852,9.557542483011881,0.3257434368133545,6.15056570370992,0.7643476327260336,0.8341675798098246,0.7961634000142416,0.82882026831309,0.8464112083117167,0.854478657245636,0.7996760408083597,0.8052252332369486,0.7896493474642435,0.6453168392181396,0.6028783520062765,0.6794403791427612,0.7937120596567789
0.0-0.0-0.5-0.5-0.5,0.2049168994029363,6326.742027645713,6380.981627719288,0.024432282118747633,12568.212890625,-81.6266721089681,71.83137130737305,13.176678657531738,44.39079793294271,-16.010738690694172,21.633830388387043,-0.714682420094808,15.829792022705078,-0.4647180636723836,33.169860204060875,-3.7760303815205893,15.736868540445963,9.914931297302246,0.4300333062807719,0.4224881778160731,0.43530434370040894,0.4209715773661931,0.41495930155118305,0.4381312330563863,0.5194540619850159,1.0,0.6560376485188802,0.5364011327425638,0.4799296408891678,0.45602330068747204
0.0-0.0-0.5-0.5-0.75,0.045042313635349274,14733.333333333334,2331.9507145160946,0.00281829588736097,5555.56640625,-290.5579477945964,141.3291219075521,1.2557762066523235,39.914693196614586,1.477758487065633,24.045871098836262,1.623620827992757,13.359052658081055,-1.4023415247599285,5.514881292978923,-0.32573723793029785,7.395828406016032,5.974082787831624,0.931043008963267,0.9142939249674479,0.9218008518218994,0.9275525212287903,0.9284423391024271,0.9088315765062968,0.8451090256373087,0.8659083644549052,0.8644991715749105,0.8382160862286886,0.8520260651906332,0.903974453608195
0.0-0.0-0.5-0.75-0.0,0.05823656295736631,160.6472310820539,3159.314019717567,0.007641306146979332,7041.357421875,-172.81767781575522,135.43475850423178,-26.125157674153645,42.66906611124674,-9.334717750549316,25.30552037556966,-15.26813530921936,14.816174825032553,-11.85300064086914,5.954808135827382,-7.772847851117452,2.7421425183614097,-11.308849334716797,0.449107567469279,0.3041902979214986,0.4342493911584218,0.633076806863149,0.8553387920061747,0.7557723522186279,0.6503128608067831,0.6789600749810537,0.6332729160785675,0.528105616569519,0.6616607308387756,0.7702198425928751
0.0-0.0-0.5-0.75-0.25,0.05318601926167806,108.30588500573583,3037.34858209385,0.008068505053718885,6876.26953125,-188.14102681477866,139.87430826822916,-22.223678588867188,34.40321731567383,-14.419842084248861,22.109628677368164,-10.148507833480835,14.291842142740885,-2.217230975627899,13.867302576700846,1.1660777926445007,4.933202117681503,-12.381977717081705,0.5564727882544199,0.37761440873146057,0.38755396008491516,0.4171837866306305,0.4440743823846181,0.42426174879074097,0.4857707967360814,0.5820471247037252,0.6908197601636251,0.933175285657247,0.9433125456174215,0.8899701038996378
0.0-0.0-0.5-0.75-0.5,0.13138740013043085,14758.1078200119,2366.3365507940885,0.006930883562745294,5763.720703125,-185.3857167561849,161.98958333333334,14.503166516621908,25.417510350545246,9.969754457473755,14.286611557006836,10.84481684366862,8.94611930847168,5.455817063649495,1.9075530370076497,-0.019288063049316406,-1.2631176312764485,1.549394130706787,0.9624689817428589,0.9567883809407552,0.9827391703923544,0.9881495038668314,0.9463604291280111,0.9397676984469095,0.8839110732078552,0.8730047146479288,0.8502063751220703,0.8394193450609843,0.839680810769399,0.9101898670196533
0.0-0.0-0.5-0.75-0.75,0.15704778830210367,620.6892721102487,3330.53496905457,0.010111114320655664,7393.06640625,-79.81985600789388,124.69944254557292,-31.020325978597004,29.801897684733074,-20.561148007710774,13.45691442489624,-19.187437057495117,7.701927502950032,-7.823126475016276,9.557865460713705,-3.9778518676757812,12.412077267964682,10.819887479146322,0.304872065782547,0.6129974623521169,0.7480170081059138,0.5697740912437439,0.5078614056110382,0.3361350993315379,0.2413516864180565,0.1721170792977015,0.1386684775352478,0.1627615268031756,0.1676572561264038,0.23855054875214896
0.0-0.0-0.75-0.0-0.0,0.05047652870416641,178.9403299482576,2557.017634857935,0.002339154132641852,5921.630859375,-238.03247578938803,146.35615030924478,-21.936520258585613,39.96679433186849,-12.007338563601175,27.72593816121419,-11.128965377807617,13.38404655456543,-13.954089482625326,4.192501624425252,-9.053972562154135,5.104644616444905,-9.529682477315268,0.2833666503429413,0.24864385525385538,0.2928203046321869,0.47731462121009827,0.7911380132039388,0.951205333073934,0.8867843747138977,0.7602537075678507,0.5035910904407501,0.32926327486832935,0.21246424689888954,0.22819074988365173
0.0-0.0-0.75-0.0-0.25,0.12887828052043915,576.0865461469106,2386.021239641777,0.005266232976282481,5455.078125,-193.92379252115884,156.65031941731772,6.148265838623047,33.850076039632164,8.333738009134928,21.447280883789062,3.414612632865707,25.311450958251953,-1.5397034486134846,-0.3316165606180827,1.9782868723074596,2.9656572341918945,8.216533342997232,0.3767667164405187,0.5000505944093069,0.4970032572746277,0.5207678278287252,0.6962068676948547,0.8470452825228373,0.9538023471832275,0.9712185462315878,0.767194926738739,0.6531755328178406,0.5483933488527933,0.39624911546707153
0.0-0.0-0.75-0.0-0.5,0.040833804135521255,22050.0,2096.5298889836426,0.002333482429094147,4521.97265625,-318.80959065755206,153.7985407511393,0.740995724995931,33.376729329427086,8.985806186993917,17.004859924316406,6.338465770085652,10.22488021850586,4.600669741630554,6.892675717671712,4.110216736793518,4.980927626291911,4.000089963277181,0.9590966900189718,0.9133775432904562,0.8996673027674357,0.9830183386802673,0.9451639453570048,0.8294610579808553,0.7227393388748169,0.6922829349835714,0.7060034473737081,0.7533853054046631,0.8188753922780355,0.8721612294514974
0.0-0.0-0.75-0.0-0.75,0.05761590600013733,204.81771486980463,3478.0309851675943,0.011706869583576918,7873.974609375,-168.38105265299478,123.87493896484375,-18.420887629191082,32.969652811686196,-17.268691062927246,14.343355814615885,-17.681448618570965,-1.7137247721354167,-19.225123087565105,-2.1577818393707275,-8.647926290829977,6.761913021405538,0.71669602394104,0.20464800546566644,0.3662931223710378,0.40529055148363113,0.4475035568078359,0.668225626150767,0.4241207341353099,0.19107009967168173,0.22021094957987467,0.3639040986696879,0.6493528584639231,0.37824781487385434,0.1854520266254743
0.0-0.0-0.75-0.25-0.0,0.14931326607863107,1138.4334057526064,3709.0513219027866,0.018525975562321644,8003.173828125,-124.26024627685547,111.64788818359375,-17.793506403764088,25.456353505452473,-4.726552804311116,17.836366017659504,4.278892358144124,18.421828269958496,4.272605578104655,7.078056653340657,-4.04047171274821,-5.575411478678386,-1.403304119904836,0.7460866371790568,0.9321102897326151,0.9018755753835043,0.6168149809042612,0.49671760698159534,0.5455247759819031,0.4885876129070918,0.47497010231018066,0.47740453481674194,0.4239935676256816,0.4436387320359548,0.5787476698557535
0.0-0.0-0.75-0.25-0.25,0.027658552552262943,103.53819840926604,1993.4684532744998,0.0014725454384461045,4127.197265625,-337.8098653157552,156.5437469482422,-0.3632087707519531,33.38395881652832,2.535263021787008,23.582784016927082,2.0443739891052246,14.56407388051351,2.4968350728352866,10.001856803894043,2.5943737427393594,7.160686492919922,2.942841649055481,0.9423845211664835,0.9469355543454488,0.8922547698020935,0.8979435960451762,0.9758416215578715,0.9541917641957601,0.8792605400085449,0.8136763175328573,0.8121158083279928,0.8054320017496744,0.7920844952265421,0.8579506675402323
0.0-0.0-0.75-0.25-0.5,0.0281762486944596,305.71797581190225,2783.1027519316035,0.006038156260425846,6108.251953125,-263.5708821614583,141.30133565266928,-21.148509979248047,28.974788665771484,-10.162867863972982,19.949281692504883,-1.1035157839457195,12.643392244974772,-5.408361434936523,9.472517172495523,0.7713605562845866,5.090110222498576,-0.28898048400878906,0.30010315279165906,0.2548801625768344,0.3560502876838048,0.5244564215342203,0.7159477969010671,1.0,0.8520912925402323,0.6240394711494446,0.4061436702807744,0.3464427838722865,0.3615802228450775,0.3143889705340068
0.0-0.0-0.75-0.25-0.75,0.02709633732835452,104.17820970365538,1695.2576878793313,0.002138179994896442,3079.248046875,-339.152099609375,204.25212605794272,-21.606537103652954,9.034968058268229,11.992941856384277,10.169774055480957,5.136876106262207,8.334720730781555,8.439802487691244,2.5320667823155723,6.218258261680603,2.2772167921066284,3.3916178941726685,0.6366913318634033,0.5644830564657847,0.5849432746569315,0.5262313783168793,0.5604409078756968,0.6176383296648661,0.7072433233261108,0.907496968905131,0.7876380483309428,0.7838020722071329,0.6891562143961588,0.6922412912050883
0.0-0.0-0.75-0.5-0.0,0.16113159557183585,137.80061072562293,2609.40717763582,0.003880383213981986,6050.830078125,-107.14759572347005,147.63922627766928,-11.891047954559326,33.394083658854164,-6.667515754699707,24.94762929280599,-3.5979488690694175,14.202017148335775,-1.3768660227457683,8.295551856358847,-3.8205175201098123,6.712769865989685,-0.8824947277704874,0.5250590940316519,0.5811780591805776,0.7210906147956848,0.8007920980453491,0.9263215065002441,0.917447825272878,0.7372385263442993,0.6829382677872976,0.6321490009625753,0.6096144715944926,0.5502969225247701,0.5728748242060343
0.0-0.0-0.75-0.5-0.25,0.1386151984333992,412.4682810346588,2610.8584373521376,0.0075612506819500895,5699.12109375,-127.78343200683594,145.90608978271484,-15.121537327766418,33.30255444844564,-2.049600601196289,21.067296663920086,4.61157242457072,12.544907887776693,7.8425249854723615,10.389592707157135,-0.3371557792027791,2.638519366582235,0.5037480890750885,0.9768351912498474,0.943094789981842,0.8724629084269205,0.786593496799469,0.6662708322207133,0.5831153790156046,0.5466860930124918,0.5846866766611735,0.7632163961728414,0.8845212459564209,0.8874780933062235,0.8492000699043274
0.0-0.0-0.75-0.5-0.5,0.15316956490278244,22050.0,1484.6908429075554,0.0009160976565093885,2906.982421875,-300.5285949707031,169.3905995686849,20.29437319437663,13.426966227591038,19.7438481648763,11.436622619628906,12.111227989196777,10.287835121154785,6.999906222025554,7.92706314722697,6.179229895273845,5.763985951741536,5.819088300069173,0.6830718517303467,0.73194620013237,0.8037773370742798,0.8636049032211304,0.8493719299634298,0.8377585013707479,0.8649694919586182,0.9006760319073995,0.8881616393725077,0.7977185845375061,0.6904963652292887,0.6397905349731445
0.0-0.0-0.75-0.5-0.75,0.03060528201361497,7421.0151428936615,1469.9008928392657,0.0010521431904635392,3194.091796875,-355.23549397786456,192.3823038736979,-4.253805319468181,33.11947695414225,4.492979367574056,19.10455862681071,5.2602506677309675,12.468084653218588,4.454648971557617,7.915998617808024,4.390939275423686,5.73826281229655,4.286751985549927,0.8266922036806742,0.8380651473999023,0.8626987934112549,0.8549702167510986,0.8651439150174459,0.833512524763743,0.7493490775426229,0.8076913555463155,0.9216578801472982,0.9442307750384012,0.9125620524088541,0.8446325461069742
0.0-0.0-0.75-0.75-0.0,0.012315993973364433,22050.0,1872.4301657716962,0.0030830233611653193,4543.505859375,-560.8452860514323,110.0472895304362,35.96010208129883,33.83832867940267,23.713905334472656,20.26935640970866,16.09835084279378,13.563954989115397,10.283568541208902,7.516089757283528,5.198948860168457,4.458565950393677,4.9719845453898115,0.7920763889948527,0.8508844375610352,0.915177583694458,0.9659112493197123,0.9975599845250448,0.9935598572095236,0.9551371335983276,0.9133081833521525,0.8641510407129923,0.8073165019353231,0.7433849175771078,0.7156093120574951
0.0-0.0-0.75-0.75-0.25,0.08062371611595154,7416.666666666667,2360.4322193346843,0.003981145904011403,5419.189453125,-238.58670552571616,145.53801472981772,2.1957832972208657,36.85856691996256,2.403477112452189,20.576963424682617,-2.6656723419825235,12.405240376790365,6.364584128061931,9.322416623433432,0.845673680305481,9.496153195699057,4.176672140757243,0.9129774769147238,0.9048161109288534,0.8559640645980835,0.8157310485839844,0.8780861695607504,0.8938887715339661,0.8081960082054138,0.8262201547622681,0.7291271487871805,0.709092934926351,0.7753483255704244,0.8573244214057922
0.0-0.0-0.75-0.75-0.5,0.05414914091428121,817.3958183212189,3558.3686104615103,0.01154572827120622,7701.708984375,-183.29149373372397,112.90170796712239,-34.105234464009605,22.724992116292317,-13.324505726496378,13.595188776652018,-10.799166838328043,7.7367485364278155,2.9233032862345376,22.399006525675457,17.286752065022785,26.65170415242513,12.403079350789389,0.1691026563445727,0.1833759347597758,0.20964770019054413,0.28863586485385895,0.32066452006498974,0.35928766429424286,0.580160657564799,0.8920068740844727,0.6385795474052429,0.2789983277519544,0.22313758234182993,0.2031182994445165
0.0-0.0-0.75-0.75-0.75,0.000548003998119384,103.75277125544464,2472.693619495789,0.0033373295639952025,5670.41015625,-674.7914021809896,148.4278310139974,-8.393319567044577,42.35228602091471,-3.8750691413879395,25.839211146036785,-4.806166807810466,14.377325375874838,-4.832536458969116,7.154559791088104,-3.7241650422414145,4.210129578908284,-2.5462453216314316,0.738961398601532,0.6911852657794952,0.6408378779888153,0.6876427034536997,0.7274467349052429,0.6972177227338155,0.6531071066856384,0.7070077657699585,0.8070006767908732,0.9543509284655253,0.9708952705065409,0.8455427487691244
0.0-0.25-0.0-0.0-0.0,0.043208301067352295,100.0,2555.3077408261524,0.0029565657023340464,6115.4296875,-254.0891876220703,143.37259928385416,-7.8685142993927,43.88331731160482,-4.902268091837565,26.504915873209637,-4.0674013296763105,17.040841420491535,-1.7309319178263347,12.498910268147787,0.16675126552581787,9.10646390914917,0.511612077554067,0.5754707753658295,0.5904757579167684,0.6524046063423157,0.749058743317922,0.8610800902048746,0.8620688319206238,0.7848746379216512,0.7855513294537863,0.7426921923955282,0.7325218319892883,0.6782716512680054,0.6162580053011576
0.0-0.25-0.0-0.0-0.25,0.14371084670225778,770.5713919976246,4299.544138722405,0.01290072857712706,9338.232421875,-108.87426249186198,81.51080830891927,-32.367296854654946,17.376832008361816,-28.442176818847656,7.859189669291179,-20.39422098795573,5.5249267021814985,-3.086781660715739,23.196444193522137,24.393231709798176,31.645156224568684,13.770968596140543,0.07229586830362678,0.08633294080694516,0.1505950465798378,0.06869174912571907,0.0887652679036061,0.1643359555552403,0.38121648132801056,0.9175936182339987,0.46889224648475647,0.3654025439172983,0.3084095825130741,0.17597290873527527
0.0-0.25-0.0-0.0-0.5,0.06559432049592336,7777.294600516431,2333.833989152106,0.004524280203137702,5103.369140625,-237.6005655924479,165.65998331705728,-11.447692235310873,24.149746894836426,7.257779836654663,13.016839345296225,8.786874294281006,5.906219323476155,8.916049639383951,3.3524802923202515,0.6247932314872742,2.1803598403930664,3.00599213441213,0.6474394698937734,0.7305083870887756,0.8035808602968851,0.9194496472676595,0.8802700638771057,0.7351205348968506,0.6959690550963084,0.7026316622893015,0.6515867412090302,0.6565728783607483,0.6126298507054647,0.5707523226737976
0.0-0.25-0.0-0.0-0.75,0.012284602349003157,100.0,2520.577143839338,0.0034463691408745944,5914.453125,-389.27976481119794,140.15045166015625,-2.6301214694976807,37.86461385091146,1.7776678403218586,23.406213760375977,2.0376157760620117,14.021060307820639,1.4650516510009766,9.250515460968018,3.480381657679876,8.410976727803549,4.209100405375163,0.5590458114941915,0.6202125151952108,0.7326793471972147,0.8717876076698303,0.9772514899571737,0.932639499505361,0.8807757099469503,0.8909122347831726,0.8599279522895813,0.7397927045822144,0.6600292523701986,0.598823070526123
0.0-0.25-0.0-0.25-0.0,0.05085344115893046,107.5560687182508,1404.4286069560794,0.0013127883322946825,2325.5859375,-337.94781494140625,181.47706095377603,11.517290671666464,26.95802625020345,20.275814056396484,12.897228399912516,14.513179143269857,9.098665873209635,6.0509514808654785,2.426117499669393,1.3689403533935547,2.827418883641561,3.4492963949839273,0.8920507033665975,0.8464688062667847,0.8040908376375834,0.8064493338267008,0.8253227074941,0.8484375874201456,0.8039632439613342,0.7982579270998637,0.7557689150174459,0.7655572096506754,0.8255777557690939,0.8906305233637491
0.0-0.25-0.0-0.25-0.25,0.1520940512418747,22050.0,1538.2628666819182,0.0015990421855368215,3186.9140625,-304.20775349934894,173.90594482421875,41.20033582051595,21.507117748260498,20.51246452331543,18.074830373128254,10.867817799250284,10.909298578898111,9.679773807525635,7.171777248382568,6.74365250269572,7.162768999735515,6.521852016448975,0.9054907560348511,0.9249457915623983,0.965955376625061,0.9876479506492615,0.9950843453407288,0.9734531243642172,0.9216088851292928,0.9097532431284586,0.9018607338269552,0.8847745855649313,0.851199746131897,0.8474222222963969
0.0-0.25-0.0-0.25-0.5,0.09493313729763031,22050.0,1784.4118568365793,0.0014132356918707956,3990.8203125,-297.3273620605469,162.62604014078775,-4.535309473673503,32.17726516723633,12.554742495218912,12.142799695332846,11.898749033610025,7.770735104878743,8.607742309570312,5.702248414357503,6.603147665659587,4.633543014526367,5.166891892751058,0.7789221803347269,0.8325280348459879,0.8601177136103312,0.9100891351699829,0.9628456632296244,0.9866794546445211,0.9623391032218933,0.910940925280253,0.856004556020101,0.8122171958287557,0.7479091684023539,0.706511914730072
0.0-0.25-0.0-0.25-0.75,0.003308748360723257,102.05965454216118,2894.6925843475783,0.006867580348625779,6818.84765625,-470.53212483723956,139.40254720052084,-12.907803058624268,40.16063245137533,-8.042199293772379,28.3274663289388,-1.3983184496561687,16.319809277852375,-4.101221332947413,9.207348982493082,-4.512129465738933,1.802417278289795,-7.130681991577148,0.4557580053806305,0.3737184852361679,0.3425874213377635,0.30788739025592804,0.39226799209912616,0.4772690733273824,0.5618924597899119,0.7062934239705404,0.9424067338307699,0.9945580363273621,0.7148511608441671,0.5261391699314117
0.0-0.25-0.0-0.5-0.0,0.11788069208463033,418.8790651943323,4746.410951276642,0.025040689234932263,11197.265625,-86.51840845743816,98.67279052734375,-11.083367347717285,20.62902323404948,-27.607150395711262,9.076864242553711,-20.74586232503255,10.631860733032227,-8.804031610488892,18.790496508280437,9.125257770220438,10.369827349980673,2.4024151961008706,0.14822235703468323,0.11727920422951381,0.11050189286470413,0.12818615386883417,0.20564240465561548,0.6965285390615463,0.6804235875606537,0.42107181747754413,0.3588120862841606,0.4952266216278076,0.32789963732163113,0.18887311716874441
0.0-0.25-0.0-0.5-0.25,0.14937772353490195,182.88181466860195,3649.824070508405,0.013951361179351807,7780.6640625,-55.01274808247884,122.20816294352214,-36.075934092203774,33.31761042277018,-16.911335309346516,25.41125233968099,-18.560059865315754,0.7896425724029541,-12.803309122721354,17.40293566385905,0.8350309530893961,5.246704697608948,-1.7636030515034993,0.37910839915275574,0.5306018441915512,0.6666499376296997,0.532292773326238,0.5665255387624105,0.9039926926294962,0.9593614935874939,0.5422249237696329,0.4407152533531189,0.4636208713054657,0.3178108384211858,0.2515191038449605
0.0-0.25-0.0-0.5-0.5,0.09684796631336212,575.4076958033743,3199.995891824032,0.009038950627048811,6108.251953125,-117.50504811604817,131.04344177246094,-56.37231572469076,22.956307729085285,-21.253870010375977,7.235354900360107,-14.077441533406576,0.42037709554036456,-7.817210992177327,1.4130655924479167,-4.240522384643555,4.679910024007161,5.543815851211548,0.22825086365143457,0.5603263874848684,0.7533867160479227,0.5538721034924189,0.24510482450326285,0.16383511573076248,0.10228722169995308,0.10405002534389496,0.21695182224114737,0.17284581810235977,0.1393556942542394,0.1218247264623642
0.0-0.25-0.0-0.5-0.75,0.15030191838741302,146.06792792240768,3255.2357591869986,0.007300749343509476,7407.421875,-105.7916259765625,126.67714436848958,-17.713148991266888,38.16072209676107,-9.48818588256836,19.6604585647583,-5.076364517211914,12.908835411071777,-6.854460716247559,5.4749075174331665,-8.348782022794088,5.318669855594635,-5.573352654774983,0.6957056323687235,0.768604596455892,0.9728843768437704,0.9640806714693705,0.7816806634267172,0.5792936484018961,0.4510057220856349,0.37962841242551804,0.5331606566905975,0.7369493842124939,0.519064724445343,0.5510000884532928
0.0-0.25-0.0-0.75-0.0,0.0061764545971527696,7427.8634162167955,2180.5948513152894,0.004798857613877772,4880.859375,-558.8839111328125,139.78718058268228,22.778030395507812,34.29025395711263,16.9036922454834,14.110600789388021,9.626297314961752,8.998635609944662,12.605374972025553,6.726891756057739,-1.1624366442362468,5.171131769816081,-0.606449286142985,0.8389720916748047,0.8801946640014648,0.8832291960716248,0.8704464038213094,0.8667102853457133,0.8224381804466248,0.8234932025273641,0.8326927423477173,0.8100514014561971,0.7682680487632751,0.746377189954122,0.793879230817159
0.0-0.25-0.0-0.75-0.25,0.08052390751739343,14740.776387396952,1239.3428519033293,0.0007284232796121634,2591.162109375,-369.07371012369794,170.27815755208334,31.78434880574544,10.257974982261658,13.719671249389648,17.646571159362793,10.996875445048014,8.898900667826334,9.091002464294434,7.756450812021892,6.024030685424805,6.251896063486735,5.9259257316589355,0.8133728305498759,0.8635146021842957,0.9182020227114359,0.9634978771209717,0.9998439351717631,0.9950753450393677,0.9480528831481934,0.9090387423833212,0.8684958616892496,0.8271059195200602,0.7732138435045878,0.7422751188278198
0.0-0.25-0.0-0.75-0.5,0.12318956603606541,727.6104281035686,4174.169290791416,0.024212442338466644,8842.96875,-69.2933832804362,102.16485087076823,-33.391143798828125,34.92818705240885,-8.214897493521372,31.899142583211262,-0.8323648770650228,6.895114739735921,-21.13703791300456,8.679480950037638,8.359500805536905,17.975212415059406,-11.778455098470053,0.2825310230255127,0.2589615484078725,0.22159086167812347,0.2566450784603755,0.3055375665426254,0.311149333914121,0.4193613976240158,0.5187265276908875,0.47098029653231305,0.6114327212174734,1.0,0.6341759165128072
0.0-0.25-0.0-0.75-0.75,0.1806477059920629,464.42021223986643,2819.448859657327,0.003804655668015281,6058.0078125,-128.06559244791666,121.76419576009114,-17.112940152486164,44.20418039957682,-11.806851228078207,8.934234539667765,-11.913863062858582,-0.4632321198781331,-2.6049594978491464,6.660402139027913,0.851823647816976,-0.7868131796518961,-7.027915318806966,0.18747035755465427,0.1606055252874891,0.1867837036649386,0.16558099926138917,0.16513032792136073,0.16685083244616786,0.12439819533998768,0.12369964535658558,0.1737408290306727,0.504136711359024,1.0,0.4939963022867839
0.0-0.25-0.25-0.0-0.0,0.09732275207837422,14733.333333333334,2352.3755722950536,0.004863390254030264,6079.541015625,-320.9639383951823,168.4972686767578,22.424832661946613,13.536518255869547,17.58833408355713,11.192583243052164,9.664654095967611,9.947454770406088,6.201999664306641,6.6251780192057295,5.726232528686523,4.588613351186116,4.932274421056111,0.8303587039311727,0.8818071087201437,0.9328267176946005,0.9633967677752177,0.9837087988853455,0.9891555309295654,0.9288780490557352,0.9064156214396158,0.826464851697286,0.7848852276802063,0.7846078276634216,0.7819900711377462
0.0-0.25-0.25-0.0-0.25,0.24860799312591553,701.9203259813188,3729.7243523955963,0.01193300619100531,8240.0390625,-48.91359329223633,107.22323354085286,-31.207335472106934,32.55474090576172,-17.25681797663371,15.492643356323242,-18.817222277323406,4.595483144124349,-14.773762385050455,9.203364372253418,5.089924017588298,27.351316452026367,20.281397819519043,0.16498473038276038,0.29970331490039825,0.3594843714187543,0.24976851418614388,0.26708165804545086,0.8314812481403351,0.6708243588606516,0.22827742248773575,0.10480885207653046,0.10236409741143386,0.08150931882361571,0.07089601084589958
0.0-0.25-0.25-0.0-0.5,0.09653330097595851,353.0624098010664,2450.3857264606527,0.004445853759534657,5203.857421875,-166.64879862467447,154.63312276204428,-8.167351404825846,29.55520757039388,-1.438595136006673,14.330181439717611,-2.870340665181478,5.652248760064443,-4.646361589431763,2.4761457443237305,2.329384764035543,7.280879974365234,3.4179296294848123,0.5733753244082133,0.5107170244057974,0.5361723899841309,0.49978529413541156,0.4516892333825429,0.4782167772452037,0.516367902358373,0.47745977838834125,0.5426295697689056,0.7760592897733053,0.9822775920232137,0.802306334177653
0.0-0.25-0.25-0.0-0.75,0.12667371332645416,763.5824183830315,4647.752776543802,0.021069564235707123,9309.521484375,-80.45014317830403,86.53226725260417,-41.02208391825358,33.28140195210775,-23.399635314941406,11.268784205118815,-24.03991762797038,12.088433901468912,0.3718569080034892,22.646679878234863,2.9381799697875977,26.36019770304362,8.150611797968546,0.20725967548787594,0.20678198213378587,0.21082007139921188,0.1900066783030828,0.35065821558237076,0.4951060563325882,0.5485231180985769,0.8194705247879028,0.5099288523197174,0.2757909993330638,0.2721731613079707,0.3003523734708627
0.0-0.25-0.25-0.25-0.0,0.08976637572050095,100.74382476839446,1571.8065581589383,0.0011852682170380528,2863.916015625,-207.8322296142578,203.2806142171224,-32.85099728902181,29.392443974812824,13.813419342041016,14.425809224446615,5.363764713207881,1.2632167339324951,-3.406561851501465,0.7108065560460091,-1.557456612586975,0.8399123946825663,5.799009124437968,0.6864734788735708,0.6383622388044993,0.5987633268038431,0.6956682801246643,0.7544603745142618,0.8644110163052877,0.8973941206932068,0.8889724413553873,0.8454847931861877,0.7772501707077026,0.6741315523783366,0.652150015036265
0.0-0.25-0.25-0.25-0.25,0.03767515905201435,545.6133171373755,3782.5614719704377,0.007482681462230782,8326.171875,-248.60747782389322,89.65212631225586,-33.761627197265625,35.55910110473633,-26.507335027058918,18.453868865966797,-16.4560391108195,12.622098286946615,-11.550376892089844,6.658573547999064,-9.133997678756714,6.120138645172119,-5.632359902064006,0.44906238714853924,1.0,0.500797837972641,0.1366301408658425,0.1248891125433147,0.15562899534900984,0.14386726263910532,0.152070092347761,0.1994911953806877,0.10056103765964508,0.07945544660712282,0.1445198723425468
0.0-0.25-0.25-0.25-0.5,0.25091520448525745,7416.666666666667,2117.558463015365,0.001860402951327463,4859.326171875,-123.5644048055013,148.38511657714844,-4.2592339515686035,41.31455103556315,1.7486209869384766,27.98264439900716,4.307984511057536,18.53578821818034,3.782200336456299,10.083790143330893,0.11399747431278229,2.792935768763224,-2.0531293153762817,0.9280170599619547,0.9292215704917908,0.8936643600463867,0.827746311823527,0.810880700747172,0.8024032115936279,0.8441440463066101,0.8206591407457987,0.8927764892578125,0.8936701416969299,0.8794861435890198,0.9235722422599792
0.0-0.25-0.25-0.25-0.75,0.04836210484306017,235.63362683229096,1758.842392475063,0.002423127093777566,3186.9140625,-321.9932149251302,180.50552876790366,-1.8409801721572876,10.526750206947327,14.470542907714844,8.92280109723409,8.55405338605245,5.049901008605957,5.479711135228475,2.7463759978612265,-1.1821876366933186,-1.8182570735613506,-1.9299394687016804,0.5557275911172231,0.37422920266787213,0.28389821263651055,0.26505140246202546,0.33074962099393207,0.33251189192136127,0.25145002578695613,0.2748705471555392,0.45761169493198395,0.7323938806851705,1.0,0.768892765045166
0.0-0.25-0.25-0.5-0.0,0.1452754164735476,106.42491445525036,4389.518949184825,0.027108169471224148,9453.076171875,-55.54889806111654,102.37553405761719,-25.01544189453125,32.695700327555336,-9.249727884928385,24.640138626098633,-17.963743845621746,2.2997284730275473,-2.200483957926432,22.47412109375,-1.6428826252619426,-0.44687779744466144,7.047214349110921,0.32706451912720996,0.35783563057581586,0.3114822655916214,0.7406678199768066,1.0,0.4351203441619873,0.33378850917021435,0.37268223365147907,0.34208988149960834,0.4576732913653056,0.3542213241259257,0.31172871589660645
0.0-0.25-0.25-0.5-0.25,0.15700367093086243,1729.6956830044285,3817.1194822421035,0.006001489663807054,7687.353515625,-132.27862294514975,87.3806978861491,-31.090686162312824,18.73287312189738,-8.70296319325765,26.45205561319987,2.5126039187113443,12.270092646280924,-9.579149802525839,5.236765464146932,16.246205647786457,23.992924372355144,-4.00037407875061,0.12276510498486459,0.11868596682325006,0.10877318292235334,0.10532332304865122,0.10953448122988145,0.10659550813337167,0.11254518091057737,0.12308969317624967,0.2765091309944789,1.0,0.3072703133026759,0.13350499980151653
0.0-0.25-0.25-0.5-0.5,0.01573507208377123,786.6963944175222,3753.186874718414,0.008385850116610527,8211.328125,-317.58542887369794,101.38488260904948,-35.98216565450033,27.759820302327473,-23.41455332438151,15.429240544637045,-22.158589680989582,7.32828950881958,-1.7584079504013062,27.13813082377116,18.056777318318684,30.751990000406902,10.330365498860678,0.06459521253903706,0.06848447273174922,0.1168508231639862,0.0874157181630532,0.0751486507554849,0.11335686966776848,0.3711286087830861,0.7440521667400996,0.5093283255894979,0.3294406632582347,0.3637299947440624,0.11962445204456647
0.0-0.25-0.25-0.5-0.75,0.007239277940243483,294.66260295081116,2134.285794080564,0.0036725819518323988,3990.8203125,-437.56982421875,170.8760986328125,-34.408141454060875,32.69554456075033,5.943848609924316,19.753964106241863,-1.642417589823405,13.4716583887736,3.5743584632873535,-2.753830353418986,2.6965710322062173,-2.204693019390106,-5.2086994250615435,0.8309645652770996,0.7758318384488424,0.78371528784434,0.7629679044087728,0.7930060227711996,0.8442514936129252,0.8212685187657675,0.8522852857907613,0.891863226890564,0.803129514058431,0.7454150517781576,0.8060953219731649
0.0-0.25-0.25-0.75-0.0,0.15680652360121408,103.55646526448947,1780.135014339053,0.0009281537495553493,3746.77734375,-182.6392059326172,168.6696573893229,-4.528558095296224,32.35307312011719,-2.800995667775472,25.909265518188477,4.38345201810201,9.926637967427572,-0.5228885014851888,12.464214166005453,3.5018929640452066,5.732946912447612,5.6353981494903564,0.7568166851997375,0.71669469277064,0.6501847902933756,0.6698024968306223,0.7471043268839518,0.8305613001187643,0.779148797194163,0.7017883857091268,0.6962580482165018,0.6939504345258077,0.7448216676712036,0.7876778642336527
0.0-0.25-0.25-0.75-0.25,0.2633290688196818,625.5976095741407,3302.9495136023797,0.008043383713811636,7292.578125,-31.07058270772298,119.53635152180989,-29.785316467285156,28.79067611694336,-16.94969590504964,13.328037917613983,-14.013409773508707,7.159253438313802,-8.761816680431366,7.874146302541097,-0.4163867235183716,10.887640476226807,11.042141199111938,0.3692717105150223,0.4707404573758443,0.6074513445297877,0.5864368875821432,0.7293147146701813,0.6296623225013415,0.2776157098511855,0.2393180082241694,0.2583090191086133,0.2778907058139642,0.2867698594927788,0.33894234399000805
0.0-0.25-0.25-0.75-0.5,0.040601631005605064,7416.666666666667,2917.554179736795,0.024134602751170558,6904.98046875,-268.1592966715495,157.2769775390625,0.2481683095296224,16.3282634417216,6.584718068440755,11.165276616811752,-2.36268558104833,-1.3651167551676433,3.210691054662069,6.874716440836589,5.168611844380696,3.7850833733876548,0.4825628598531087,0.7001621723175049,0.8812581300735474,0.9167224168777466,0.8147503932317098,0.7828810513019562,0.7598351538181305,0.738592118024826,0.7321077386538187,0.7537924647331238,0.691256711880366,0.6685537695884705,0.6384254495302836
0.0-0.25-0.25-0.75-0.75,0.09191275512178738,22050.0,1970.6581428577117,0.002819597199418341,4909.5703125,-337.93382263183594,102.51327006022136,30.96886698404948,31.67392921447754,23.510308583577473,20.772817611694336,16.530785242716473,13.983209927876791,11.243440628051758,9.35429827372233,7.534005482991536,6.2870917320251465,5.289511998494466,0.8173596064249674,0.8682003815968832,0.9243040283521017,0.9687706033388773,0.9982109864552816,0.9919089674949646,0.9470540086428324,0.9069448312123617,0.8633381326993307,0.8154388864835104,0.7618560791015625,0.7414279778798422
0.0-0.25-0.5-0.0-0.0,0.2043715367714564,14733.333333333334,1993.8674142929206,0.002292341348947957,4292.28515625,-161.33019002278647,151.57915751139322,9.553459803263346,38.046277364095054,4.121528307596843,21.66793950398763,2.80890687306722,13.16389242808024,4.295012106498082,10.861151218414307,5.548521598180135,7.832207043965657,4.287477016448975,0.8926857511202494,0.9143189191818237,0.8881626923878988,0.8867034912109375,0.9535230398178101,0.933514138062795,0.8040006359418234,0.7512032190958658,0.7405730883280436,0.7837393482526144,0.7967136899630228,0.8182493448257446
0.0-0.25-0.5-0.0-0.25,0.12185428788264592,980.4276259204944,5143.229271202534,0.01577820007999738,10228.271484375,-116.32051849365234,62.39289347330729,-36.61168607076009,20.163577397664387,-34.70105107625326,8.667757352193197,-9.795306523640951,37.25210444132487,19.445777893066406,26.565701802571613,-2.7465078035990396,2.647895177205404,-15.066362063090006,0.42551634709040326,0.3758940336604913,0.1945058566828569,0.21003759652376175,0.07067787647247314,0.07846277455488841,0.3816937406857808,0.1208651711543401,0.05262706118325392,0.09639911974469821,0.29398027062416077,0.8022326827049255
0.0-0.25-0.5-0.0-0.5,0.18842392166455588,7416.666666666667,1160.4008401919925,0.0004144958960144625,1873.388671875,-239.60543314615884,179.0645955403646,25.973711093266804,29.266375223795574,11.004054069519043,19.255809148152668,4.061805725097656,10.75945790608724,3.6628448168436685,9.97810141245524,5.573710600535075,8.032500584920248,3.2960333029429116,0.7241730093955994,0.7914596001307169,0.8564009269078573,0.9041899840037028,0.9667925437291464,0.9782078862190247,0.8689531485239664,0.8133714199066162,0.8392850557963053,0.8311349550882975,0.7812951405843099,0.7201575835545858
0.0-0.25-0.5-0.0-0.75,0.032879882181684174,439.1753917626334,1715.3926123152542,0.0015545475130238628,2928.515625,-361.7937927246094,166.31959025065103,-17.452787001927693,15.55606206258138,13.673396428426107,5.4055338104565935,0.8690686225891113,-3.3991780281066895,-7.390740990638733,-11.420716285705566,-5.7158119678497314,-4.845380038643877,-3.1734733978907266,0.06148432148620486,0.05849177949130535,0.04457436564067999,0.06204918120056391,0.16031849632660547,0.08464941817025344,0.06140559523676833,0.12822149973362684,0.466811199982961,1.0,0.6483230888843536,0.15788129655023417
0.0-0.25-0.5-0.25-0.0,0.10383244355519612,7608.495524586181,2453.1886976210026,0.006822780186970097,5577.099609375,-190.14615122477213,147.12276713053384,-21.6008243560791,40.26666831970215,-8.383661389350891,20.164196968078613,-3.020851453145345,10.245216369628906,-3.209477424621582,3.556752840677897,-0.818092147509257,2.77126415570577,0.29250303904215497,0.5926326811313629,0.6994375387827555,0.6908541520436605,0.6470044503609339,0.640941709280014,0.7978715101877848,0.9788815379142761,0.7997111678123474,0.6132337848345438,0.5746262421210607,0.5332239344716072,0.5627527410785357
0.0-0.25-0.5-0.25-0.25,0.009857208468019962,7485.499267561671,1366.0615934566495,0.0011949239627332038,2648.583984375,-478.1135559082031,200.3880869547526,-19.18258309364319,33.452676137288414,4.823526541392009,12.625237464904785,5.173654476801555,8.606486002604166,6.56728998819987,7.443782488505046,5.600854992866516,1.4272194703420003,0.5141427516937256,0.4573694219191869,0.4712174932161967,0.5518314441045126,0.6371031403541565,0.7837914625803629,0.8880821665128072,0.8723238507906595,0.8722515900929769,0.9034547805786133,0.8258534471193949,0.5895132124423981,0.4685852626959483
0.0-0.25-0.5-0.25-0.5,0.06174094726641973,120.20956084382844,1735.877333256038,0.0017913195988512598,3789.84375,-347.13890584309894,143.42691040039062,22.952014287312824,35.184061686197914,6.817374547322591,21.40597979227702,3.14178737004598,14.274950663248697,3.8289478619893393,10.462910016377768,3.436661958694458,8.210317929585775,3.0464309056599936,0.8372414708137512,0.8370529015858968,0.8032360672950745,0.7417815128962199,0.6684538424015045,0.6181095043818156,0.6778078079223633,0.769723912080129,0.8117688298225403,0.8018965721130371,0.8225670655568441,0.8211857676506042
0.0-0.25-0.5-0.25-0.75,0.030919432019193966,197.05360616891394,1078.3455383515782,0.0007466623023570188,1851.85546875,-425.65892537434894,214.20209248860678,9.940935611724854,-2.0533151626586914,16.130841573079426,8.58888610204061,9.937936147054037,6.527750174204509,0.5903626283009847,4.850831866264343,5.06694769859314,3.3635776042938232,2.6667505900065103,0.08521996422981222,0.09617445183296998,0.22800070544083914,0.24652464191118875,0.2764621476332347,0.42844268679618835,0.656906247138977,1.0,0.8324649930000305,0.5665999054908752,0.2773573100566864,0.1525094136595726
0.0-0.25-0.5-0.5-0.0,0.12979539732138315,6256.991813009053,4865.203285489478,0.0067253570693234606,9302.34375,-154.50614420572916,74.12613169352214,-7.426600083708763,46.32654571533203,-11.218847433725992,26.4678529103597,15.617650349934896,18.012616952260334,3.5533629258473716,16.98621193567912,-21.05668767293294,-1.977944592634837,-3.6842724482218423,0.12094369313369195,0.10134323127567768,0.11817437782883644,0.18705641105771065,0.28184423968195915,0.3684810046106577,0.5650180280208588,0.8383574684460958,0.12543019900719324,0.07670552283525467,0.061801703025897346,0.060022173915058374
0.0-0.25-0.5-0.5-0.25,0.09970292697350185,10478.18906436318,2323.6948399756225,0.0033869607259475742,5404.833984375,-277.3172912597656,132.2226104736328,16.410466988881428,40.36560821533203,7.937115987141927,15.129682858784994,9.607738653818766,15.116545677185059,1.5138756434122722,2.2151978810628257,9.616309801737467,1.9092578093210857,4.1799233456452685,0.8064773480097452,0.9040930271148682,0.9330870310465494,0.9342180291811625,0.9654438893000284,0.9634388486544291,0.9130969246228536,0.865856389204661,0.8269480268160502,0.7925710082054138,0.7454018990198771,0.7315886616706848
0.0-0.25-0.5-0.5-0.5,0.15562650561332703,170.28160743115632,2760.2779439186647,0.006363105416918795,6101.07421875,-103.39227294921875,139.26129404703775,-20.44056749343872,35.146949768066406,-11.612162311871847,18.809598286946613,-7.297162055969238,13.60257339477539,-3.598019560178121,15.733908653259277,2.796885331471761,12.868546803792318,3.2885682185490928,0.522664874792099,0.4949662983417511,0.5319724132617315,0.4984959463278453,0.4739010234673818,0.4322059154510498,0.38605721791585285,0.6537037193775177,0.809585283199946,0.4700710376103719,0.5587266186873118,0.5889901220798492
0.0-0.25-0.5-0.5-0.75,0.0668515997628371,544.7646590079515,2390.427964568869,0.0027392632691771723,4292.28515625,-245.46629333496094,143.06500244140625,-62.40539805094401,32.19683106740316,-7.615492502848308,12.200578848520914,0.34042175610860187,3.947500228881836,-6.611419598261516,-2.5476798017819724,-8.547328313191732,-7.386654615402222,-3.116550922393799,0.2936447858810425,1.0,0.4253983497619629,0.06289626657962799,0.041860876604914665,0.08718455707033475,0.027694362836579483,0.05495152870814005,0.2811330457528432,0.09858006859819095,0.03868978098034859,0.07322421483695507
0.0-0.25-0.5-0.75-0.0,0.19855667153994241,14733.333333333334,1728.461281530602,0.0008008104208177732,3725.244140625,-229.12796020507812,148.61096700032553,14.470889727274576,54.40745544433594,10.370844205220541,12.330862998962402,-13.54504362742106,18.033863067626953,19.13883050282796,11.903165817260742,-5.734348138173421,5.765072186787923,2.6395899454752603,0.8331944147745768,0.8751361966133118,0.9286973675092062,0.9711340467135111,1.0,0.9903709292411804,0.9396500786145529,0.9025529225667318,0.8646213809649149,0.8234133323033651,0.7764366070429484,0.7621137499809265
0.0-0.25-0.5-0.75-0.25,0.023206741859515507,22050.0,1717.6014419810351,0.0012470344557188502,4105.6640625,-532.442128499349,94.80164082845052,24.446194966634113,26.85696792602539,20.600894927978516,19.68673261006673,17.000094095865887,15.68021043141683,13.872497717539469,12.680567423502604,11.35330581665039,10.37006107966105,9.344552516937256,0.8073914249738058,0.8627017140388489,0.9214484691619873,0.9688647786776224,0.9991875489552816,0.9966090718905131,0.9634655515352885,0.9237653017044067,0.8757169246673584,0.8204434911410013,0.7588237325350443,0.7324736515680949
0.0-0.25-0.5-0.75-0.5,0.19750374058882395,100.0,2238.726384151736,0.003367831581272185,4909.5703125,-119.74353535970052,155.35308837890625,-11.840143203735352,39.34469668070475,-4.1579844156901045,25.65704854329427,-2.30672550201416,13.474814136823019,-0.25251468022664386,11.71786880493164,-2.4009716709454856,6.739264170328776,-0.730384349822998,0.5747110346953074,0.5765447318553925,0.6154010693232218,0.6593205134073893,0.7047979036966959,0.8161435723304749,0.9238242109616598,0.8662362297375997,0.7464113831520081,0.6620925664901733,0.5601162115732828,0.5689013302326202
0.0-0.25-0.5-0.75-0.75,0.2201625257730484,100.0,2446.3400805870456,0.0027476598819096885,5699.12109375,-100.02508544921875,144.47544860839844,-5.8301864465077715,36.58671887715658,-4.1901328563690186,24.274140040079754,-0.5547519127527872,12.98176638285319,-0.6397521297136942,9.958141009012857,0.4495622714360555,5.0914910435676575,1.6904232601324718,0.7503349383672079,0.7663287321726481,0.8673117359479269,0.9441125591595968,0.9345634380976359,0.7791433731714884,0.7218102018038431,0.6486170689264933,0.6445854703585306,0.6503579616546631,0.660435954729716,0.7112141152222952
0.0-0.25-0.75-0.0-0.0,0.060241084545850754,570.8098404078772,3916.030341688758,0.0059404021594673395,8706.591796875,-220.4638875325521,79.31990814208984,-29.819028854370117,32.050963401794434,-17.96483540534973,24.031593958536785,-18.681337356567383,8.48406712214152,-10.967235962549845,1.7762444814046223,-15.535373051961264,2.370031197865804,-0.2172571818033854,0.08966388832777739,0.38216577967007953,1.0,0.3486167291800181,0.0673561862980326,0.05282710989316305,0.06842052688201268,0.044237439365436636,0.067783422768116,0.17066244532664618,0.06846571279068787,0.05316941346973181
0.0-0.25-0.75-0.0-0.25,0.012073048545668522,179.2460591416475,2823.6389359968066,0.005508069686281185,6388.18359375,-439.47878011067706,133.67965698242188,18.092852036158245,44.82585144042969,-3.959892908732096,16.10163116455078,-4.143791834513347,8.915181318918863,-1.5605254173278809,15.779338200887045,-4.296031951904297,8.767562866210938,2.6005513668060303,0.3844577372074127,0.43310412764549255,0.6028181513150533,0.68250705798467,0.8390127420425415,0.8475910425186157,0.692460318406423,0.41416190067927044,0.28596921761830646,0.25342822323242825,0.26745619376500446,0.31616953015327454
0.0-0.25-0.75-0.0-0.5,0.13692725698153177,207.71703693565914,1821.9601890049173,0.002514657040592283,3631.93359375,-166.40404256184897,176.39071655273438,-20.612724145253498,33.23519070943197,-3.8916786511739097,17.28074272473653,2.498741706212362,8.708374420801798,-0.44690219561258954,1.7755910555521648,-3.5303630034128823,2.791365106900533,3.144742488861084,0.8313455780347189,0.7557802597681681,0.8684709866841634,0.5756484866142273,0.41775132715702057,0.4558544208606084,0.43619638681411743,0.4488079597552617,0.46075066924095154,0.4829536626736323,0.5932854811350504,0.7311156094074249
0.0-0.25-0.75-0.0-0.75,0.037309300154447556,107.18868420796377,2942.1205342578687,0.008250588628773889,6574.8046875,-229.36075337727866,139.82528177897134,-15.066296656926474,30.678237279256184,-9.325226267178854,17.210181554158527,-5.882680575052897,8.51011323928833,-3.662368337313334,6.772011439005534,0.256004273891449,5.405623078346252,7.67397936185201,0.6519728899002075,0.8864513039588928,0.9552015066146851,0.666618824005127,0.6003301739692688,0.5826437970002493,0.596573124329249,0.6459830005963644,0.6411392390727997,0.6581678440173467,0.6463332772254944,0.5808980166912079
0.0-0.25-0.75-0.25-0.0,0.010757550907631716,104.3910310448728,2930.9353962449045,0.007013380139445265,7062.890625,-363.0264587402344,138.54340362548828,-0.19763843218485513,33.39553769429525,-10.257697979609171,19.219570795694988,-4.269086201985677,9.9777619043986,-6.18454151848952,10.097936948140463,1.3739320437113445,9.898780028025309,11.314550399780273,0.5846560994784037,0.5934378802776337,0.5507660011450449,0.6305906176567078,0.9006576140721639,0.9970072706540426,0.8344353040059408,0.7960341175397238,0.6636208991209666,0.639812688032786,0.5740407804648081,0.5296002328395844
0.0-0.25-0.75-0.25-0.25,0.09393414358297984,2232.4567842566707,4352.3126157257075,0.011905802957092723,9316.69921875,-167.3125457763672,89.05528767903645,-6.7418365478515625,34.37450154622396,-3.4816476504007974,12.424497683842977,5.260454336802165,18.37048403422038,1.4226630528767903,24.833800951639812,6.2492062250773115,1.2549816767374675,3.7353681723276773,0.4079657047986984,0.41193849345048267,0.38157592838009197,0.3830728481213252,0.9329264561335245,0.5385577579339346,0.2672208460668723,0.2835424443085988,0.2828287122150262,0.29924962669610977,0.41840095321337384,0.4131805698076884
0.0-0.25-0.75-0.25-0.5,0.1287127062678337,2914.4702164994746,6084.233233137216,0.009803769741362581,10824.0234375,-172.19278462727866,16.072505315144856,-21.965108553568523,46.172325134277344,-2.782907485961914,28.277210235595703,-19.08879280090332,9.96495246887207,9.479454040527344,10.978148142496744,-21.26602617899577,6.631594657897949,19.508143107096355,0.016133814739684265,0.07166523983081181,0.029550295944015186,0.012827487041552862,0.013992384541779757,0.16685030857721964,1.0,0.17350423832734427,0.0139088723808527,0.011434505383173624,0.006993585654223959,0.006661541643552482
0.0-0.25-0.75-0.25-0.75,0.10262026886145274,22050.0,2049.6186002241607,0.0022714187361998484,4615.283203125,-229.49886067708334,154.62948099772134,6.003339370091756,40.73312123616537,-2.803908665974935,4.041334788004558,1.5392632484436035,14.630085945129395,4.217991193135579,10.753957112630209,10.376553058624268,3.58854087193807,-5.963845729827881,0.6794359882672628,0.748297393321991,0.8168943723042806,0.8960451285044352,0.9475090305010477,0.9331298271814982,0.887727677822113,0.844001571337382,0.8034096360206604,0.7995311816533407,0.7728747526804606,0.6811025738716125
0.0-0.25-0.75-0.5-0.0,0.1345976119240125,142.08408076207422,1545.9192482886926,0.0012771419432813975,3021.826171875,-262.6853281656901,179.51014709472656,40.556772232055664,24.89805316925049,18.756067276000977,12.614312489827475,11.44778823852539,11.66780153910319,7.6225442091623945,5.578702926635742,2.264554262161255,1.1704300045967102,3.4653060833613076,0.9382751981417338,0.9146778782208761,0.9405937592188517,0.8755454619725546,0.6995309690634409,0.5761992534001669,0.45906726519266766,0.45237193008263904,0.4399468998114268,0.452283372481664,0.5806909004847208,0.7984346151351929
0.0-0.25-0.75-0.5-0.25,0.06832643349965413,5644.615921413155,4071.6362905157134,0.003934500700173278,9618.1640625,-231.25100708007812,104.24903106689453,6.302863081296285,49.659741719563804,-16.903809865315754,24.145307540893555,8.065083622932434,19.553614298502605,-14.117399215698242,28.030546188354492,-3.13105046749115,-4.631641228993733,13.93383518854777,0.2001270353794098,0.24305684367815653,0.29359307885169983,0.2563845217227936,0.36031358937422436,0.7903887828191122,0.5452213784058889,0.5351949234803518,0.2573183129231135,0.19780299067497253,0.18342734376589456,0.18789168198903403
0.0-0.25-0.75-0.5-0.5,0.09339329103628795,7416.666666666667,2488.874809216468,0.0032889397892480097,5835.498046875,-242.96058146158853,137.3357137044271,6.397193908691406,33.992994944254555,5.22346305847168,21.29168637593587,4.243205388387044,13.980951627095541,3.228306531906128,9.343108495076498,2.707008719444275,6.778078556060791,2.614366720120112,0.967411994934082,0.9268797039985657,0.87274036804835,0.8267680803934733,0.7727724313735962,0.7361570199330648,0.7423180937767029,0.7918092608451843,0.7719719012578329,0.8100862701733907,0.8053606947263082,0.8297776778539022
0.0-0.25-0.75-0.5-0.75,0.24700322250525156,14733.333333333334,1881.315672673513,0.001984028654457385,4220.5078125,-180.67741902669272,177.77160135904947,13.78897762298584,16.50146198272705,15.119552294413248,11.178271770477295,11.894792238871256,7.955758412679036,7.003754774729411,6.255204995473226,4.516202688217163,5.024257818857829,4.290079514185588,0.9501794576644897,0.9037730892499288,0.8268548448880514,0.780498743057251,0.7292473117510477,0.7021036545435587,0.722083568572998,0.7672879298528036,0.8595398465792338,0.8900000254313151,0.8511797785758972,0.8632204532623291
0.0-0.25-0.75-0.75-0.0,0.19955408573150635,100.0,2266.3301996854066,0.0030534237739630044,4931.103515625,-126.46126556396484,155.66234334309897,6.694955825805664,32.66209411621094,-3.4175960222880044,10.22356096903483,-1.8727906545003254,11.28670891125997,1.56485382715861,4.212165753046672,3.8218464056650796,4.493319272994995,0.10685835282007854,0.6849899391333262,0.7027046283086141,0.7488583326339722,0.7953420877456665,0.8032290736834208,0.8314664959907532,0.941100021203359,0.8563705881436666,0.660132090250651,0.6073863903681437,0.6887650489807129,0.7002379695574442
0.0-0.25-0.75-0.75-0.25,0.09074877699216206,100.0,2844.6987580540604,0.007117290748283267,6732.71484375,-156.70886739095053,143.05091857910156,-5.46156120300293,40.232949574788414,-5.248695691426595,23.8310645421346,-5.3942939440409345,12.118397235870361,-7.886556466420491,5.380069573720296,-4.117562373479207,7.960132936636607,-0.02558376391728719,0.6026723484198252,0.6144402821858724,0.585453987121582,0.6310137510299683,0.8112436532974243,0.9524073998133341,0.9647927085558573,0.7319240967432658,0.5903971195220947,0.5539365112781525,0.6087429722150167,0.5866317848364512
0.0-0.25-0.75-0.75-0.5,0.1612913360198339,106.4864714340668,1902.4543044643108,0.0026434664274953925,3840.087890625,-178.17310078938803,170.59568786621094,11.222134908040365,24.38239097595215,-8.768670757611593,23.98778470357259,-7.0804985364278155,3.349495013554891,11.126962343851725,6.834293683369954,9.107490539550781,9.020219643910727,3.1395798524220786,0.982256273428599,0.8492440780003866,0.778166651725769,0.6613753437995911,0.6283483902613322,0.6298046807448069,0.7668186823527018,0.731900175412496,0.7056637207667033,0.812778890132904,0.7858075102170309,0.9034769733746847
0.0-0.25-0.75-0.75-0.75,0.06404188709954421,22050.0,1539.9576321415564,0.0009168157499856259,3402.24609375,-424.05535888671875,103.24858093261719,32.964195251464844,34.489997227986656,26.53953679402669,23.525135040283203,18.69542407989502,15.455998738606771,12.128800392150879,9.908147176106771,8.057297865549723,7.004504521687825,6.264848709106445,0.77408500512441,0.8356572786966959,0.9035144050916036,0.959882934888204,0.9973450700441996,0.9938138723373413,0.9446822802225748,0.8956285516421,0.8397880593935648,0.7790161569913229,0.7143925627072653,0.691464364528656
0.0-0.5-0.0-0.0-0.0,0.013034216438730558,597.6751120970196,1535.112794036435,0.00036141939320562716,2397.36328125,-461.75011189778644,190.15583292643228,-36.955894470214844,8.95583709081014,2.952958067258199,2.656383514404297,6.107822746038437,1.8162147204081218,-7.881258010864258,-6.981048742930095,-5.473401109377543,-3.9144487380981445,11.50803311665853,0.06710869275654356,0.30961811542510986,1.0,0.39145179589589435,0.06762424142410357,0.044236346147954464,0.04747391430040201,0.0376661775711303,0.05604813930888971,0.1782854050397873,0.0739778180917104,0.044702641859961055
0.0-0.5-0.0-0.0-0.25,0.10789596041043599,14733.333333333334,1759.081618081549,0.001393610897821418,4026.708984375,-290.41811116536456,169.56567891438803,2.276054541269938,26.575876871744793,13.523196538289389,14.122848987579346,9.894656101862589,9.759809176127115,6.758462031682332,7.795371850331624,4.632161935170491,6.546709696451823,3.908992608388265,0.828886866569519,0.8189199169476827,0.8741530974706014,0.8940566579500834,0.8887461225191752,0.9163253307342529,0.8922924995422363,0.8553170959154764,0.8578073978424072,0.8381321628888448,0.8430487116177877,0.8124477664629618
0.0-0.5-0.0-0.0-0.5,0.0183269497162352,22050.0,1320.351189943711,0.00116887630017883,2634.228515625,-619.5173848470052,97.93292744954427,27.49262809753418,29.76590410868327,23.340829849243164,22.2872257232666,19.58726628621419,18.46036720275879,17.03759749730428,16.276769002278645,15.224374771118164,14.258317788441977,13.077528953552246,0.7850893338521322,0.8562350670496622,0.9210872451464335,0.9719918966293335,0.9999710520108541,0.989268958568573,0.9433666467666626,0.8925121029218038,0.8351136644681295,0.7762789924939474,0.7164823611577352,0.6942833264668783
0.0-0.5-0.0-0.0-0.75,0.027619366844495136,7416.666666666667,843.9661323547971,0.00022867585600276166,1162.79296875,-429.2090657552083,222.73821512858072,18.88709568977356,12.944944381713867,10.986833254496256,13.058293342590332,10.942588170369467,7.4469278653462725,7.538255055745442,5.360845724741618,5.422404130299886,4.446314175923665,3.9927857716878257,1.0,0.9077590703964233,0.8440887133280436,0.8099242051442465,0.7573501070340475,0.7050444086392721,0.7174802422523499,0.7514179746309916,0.7527151803175608,0.807703693707784,0.8635403513908386,0.9532586932182312
0.0-0.5-0.0-0.25-0.0,0.1662701666355133,760.9300502167548,4103.574488037237,0.005667736520990729,8677.880859375,-105.72262318929036,71.04371643066406,-36.1082763671875,25.11332352956136,-37.94735336303711,10.303764899571737,-24.582591374715168,10.250889460245768,-4.14074985186259,20.621249834696453,11.323394934336344,36.681450525919594,28.30596987406413,0.027293118958671887,0.08539705226818721,0.04224792247017225,0.023985135679443676,0.05047506342331568,0.3286400189002355,1.0,0.43464545408884686,0.05442006575564543,0.024079541365305584,0.03256064156691233,0.015302689125140509
0.0-0.5-0.0-0.25-0.25,0.09211941808462143,606.8633474087668,1661.0140215136505,0.0009251270925669056,2476.318359375,-310.45476786295575,165.1352793375651,0.8898506164550781,0.7379719018936157,-4.035501718521118,-9.208205858866373,-11.199164231618246,-16.324944178263348,-13.666268348693848,-7.602637926737468,-1.9187521735827129,4.974706967671712,12.362286885579428,0.0209140392835252,0.05669746889422337,0.4025981475909551,1.0,0.4635956684748332,0.055228374898433685,0.016753748258148942,0.011338154979360601,0.009155550472011479,0.010482062818482518,0.02181841650356849,0.016432002962877352
0.0-0.5-0.0-0.25-0.5,0.043436204393704735,100.0,2695.901401975837,0.00471428226834784,6359.47265625,-245.0525105794271,140.98003641764322,-4.74735148747762,38.2411740620931,-3.739623705546061,22.480084737141926,-0.25382999579111737,16.740143458048504,0.6649951934814453,7.820586363474528,-1.02665110429128,6.833313624064128,0.45564796527226764,0.5825013518333435,0.5112289786338806,0.6207131346066793,0.752413809299469,0.879085640112559,0.9480522871017456,0.914670447508494,0.7896719773610433,0.6979760924975077,0.7696694135665894,0.7579001386960348,0.6929829716682434
0.0-0.5-0.0-0.25-0.75,0.10514102131128311,2593.8043985909585,6994.615240008385,0.01613886165432632,12288.28125,-177.96270243326822,2.7726991971333823,-40.84478251139323,24.582913080851238,-19.99352464079857,12.715310414632162,-19.387739817301433,19.489442825317383,4.389298677444458,13.803777058919271,-7.804314931233724,16.03316593170166,-9.956422011057535,0.034351595056553684,0.029447329851488274,0.03673084359616041,0.08315022801980376,0.027956645314892132,0.023139212590952713,0.019093898745874565,0.1616741120815277,1.0,0.18011209865411124,0.03673928355177244,0.03157016262412071
0.0-0.5-0.0-0.5-0.0,0.05851101999481519,104.62288974907881,1286.1220062256027,0.0008378590121083107,1873.388671875,-382.7480977376302,195.43819681803384,13.238192558288574,17.66573715209961,15.561042785644531,9.333118120829264,11.461712519327799,6.547647953033447,7.242437362670898,5.171933015187581,4.645285447438558,5.065985997517903,4.138354063034058,0.7603402435779572,0.7837246855099996,0.8614256183306376,0.917336126168569,0.8590418299039205,0.8672019441922506,0.8460900982220968,0.800652027130127,0.7648598353068033,0.7156482934951782,0.6977882583936056,0.7036851048469543
0.0-0.5-0.0-0.5-0.25,0.0039490888981769485,22050.0,1726.3366053946302,0.0012935484165754,4134.375,-704.6718241373698,95.04601542154948,24.6640625,27.032471974690754,20.721534093221027,19.743803024291992,16.989686012268066,15.602996826171875,13.733611901601156,12.489343802134195,11.121770858764648,10.11239751180013,9.075934727986654,0.8118378122647604,0.8659035364786783,0.9233629107475281,0.9695924123128256,0.9991622765858968,0.9962496360143026,0.9632467230161031,0.9244608084360758,0.8777693311373392,0.8238557577133179,0.7633892695109049,0.737623910109202
0.0-0.5-0.0-0.5-0.5,0.0010322205489501357,22050.0,1746.398692776506,0.0013951485119937008,4198.974609375,-835.0056762695312,94.50622431437175,24.17330551147461,26.616714477539062,20.404137929280598,19.53751564025879,16.90055783589681,15.628966649373373,13.866191864013672,12.714325110117594,11.421968619028727,10.46416187286377,9.450528780619303,0.8140596151351929,0.8670781453450521,0.9239480296770731,0.9697533448537191,0.9991850256919861,0.9960843125979105,0.9627753893534342,0.9244196017583212,0.8785073757171631,0.8254834413528442,0.7657631039619446,0.7404869198799133
0.0-0.5-0.0-0.5-0.75,0.13937737792730331,103.44673547123817,1384.4216688096528,0.0016445139529726778,2627.05078125,-199.37254333496094,212.30550638834634,-22.469583829243977,20.009538332621258,3.215458552042643,22.146969159444172,16.78466288248698,7.414987564086914,1.2640382448832195,0.3686983585357666,-1.8663614590962727,-0.4103553692499797,-0.02104473114013672,0.937620480855306,0.9272212982177734,0.9814882079760233,0.8122661908467611,0.689826766649882,0.6211659212907156,0.6017605264981588,0.6042618950208029,0.6906822125116984,0.7526991168657938,0.7312501271565756,0.7652453581492106
0.0-0.5-0.0-0.75-0.0,0.1658479074637095,100.0,2037.6997085568894,0.001727641133281092,4148.73046875,-133.992312113444,169.88239542643228,-35.62005170186361,38.161865234375,-4.925763448079427,14.877206802368164,-0.8877694606781006,6.938162565231323,8.444953421751658,17.44655688603719,15.602289199829102,15.969834327697754,7.306433041890462,0.4868563612302144,0.5493813753128052,0.6414554218451182,0.7072633504867554,0.7638012369473776,0.8127011557420095,0.7097167472044627,0.6178643604119619,0.6003716190656027,0.8437506357828776,0.7390316923459371,0.5138292610645294
0.0-0.5-0.0-0.75-0.25,0.15528522431850433,106.8668944639599,1940.971399206938,0.0015736904218404864,4443.017578125,-142.79164377848306,180.06909688313803,-19.847636540730793,44.479148864746094,-6.716344515482585,25.349796295166016,-0.7062855958938599,11.357073307037354,-5.674564679463704,15.73216724395752,-9.924262046813965,7.060489177703857,-0.7864106496175131,0.8736744523048401,0.8949568867683411,0.7910524010658264,0.8881847858428955,0.8680923779805502,0.8097111582756042,0.8141595721244812,0.7642509738604227,0.7972857356071472,0.7704964280128479,0.7745795647303263,0.8148071964581808
0.0-0.5-0.0-0.75-0.5,0.08905370285113652,22050.0,1698.3218559564884,0.0014908070588717237,3667.822265625,-264.16392517089844,167.35558064778647,-8.791295528411865,43.622633616129555,3.67197847366333,19.47062619527181,7.549973646799724,8.977741400400797,7.441479682922363,6.445300420125325,8.717637538909912,7.08283273379008,7.667810440063477,0.8911901712417603,0.957538902759552,0.9646819233894348,0.8944313327471415,0.8510091702143351,0.797497828801473,0.729377547899882,0.6853596369425455,0.6451252500216166,0.6587120691935221,0.7306893467903137,0.8167776068051656
0.0-0.5-0.0-0.75-0.75,0.14847749968369803,14733.333333333334,2067.5751378455875,0.004145647162772548,5002.880859375,-234.07014973958334,167.2822723388672,31.74818738301595,19.983585993448894,18.330893516540527,13.11693255106608,9.770909627278646,9.48062515258789,6.519373257954915,6.58906888961792,6.122396310170491,4.640006383260091,3.6007514794667563,0.8822293877601624,0.8479794263839722,0.8075098594029745,0.834323525428772,0.8977346022923788,0.8824378252029419,0.8257889548937479,0.8365914424260458,0.8722895582516988,0.8739242951075236,0.8562266627947489,0.8688772320747375
0.0-0.5-0.25-0.0-0.0,0.16634432474772134,14733.333333333334,2032.9869169755723,0.0016828740554046817,4349.70703125,-195.40099589029947,141.0064951578776,7.768076221148173,28.924090067545574,8.697996457417807,17.824857076009113,7.2647786140441895,10.714810053507486,6.526929537455241,6.939889430999756,5.778185844421387,4.926212151845296,5.288400808970134,0.8701184590657552,0.9057776729265848,0.9282233317693075,0.9462024370829264,0.9422969023386637,0.9338844418525696,0.9224240183830261,0.9172150691350301,0.9058386087417603,0.8894131978352865,0.8514389793078104,0.8127729694048563
0.0-0.5-0.25-0.0-0.25,0.06022971744338671,182.44423948750577,2882.349544037124,0.006115713389590383,6373.828125,-172.85914103190103,143.60323588053384,-20.87374496459961,34.18742815653483,-14.549836794535318,17.21384843190511,-13.550337791442871,9.780833880106607,-9.66097100575765,5.683960755666097,-5.646936734517415,2.344994386037191,1.102395385503769,0.8014014959335327,0.9651118119557699,0.6856631835301717,0.47629406054814655,0.7152834534645081,0.5626952350139618,0.3628691906730334,0.42056411256392795,0.42860554655392963,0.3276161476969719,0.3435945188005765,0.5115455885728201
0.0-0.5-0.25-0.0-0.5,0.011262009541193644,378.1388442722378,3501.781109536119,0.012933927277723948,7629.931640625,-318.70375569661456,128.40878295898438,-30.655114491780598,30.581675211588543,-22.299000422159832,18.591057459513348,-10.620864748954773,15.140337944030762,-10.17215863863627,7.5517299969991045,-16.041847229003906,-3.1909294923146567,-13.288594563802084,0.4154876172542572,0.5286725958188375,0.7271458506584167,0.5482173462708791,0.545907586812973,0.7083100279172262,0.8304598530133566,0.6727378070354462,0.496408407886823,0.34619102875391644,0.32704941431681317,0.3270198702812195
0.0-0.5-0.25-0.0-0.75,0.01401826273649931,247.19870823418424,2679.9066793336065,0.0050928955897688866,6065.185546875,-338.5113220214844,146.19709269205728,-9.617156664530436,34.34344355265299,-9.6072948773702,14.652427355448404,-7.638659238815308,10.089871406555176,-4.870407342910767,1.371684233347575,-7.418930292129517,3.5641733606656394,1.6940183639526367,0.5717048446337382,0.646467536687851,0.7575079301993052,0.8609279791514078,0.8188718954722086,0.7882432043552399,0.5508885085582733,0.43433651328086853,0.37121036648750305,0.35104483862717945,0.3944430698951085,0.5074796477953593
0.0-0.5-0.25-0.25-0.0,0.1471548726161321,22050.0,2200.443432493344,0.0037359350738673434,5419.189453125,-209.42139689127603,164.8107452392578,20.205609639485676,21.23190434773763,14.874126116434732,11.325935363769531,11.427830378214518,8.046167532602945,7.322834650675456,6.208352724711101,5.525051593780518,6.603360176086426,6.691110610961914,0.9068878491719564,0.8789996107419332,0.9050195415814718,0.9503576556841532,0.9688656528790792,0.9506250421206156,0.8918583393096924,0.843994657198588,0.8235936363538107,0.8443760871887207,0.8516450723012289,0.8685830036799113
0.0-0.5-0.25-0.25-0.25,0.09840768575668335,177.52800480512198,1980.0395855324161,0.002297929817965875,3610.400390625,-185.79662068684897,172.87964884440103,-22.231231848398846,19.616010189056396,0.25038671493530273,6.737750331560771,2.1193908055623374,7.877223650614421,1.5437044302622478,5.879991769790649,3.406097412109375,4.823544263839722,-0.13924058278401694,0.5505404969056448,0.478609174489975,0.37670089056094486,0.4217834820350011,0.5317972699801127,0.9045115907986959,0.7579574386278788,0.5745560030142466,0.48523908853530884,0.5392285138368607,0.40656568855047226,0.37347868954141933
0.0-0.5-0.25-0.25-0.5,0.012999229443569979,320.4406499809476,3231.9276586088295,0.008197084069252014,7227.978515625,-327.2467753092448,127.63302866617839,-29.256277084350586,36.39832750956217,-13.297672748565674,25.086589813232422,-12.656668027242025,10.087093989054361,-14.33842945098877,3.6879060665766397,-13.568077087402344,3.3158605496088662,-1.9159327844778697,0.7804755767186483,0.4742458661397298,0.31347522636254627,0.3111474762360255,0.26724331825971603,0.3862709701061249,0.6100143988927206,0.5152386426925659,0.4391332020362218,0.48254408190647763,0.5905364155769348,0.8588315645853678
0.0-0.5-0.25-0.25-0.75,0.05519474297761917,100.0,1410.4234413369652,0.0009031628026908342,2339.94140625,-359.21832275390625,179.63629150390625,3.39088503519694,28.80104700724284,14.253400166829428,19.828015009562176,18.00363604227702,14.885444005330404,7.429869333902995,1.1865347226460774,1.2827059427897136,3.792593320210775,5.173957745234172,0.9034076929092407,0.8489084442456564,0.910305122534434,0.9169876972834269,0.9005060394605001,0.9105634888013204,0.8845560948053995,0.8439458012580872,0.8678231239318848,0.8830395936965942,0.8929323752721151,0.9035285711288452
0.0-0.5-0.25-0.5-0.0,0.04881502812107404,22050.0,1097.4758566311527,0.000576137113533548,2383.0078125,-439.44126383463544,179.21024068196616,30.769224166870117,10.307122468948364,15.581396420796713,18.021666526794434,11.122989018758139,9.110215822855631,8.986159642537435,7.692743460337321,6.04251495997111,6.208688735961914,5.911061763763428,0.7059375246365865,0.7867669065793356,0.8626810312271118,0.9163221120834351,0.9677394429842631,0.9950135946273804,0.9701904455820719,0.9093446731567383,0.813194990158081,0.7259124318758646,0.6459170579910278,0.6152783036231995
0.0-0.5-0.25-0.5-0.25,0.14387875919540724,22050.0,1301.660290879469,0.0007976870764094812,2512.20703125,-372.0415344238281,128.25233713785806,47.17119534810384,38.395501454671226,24.90208625793457,21.160380681355793,17.713338534037273,15.529598236083984,12.412549336751303,10.23478921254476,8.619576136271158,7.610336780548096,6.333872159322103,0.8232845862706503,0.8756924668947855,0.9304463664690653,0.9768534104029337,0.9995313684145609,0.9837484359741211,0.9335812131563822,0.8895465532938639,0.8593827684720358,0.8389328320821127,0.7771125833193461,0.7413663268089294
0.0-0.5-0.25-0.5-0.5,0.11477680752674739,1899.8376610437601,6137.901726505522,0.014159944218893846,11175.732421875,-149.00879923502603,41.359442392985024,11.679298917452494,67.33570098876953,-13.728669802347818,17.06674321492513,7.209125320116679,25.469310124715168,-25.768931706746418,23.207585334777832,2.589176972707113,-10.852729558944702,9.572443326314291,0.6839101513226827,0.49494461218516034,0.347057302792867,0.269718070824941,1.0,0.3467005987962087,0.18224610636631647,0.10546044260263443,0.09945333003997803,0.15488362684845924,0.327164759238561,0.5252262353897095
0.0-0.5-0.25-0.5-0.75,0.10148512075344722,605.3016033916903,3907.0110811020554,0.012171758649249872,8606.103515625,-151.82367451985678,96.01015218098958,-31.849819819132488,20.314152081807453,-24.58789825439453,7.551633596420288,-24.21934636433919,-6.694595654805501,-16.73063850402832,4.765326102574666,5.515367428461711,19.550048828125,16.147152582804363,0.08583144284784794,0.26881270110607147,0.7198463479677836,0.42720020810763043,0.23330135767658552,0.3530716001987457,0.1837122223029534,0.04460898072769245,0.04575725086033344,0.06516199186444283,0.0395003966987133,0.04936166014522314
0.0-0.5-0.25-0.75-0.0,0.18658585846424103,501.56230527303484,2522.5655933297508,0.006250868369534146,5641.69921875,-118.81661478678386,144.7766571044922,-15.78495740890503,34.40501848856608,-6.522283395131429,15.861321449279785,0.7108970483144125,10.762677828470865,-2.3124731381734214,-1.6551389694213867,-0.6367810964584351,2.6317151387532554,3.6178510983784995,0.6478288968404134,0.8495626250902811,0.8392712076505026,0.6554016520579656,0.6177998458345731,0.6158988773822784,0.5988973155617714,0.5556080291668574,0.5076986129085223,0.4276144777735074,0.34416811416546506,0.37087662518024445
0.0-0.5-0.25-0.75-0.25,0.05065777773658434,236.10614026785706,3998.027352700858,0.013445820659399033,9015.234375,-184.47774251302084,94.69009908040364,-18.128889401753742,35.670631408691406,-14.346293444434801,14.343177954355875,-5.5081615050633745,14.907249450683594,-0.07570171356201172,8.09498929977417,0.4640480677286784,8.400162061055502,-1.1734565893809001,0.44190021852652234,0.6138658324877421,0.9446356892585754,0.5615262885888418,0.4471534838279088,0.4835815479358037,0.5329432686169943,0.3906485711534818,0.5053844650586446,0.7529293894767761,0.4319104527433713,0.4157743602991104
0.0-0.5-0.25-0.75-0.5,0.008107118463764587,14797.420305071113,2269.8322445035587,0.0035183759270391115,5038.76953125,-446.3876037597656,157.36200968424478,5.52032470703125,24.725623448689777,5.367781480153401,12.720707575480143,5.290863831837972,6.881997346878052,2.930915633837382,5.032296538352966,2.9993766943613687,4.399588267008464,3.877428412437439,0.8049785296122233,0.846053938070933,1.0,0.90104740858078,0.8654586871465048,0.8191465735435486,0.7110411922136942,0.6404586335023245,0.5741235911846161,0.6053065558274587,0.653159906466802,0.731327215830485
0.0-0.5-0.25-0.75-0.75,0.05598715630670389,22050.0,1439.4164041947158,0.0008850025521406716,2799.31640625,-414.5464630126953,122.96471405029297,33.270874659220375,21.967329661051433,12.527450243631998,14.375718752543131,14.258270581563314,13.121989568074545,10.612475236256918,9.59742259979248,9.27281125386556,9.101264158884684,8.327775478363037,0.8022530476252238,0.864039679368337,0.9274103045463562,0.9709632198015848,0.9952493707338969,0.9869089523951212,0.9430244565010071,0.9005292654037476,0.8541003266970316,0.8033805886904398,0.7435798645019531,0.7182756265004476
0.0-0.5-0.5-0.0-0.0,0.08540737877289455,22050.0,1268.3279470572481,0.0007931824802311915,2426.07421875,-395.7167663574219,160.73323822021484,59.075087229410805,35.832950592041016,19.9161278406779,18.582210222880047,14.88508129119873,10.39853318532308,6.8152055740356445,6.160022099812825,5.526670614878337,4.449267228444417,3.61193585395813,0.8000967899958292,0.8380819956461588,0.8942875663439432,0.9354475935300192,0.96776815255483,0.9716312090555826,0.9495518207550049,0.9443366726239523,0.9074951012929281,0.8493235111236572,0.7769161661465963,0.7502234578132629
0.0-0.5-0.5-0.0-0.25,0.04157204863925775,145.00608446175485,2184.9390379409288,0.004245426195363204,4622.4609375,-286.4165445963542,158.52172342936197,-3.993717590967814,29.42650572458903,4.42925767103831,23.395047505696613,-0.8709840774536133,8.772931814193726,2.693448543548584,6.080107927322388,-1.03868571917216,10.685843785603842,3.790498853971561,0.8972402016321818,0.9332709709803263,0.9192597270011902,0.8985841472943624,0.8887182871500651,0.8388043244679769,0.8550076484680176,0.7576865355173746,0.6531143188476562,0.6309432983398438,0.6655016044775645,0.7972119649251302
0.0-0.5-0.5-0.0-0.5,0.11276422441005707,7445.890426333713,2059.8092169601387,0.002294357026888368,4593.75,-241.7739003499349,140.53853352864584,0.13292614618937174,38.551700592041016,3.6658455530802407,22.410206476847332,3.8550097147623696,14.028753916422525,4.149651288986206,9.714684009552002,4.309845606486003,7.404391447703044,4.301064531008403,0.7887245019276937,0.848862886428833,0.9162954886754354,0.9594816962877909,0.9244025150934855,0.9261247515678406,0.9166529178619385,0.8751245339711508,0.8195728659629822,0.7789753874142965,0.741955578327179,0.7369033495585123
0.0-0.5-0.5-0.0-0.75,0.21071814994017282,210.8955208801016,2777.3779624965737,0.004098433535546064,6503.02734375,-100.81884765625,125.7407455444336,-15.182051181793213,47.79255040486654,-8.467861572901407,21.874502182006836,-6.371829350789388,12.180064042409262,-6.53045380115509,7.428788820902507,-2.731863339742025,5.15446941057841,-4.296758770942688,0.49061815937360126,0.440374031662941,0.406058410803477,0.4385426690181096,0.401411235332489,0.3363827069600423,0.4386756519476573,0.5792039136091868,0.6823364694913229,0.7720779081185659,0.6102074384689331,0.49284345904986065
0.0-0.5-0.5-0.25-0.0,0.06959869464238484,395.6665665274602,2717.3293245860336,0.003805061375411848,5871.38671875,-210.88439432779947,136.1110382080078,-20.558948516845703,30.471322377522785,-1.937649408976237,17.494282086690266,-2.9999531904856362,8.833759864171347,-4.8583570917447405,2.5197222232818604,-3.2419034938017526,3.910687486330668,-5.548136870066325,0.18163984641432762,0.16435515508055687,0.1744827851653099,0.18158110976219177,0.21105667327841124,0.3491063639521599,0.5983550449212393,0.7785330812136332,0.6518387794494629,0.4557836552460988,0.2512081377208233,0.18637686595320702
0.0-0.5-0.5-0.25-0.25,0.03847808515032133,7416.666666666667,1395.5995805647183,0.000905387052474301,2210.7421875,-349.85205078125,193.3155771891276,8.2049191792806,19.418327967325848,16.385905583699543,9.22676706314087,12.021204948425293,8.832176049550375,7.790120919545491,5.772834300994873,4.980690002441406,5.859968980153401,4.1878821849823,0.9068106214205424,0.8492716550827026,0.8249574700991312,0.8239609003067017,0.7800423204898834,0.7132690648237864,0.7054275969664255,0.7653632164001465,0.8195666472117106,0.8486080765724182,0.8770022590955099,0.9295083085695902
0.0-0.5-0.5-0.25-0.5,0.08193232988317807,390.65540641718263,2281.8531923445535,0.0043290656855485094,4945.458984375,-243.6413319905599,136.93502044677734,-7.999237696329753,38.952345530192055,-2.818692207336426,30.33417002360026,-1.8727006912231445,11.48927100499471,-2.8009859720865884,9.506911913553873,-4.398786147435506,1.5041343967119853,-2.6872774759928384,0.3641166140635808,0.4035704831282298,0.452105109890302,0.4779149343570073,0.559119830528895,0.7283195654551188,0.976932962735494,0.8859962622324625,0.5675402681032816,0.42102283736069995,0.32465675969918567,0.3066541403532028
0.0-0.5-0.5-0.25-0.75,0.16512006521224976,758.5447140393976,3535.4100300740297,0.011327521254618963,7730.419921875,-82.17927424112956,117.90561930338542,-23.538496335347492,23.75134499867757,-23.581220626831055,9.24033292134603,-8.386695146560669,3.774417440096537,-2.1362924575805664,8.392640431722006,9.33342456817627,12.375150998433432,9.602672259012857,0.18246873964866003,0.19534733891487122,0.17395843813816705,0.1801502543191115,0.20431509365638098,0.364427554110686,0.7075647339224815,0.349922979871432,0.31573083996772766,0.45308629671732586,0.24375260745485625,0.1666549245516459
0.0-0.5-0.5-0.5-0.0,0.024073559169967968,169.776703459976,2913.5859667919917,0.008090452446291843,6302.05078125,-257.2114613850911,145.3937784830729,-28.528048197428387,24.896371205647785,-15.416893005371094,19.225613911946613,-8.951266924540201,10.153301000595093,-5.4939374923706055,8.454115231831869,-0.6181464195251465,9.247321128845215,5.123155117034912,0.2544403423865636,0.26512737075487774,0.2994723419348399,0.4209464490413666,0.3559730102618535,0.42097606261571247,0.6229615807533264,0.8008563121159872,0.5533159275849661,0.38054009278615314,0.35741246740023297,0.31524650752544403
0.0-0.5-0.5-0.5-0.25,0.041855666786432266,155.4474049473824,2958.233286136018,0.008449054400747022,6840.380859375,-215.36109924316406,135.39107259114584,-8.411758740743002,35.27203114827474,-3.0259834925333657,22.371826489766438,-1.1569188435872395,12.102936585744223,-1.477988322575887,8.13738477230072,-1.7093598047892253,4.593744277954102,0.15736961364746094,0.48344650367895764,0.48581143220265705,0.6003619531790415,0.748467485109965,0.8687688906987509,0.9032382766405741,0.8874960144360861,0.8505796591440836,0.5956608355045319,0.3620972732702891,0.2974962492783864,0.37150540202856064
0.0-0.5-0.5-0.5-0.5,0.03158844510714213,7416.666666666667,1651.2621896393618,0.00923246791246394,3660.64453125,-392.08411661783856,195.41996002197266,29.862810134887695,14.871778806050619,15.770123799641928,9.539403279622396,6.573892076810201,3.711460749308268,-1.3694982528686523,0.8366541862487793,4.099503596623738,7.209089835484822,7.652364253997803,0.8845350941022238,0.8844692707061768,0.9271904230117798,0.9641462961832682,0.9996044437090555,0.9875020583470663,0.9537094235420227,0.9410518209139506,0.918547530968984,0.9039824406305949,0.8769899010658264,0.8422439694404602
0.0-0.5-0.5-0.5-0.75,0.1269018997748693,2212.4866361419486,3339.0428237553547,0.005024413733432691,6998.291015625,-136.22889455159506,119.9715576171875,-3.4980433781941733,50.61447397867838,-9.514164288838705,15.755465825398764,11.149211963017782,2.345290700594584,1.5569284756978352,17.02547772725423,-1.5102393627166748,13.808691024780273,5.366492907206218,0.7897373735904694,0.6725785930951437,0.6194839874903361,0.6948597033818563,0.690379003683726,0.6782262325286865,0.8531806866327921,0.8525940378506979,0.6863377690315247,0.608890175819397,0.6320395668347677,0.7554314136505127
0.0-0.5-0.5-0.75-0.0,0.1234162946542104,413.48568306302224,2319.0256524832635,0.0030641775811091065,5089.013671875,-152.6123250325521,156.59835815429688,-16.16899601618449,30.76335334777832,-7.618566890557607,22.783606211344402,-5.883102496465047,2.890045444170634,-7.184754848480225,8.499058723449707,-1.7152761419614155,3.6658523082733154,2.5881853103637695,0.32037656505902606,0.3199795534213384,0.4067136545976003,0.4750708341598511,0.6000986794630686,0.7896034121513367,1.0,0.8261973659197489,0.6759557525316874,0.5632591048876444,0.3837640583515167,0.3591706355412801
0.0-0.5-0.5-0.75-0.25,0.06684436649084091,164.41957681483325,1586.9233386022136,0.0013081654336322874,2835.205078125,-261.20164489746094,189.49734497070312,-9.201932907104492,17.597904682159424,6.0701379378636675,19.075156529744465,3.848816235860189,7.9353883266448975,4.596887747446696,9.410994529724121,6.282761891682942,4.18037207921346,4.057359059651692,0.4403258537252744,0.43586642543474835,0.5156785051027933,0.5472080210844675,0.6140274504820505,0.7373962004979452,0.8724405566851298,0.9875303904215494,0.877920389175415,0.7285279035568237,0.5599775513013204,0.4777377595504125
0.0-0.5-0.5-0.75-0.5,0.07567246754964192,7416.666666666667,2179.7808460048223,0.005762624640439899,5548.388671875,-325.5333709716797,115.71601104736328,40.02478472391764,35.443084081014,22.506015141805012,16.716320673624676,11.50783665974935,9.629297256469727,8.30852476755778,7.75248924891154,6.723809878031413,5.699560483296712,4.573858578999837,0.8965618014335632,0.9123369256655375,0.947389562924703,0.9673429528872172,0.9838982820510864,0.9768994450569153,0.9403674801190695,0.9315597613652548,0.917172928651174,0.8929305076599121,0.8553849856058756,0.8445068200429281
0.0-0.5-0.5-0.75-0.75,0.016946966759860516,22050.0,1812.820618951256,0.0027440819747729015,3976.46484375,-430.7973327636719,170.45794677734375,4.590600967407227,21.687809626261394,17.52145767211914,9.39301029841105,11.834720929463705,7.581864833831787,7.53521188100179,6.632013161977132,4.95998493830363,5.51727279027303,3.914156993230184,0.9358485738436381,0.9524412353833517,0.9684963822364807,0.9704841574033102,0.9753254453341166,0.9785767992337545,0.9486060937245687,0.9278102119763693,0.9192113478978475,0.9101856152216593,0.8603882988293966,0.8579655687014262
0.0-0.5-0.75-0.0-0.0,0.03525367441276709,14733.333333333334,2098.395660523586,0.004289468909319656,5275.634765625,-438.6847635904948,143.2204818725586,51.09959729512533,33.748324712117515,18.062019030253094,15.911890983581543,13.858835538228353,11.954325675964355,9.154288291931152,7.647481282552083,6.383662700653076,5.401517232259114,4.566784699757894,0.8649763663609823,0.8903437455495199,0.9185604254404703,0.9465017120043436,0.9670232931772867,0.936148444811503,0.8782353401184082,0.8622676730155945,0.8834889133771261,0.8794414599736532,0.8136182626088461,0.8014943599700928
0.0-0.5-0.75-0.0-0.25,0.0911372924844424,861.5346560887277,2185.2316833076693,0.0014681114407721907,4127.197265625,-249.87506103515625,146.89702606201172,-34.37440808614095,25.530296484629314,-11.604145685831705,-0.8780004978179932,-2.758141358693441,-2.951045831044515,7.18855885664622,22.58439572652181,30.404398600260418,17.749781290690105,0.7947075366973877,0.06672907791410883,0.0709640528075397,0.06580114484919856,0.07512908630693953,0.11342547896007697,0.07690298526237409,0.07201615961578985,0.08750456532773872,0.3089541147152583,1.0,0.3549331724643707,0.07527597264076273
0.0-0.5-0.75-0.0-0.5,0.026318554456035297,22050.0,1916.2738488496882,0.002932401855506787,4737.3046875,-474.9822285970052,98.35525512695312,27.70672861735026,29.68783950805664,22.898130416870117,21.378419876098633,18.051059405008953,16.094343185424805,13.690989971160889,11.976677894592285,10.22472095489502,8.929481983184814,7.709753672281901,0.8175551493962606,0.8676371971766154,0.924634595712026,0.9694738984107971,0.9987203081448873,0.9937211871147156,0.9535414576530457,0.9162983298301697,0.8735737403233846,0.823943575223287,0.7669077118237814,0.7440369923909506
0.0-0.5-0.75-0.0-0.75,0.027810640012224514,280.0459756138184,2295.0928596403123,0.004333234130172059,4593.75,-330.9982096354167,162.210693359375,-16.843045234680176,25.77470604578654,-9.426677385965982,22.457717895507812,-5.1862843831380205,12.515580654144287,-6.860732634862264,5.983573158582051,-5.273974776268005,1.8670661052068074,-5.286790370941162,0.5933568874994913,0.7960004905859629,0.7036523024241129,0.3636463185151418,0.2764120052258174,0.262967012822628,0.16294806202252707,0.1858242005109787,0.27109994490941364,0.4618193407853444,0.368746742606163,0.2843431532382965
0.0-0.5-0.75-0.25-0.0,0.10979063808917999,7426.768178313145,1819.7800006737891,0.0006428679528956612,4069.775390625,-281.98207092285156,152.02865854899088,-5.556846618652344,40.38540585835775,2.5327475865681968,22.177903811136883,4.653235177199046,13.667690912882486,4.695373117923737,8.919471740722656,4.576596180597941,6.318693161010742,4.560770670572917,0.7754807670911154,0.7841579914093018,0.8116376996040344,0.8768429358800253,0.9563319881757101,0.985977570215861,0.9214001099268595,0.8952393333117167,0.8859418431917826,0.8538076480229696,0.8296646873156229,0.7659640113512675
0.0-0.5-0.75-0.25-0.25,0.08775944262742996,14733.333333333334,2648.2967368487093,0.005613984792338063,6316.40625,-201.14498392740884,144.70559692382812,-2.2050398190816245,37.57035827636719,-4.220581829547882,18.96523704131444,-4.276533762613933,14.222415606180826,2.9489170809586844,11.7295560836792,-1.0383799870808919,3.481499512990316,1.9440778990586598,0.8096198836962382,0.836239735285441,0.896717349688212,0.9578138589859009,0.9173679153124491,0.8463315963745117,0.8024250864982605,0.8165255387624105,0.7477986415227255,0.766681969165802,0.7556333541870117,0.738412876923879
0.0-0.5-0.75-0.25-0.5,0.06452347462375958,261.9954635277973,3243.0823548709263,0.0068712804932147264,7672.998046875,-207.09976196289062,118.42808024088542,-6.996652603149414,34.25151697794596,-9.093925257523855,13.056155125300089,-4.351532578468323,7.299413561820984,-13.670079310735067,-6.295531809329987,-8.913419723510742,1.5667659441630046,-7.664000988006592,1.0,0.725764811038971,0.295931339263916,0.14120997674763203,0.13189336409171423,0.1288040541112423,0.11945034563541412,0.14774131774902344,0.1399195178722342,0.15620294027030468,0.3325200279553731,0.584407389163971
0.0-0.5-0.75-0.25-0.75,0.1044892892241478,983.134182751091,4440.7821595169235,0.020270432345569134,9130.078125,-107.50565083821614,86.30641174316406,-38.41515286763509,18.12601121266683,-24.7293275197347,14.210305213928223,-6.922301689783732,21.982738494873047,9.984269857406616,23.052932580312092,5.454995036125183,1.4911155700683594,-15.392766316731771,0.6429457863171896,0.25703282716373604,0.18278533654908338,0.26700520267089206,0.18673838612933955,0.15032097697257996,0.2520746092001597,0.13655522962411246,0.13774021777013937,0.24166479210058847,0.5587198535601298,0.8736974398295084
0.0-0.5-0.75-0.5-0.0,0.0798070781553785,8006.833617206002,1754.4424471175514,0.00198966311836557,3380.712890625,-359.74058024088544,105.12077713012695,9.823691606521606,31.192175547281902,-2.4345518747965493,11.491430203119913,-4.121796607971191,17.29533036549886,18.832184473673504,26.645666122436523,10.847478866577148,-0.6700731913248698,-6.590007781982422,0.7710960507392883,0.6085425515969595,0.5557963997125626,0.5799038062493006,0.5980275000135103,0.6184581443667412,0.6337279280026754,0.6033571263154348,0.5679193884134293,0.6091252466042837,0.7329810659090678,0.8307096660137177
0.0-0.5-0.75-0.5-0.25,0.13421085197478533,14733.333333333334,1382.5702471093166,0.0006572779055130281,2756.25,-398.53728739420575,118.96112696329753,50.67790540059408,26.982688268025715,17.146933873494465,18.41725444793701,16.08682664235433,11.62814998626709,8.917691389719645,8.795879205067953,7.95638640721639,6.2308759689331055,5.245551745096843,0.7664674123128256,0.8263183434804281,0.8963560064633688,0.953146755695343,0.9984787305196127,0.9926815430323283,0.9295119047164917,0.8781166871388754,0.8151541749636332,0.7593332727750143,0.7104268074035645,0.6923211415608724
0.0-0.5-0.75-0.5-0.5,0.13431690136591592,100.0,1501.7310330052967,0.0019839893823956345,3179.736328125,-268.9103037516276,192.75523122151694,38.151869455973305,15.517861604690552,13.790169715881348,10.264164924621582,9.144145011901855,11.578380902608236,6.95802100499471,4.228825569152832,4.658081690470378,4.850498994191487,4.691390911738078,0.8736816843350729,0.9144793351491293,0.8283780415852865,0.8059440851211548,0.8307326634724935,0.8406772216161092,0.8018157879511515,0.830342690149943,0.8863045970598856,0.9389885663986206,0.9341474572817484,0.8552295565605164
0.0-0.5-0.75-0.5-0.75,0.11581539362668991,129.78536479952894,2637.0253792687013,0.0044035780398796005,5813.96484375,-121.77702077229817,152.77806091308594,-24.70820426940918,34.84339141845703,-15.379666487375895,21.508583704630535,-8.398252169291178,12.959366798400879,-6.902756253878276,8.393966992696127,-6.1813968022664385,3.951023111740748,0.3089698553085327,0.5812085568904877,0.7500316500663757,0.9382019639015198,0.7925061583518982,0.5383446216583252,0.36191414296627045,0.3283054133256276,0.3948265264431636,0.47625630100568134,0.4426462600628535,0.31151512761910755,0.381404514114062
0.0-0.5-0.75-0.75-0.0,0.06908786296844482,1915.4810053343824,4066.3005777301128,0.010431498754769564,10264.16015625,-153.23158264160156,111.40119934082031,0.2633410294850667,40.655548095703125,-16.70608679453532,24.103793144226074,-6.150359153747559,24.235172907511394,-6.433119793732961,15.674761454264322,-6.7504143714904785,11.373939196268717,6.648902575174968,0.6702779134114584,0.6367173790931702,0.6692103147506714,0.7067338426907858,0.8365528186162313,0.9624199271202087,0.8936804135640463,0.9098469217618307,0.8755542834599813,0.8638142546017965,0.8129971424738566,0.7494568824768066
0.0-0.5-0.75-0.75-0.25,0.07200479507446289,100.0,2196.337229909323,0.0019402243293977033,5010.05859375,-236.6302693684896,148.77792358398438,-5.151515901088715,38.16434860229492,-0.7540223598480225,24.56800587972005,1.8838367462158203,17.06026776631673,1.761717955271403,7.175174752871196,-1.199377139409383,5.231021881103516,4.421202103296916,0.8196348746617635,0.8153884013493856,0.8083118200302124,0.8486112952232361,0.922990103562673,0.8578007817268372,0.741436779499054,0.7153910795847574,0.6908393502235413,0.7196945746739706,0.7517547408739725,0.7909894188245138
0.0-0.5-0.75-0.75-0.5,0.0012374573852866888,223.23219023682728,2981.8940871990962,0.007957691016296545,6969.580078125,-557.9122314453125,139.84378560384116,-12.23181676864624,33.70248158772787,-14.472089449564615,17.675273577372234,-5.72601584593455,12.610735098520914,-9.600117047627768,1.1459660927454631,-3.0964702367782593,7.6336822509765625,-0.8798236350218455,0.4981973121563594,0.3678149531284968,0.4059029718240102,0.3707353522380193,0.32820001741250354,0.4428916871547699,0.5648006896177927,0.7647483746210734,0.8627432982126871,0.9833211898803711,0.9147731264432272,0.758764406045278
0.0-0.5-0.75-0.75-0.75,0.056233846892913185,102.8823388920252,2621.4719699534967,0.003479252646987637,6330.76171875,-244.98723856608072,138.73956807454428,-0.7288951476414999,38.41972986857096,1.3346137205759685,23.19619592030843,1.8532031377156575,15.20593516031901,1.7741306622823079,9.66761827468872,1.4104351997375488,6.450906753540039,1.605802297592163,0.7774563829104105,0.7576479315757751,0.8216986060142517,0.8756310939788818,0.9384100437164307,0.9608482718467712,0.8631182710329691,0.7868773937225342,0.74833216269811,0.7931733727455139,0.7747776309649149,0.7655832568804423
0.0-0.75-0.0-0.0-0.0,0.012364027400811514,7452.5141208238865,2117.143974926774,0.0022091717401053756,4478.90625,-438.4589436848958,144.21845499674478,6.212327321370442,40.793801625569664,3.967032512029012,23.88769276936849,1.631860355536143,10.97892713546753,-2.5848429997762046,6.388495286305745,0.47028334935506183,6.598512013753255,2.5159374872843423,0.7241666118303934,0.814849058787028,0.9458055297533671,0.962613602479299,0.9029467304547628,0.9063252607981364,0.8136675556500753,0.7403562466303507,0.6604510943094889,0.5978176097075144,0.612352579832077,0.6306865115960439
0.0-0.75-0.0-0.0-0.25,0.048226164964338146,14733.333333333334,1601.6344234769483,0.0016180553372654078,3560.15625,-411.58118693033856,167.9440129597982,0.3934326171875,23.483456293741863,20.051794052124023,9.462021827697754,12.912338574727377,8.916102409362793,7.746480941772461,7.681719462076823,5.540382385253906,6.18825896581014,4.828094482421875,0.8111201524734497,0.8651723265647888,0.9308059414227804,0.9794866840044657,1.0,0.971460243066152,0.9145012299219767,0.8793311913808187,0.8366051117579142,0.7933265566825867,0.7565686901410421,0.7471315066019694
0.0-0.75-0.0-0.0-0.5,0.013548089191317558,14733.333333333334,1980.3757614571823,0.0009946278296411037,4672.705078125,-431.7906188964844,151.36526489257812,-7.83093802134196,44.62193806966146,-4.603188832600911,28.435242970784504,-2.0021414756774902,18.379645029703777,-0.34913404782613117,12.026433944702148,0.9025930166244507,8.386829376220703,1.8638187050819397,0.8697980642318726,0.8848764101664225,0.96556423107783,0.9755222797393799,0.9609856009483337,0.9054962396621704,0.8510076602300009,0.8578508496284485,0.8686329126358032,0.8547335068384806,0.8462798396746317,0.8480804165204366
0.0-0.75-0.0-0.0-0.75,0.1908335437377294,830.5886738428098,3490.9028132667077,0.0072572866920381784,7443.310546875,-76.10388437906902,109.86032613118489,-46.64979362487793,26.334980646769207,-20.697516123453777,16.16664409637451,-16.696053504943848,17.79996903737386,-0.9866961638132731,25.96853256225586,21.86517588297526,34.69207000732422,13.808727264404297,0.0500175009171168,0.0631431055565675,0.0882447933157285,0.08873288333415985,0.09147053956985474,0.09952871004740398,0.19138276080290476,0.44437211751937866,1.0,0.45015615224838257,0.15489750107129416,0.06959795827666919
0.0-0.75-0.0-0.25-0.0,0.07562483474612236,22050.0,2593.0128579611105,0.0050238944216592545,6201.5625,-257.3244120279948,141.51856486002603,13.651835600535074,29.1392084757487,2.794595201810201,12.5800990263621,4.297725160916646,13.598228136698404,6.323548714319865,4.734066804250081,1.3057916164398193,7.562567710876465,7.082115173339844,0.7124235928058624,0.7239136298497518,0.714712897936503,0.7369608283042908,0.8892675042152405,0.9642566442489624,0.9466973741849264,0.8922763665517172,0.8937808275222778,0.7666292587916056,0.6472512483596802,0.6781901717185974
0.0-0.75-0.0-0.25-0.25,0.06404487912853558,575.2228978287244,2499.1770902055005,0.004438626709088567,5146.435546875,-259.7776133219401,138.24714152018228,-30.59930627544721,25.528759002685547,-7.70138676961263,-6.13054625193278,-5.501334508260091,-2.6250623067220054,-3.186502377192179,-6.826886216799418,-5.726697285970052,1.4336473147074382,12.217292149861654,0.073326309521993,0.4385509788990021,1.0,0.3912557015816371,0.07889667417233188,0.04601608938537538,0.04562926789124807,0.031015473262717325,0.03403423509250084,0.061643400229513645,0.03712870506569743,0.03673743619583547
0.0-0.75-0.0-0.25-0.5,0.029507607221603394,22050.0,2052.610108051504,0.004255715611360321,5239.74609375,-473.2741190592448,97.02431615193684,28.971782684326172,29.574264526367188,23.436840693155926,21.865649859110516,18.401748021443684,16.744455019632976,14.07638152440389,12.615755399068197,10.672215620676676,9.506609916687012,8.18022608757019,0.8331366380055746,0.8804366787274679,0.9330143332481384,0.9737193783124288,0.9995522697766622,0.9930639664332072,0.9555926521619161,0.9214332103729248,0.8824324011802673,0.8370268940925598,0.7837759256362915,0.7619796792666117
0.0-0.75-0.0-0.25-0.75,0.0017449042934458703,7416.666666666667,1148.0737418304993,0.00027789750553589937,1837.5,-746.2377115885416,157.94319915771484,-6.553646087646484,38.23490079243978,11.6695343653361,14.236385027567545,11.170499165852865,10.551783402760824,8.903566837310791,6.947050412495931,7.142667770385742,5.5598751703898115,6.5831992626190186,0.7221863468488058,0.8046429554621378,0.9119542241096497,0.971963902314504,0.9964902400970459,0.9529910286267599,0.880246102809906,0.8546446760495504,0.8155628641446432,0.7555932203928629,0.6641361316045126,0.6268463929494222
0.0-0.75-0.0-0.5-0.0,0.06655177939683199,7416.666666666667,2462.6288576850743,0.0022443157892363765,6043.65234375,-324.3086446126302,142.98087310791016,-1.7389828364054363,40.39465649922689,-0.8652544021606445,25.775557200113933,-0.509516716003418,17.724964141845703,-0.0987683931986491,12.680280049641928,0.4289921522140503,9.504742781321207,0.7408657570679983,0.9165134827295939,0.9576965967814127,0.9784168402353922,0.9663100838661194,0.9757115840911865,0.9597485661506653,0.8705314993858337,0.8097436626752218,0.7604752779006958,0.7713571190834045,0.8065688610076904,0.8496321638425192
0.0-0.75-0.0-0.5-0.25,0.009451086322466532,22050.0,1011.1833313191343,0.0006398203217440704,2138.96484375,-689.8526000976562,111.99904886881511,42.028099060058594,38.99437713623047,31.264238357543945,25.25260130564372,21.026639302571613,16.76756223042806,14.444344520568848,12.606030146280924,11.535871187845865,11.011988639831543,10.237167358398438,0.7414970993995667,0.8261186480522156,0.9036608338356018,0.9637309511502584,0.9982767701148987,0.9914110700289408,0.941401203473409,0.8776615262031555,0.8054469227790833,0.7337340315183004,0.6644914944966634,0.6408774455388387
0.0-0.75-0.0-0.5-0.5,4.9568420460370057e-05,102.24128579293891,2615.8971850385255,0.005629836969698469,6258.984375,-921.555419921875,128.3788045247396,11.316377798716227,29.400718053181965,9.254756291707357,20.827070236206055,9.967282136281332,9.67952553431193,6.038134018580119,2.8400274912516275,-2.2349244753519693,-4.065136790275574,7.873788515726726,0.5839832822481791,0.5890645583470663,0.5756066838900248,0.6297788818677267,0.7500994801521301,0.9574575026830038,0.8715172608693441,0.7522276639938354,0.6685711244742075,0.6204615334669749,0.5211284259955088,0.4934486299753189
0.0-0.75-0.0-0.5-0.75,0.10663936535517375,209.22747661274596,2702.5898880207483,0.003825083219756683,6359.47265625,-142.42472330729166,139.93112182617188,-10.469006856282553,44.8631960550944,-6.03706959883372,24.08325703938802,-7.297574241956075,11.662792364756266,-9.029577414194742,5.680386543273926,-4.125818878412247,3.7885573903719583,-4.993108908335368,0.35335422803958255,0.33641515920559567,0.3990424821774165,0.418363019824028,0.41479045649369556,0.5259520808855692,0.6270424425601959,0.8345236778259277,0.8265626231829325,0.7602633237838745,0.5874701738357544,0.4323107451200485
0.0-0.75-0.0-0.75-0.0,0.17042504251003265,100.0,2396.265887688653,0.003195804873636613,5505.322265625,-142.76538594563803,145.89288330078125,-1.921817461649577,36.627353032430015,-1.2636806170145671,24.217814763387043,5.002988497416179,17.18392499287923,0.33795960744222003,7.368162631988525,4.177104234695435,8.835217634836832,1.5884320735931396,0.8913246194521586,0.8906042575836182,0.8616584340731303,0.8312639792760214,0.8159647981325785,0.807890792687734,0.788330614566803,0.7692660093307495,0.6976013580958048,0.7518510421117147,0.7881877024968466,0.851529061794281
0.0-0.75-0.0-0.75-0.25,0.15908289700746536,1018.0950357822034,3269.7036618631428,0.008106840502781173,7206.4453125,-99.04226430257161,118.29505666097005,-35.47934500376383,19.020544687906902,-21.46669801076253,14.980956395467123,-6.873755772908528,26.670109113057453,16.48114013671875,28.27170689900716,6.241145928700765,5.469368616739909,-5.476511796315511,0.4127577344576518,0.6014163643121719,0.4890212168296178,0.3323597212632497,0.289583923916022,0.2558627538383007,0.2429983802139759,0.27469106763601303,0.2653069670001666,0.4167070835828781,0.6956339180469513,0.5313214361667633
0.0-0.75-0.0-0.75-0.5,0.13784812887509665,190.58372352764772,2408.8989257327053,0.004096980129058163,5225.390625,-144.71761830647787,160.1230926513672,-27.42963473002116,29.969451904296875,-8.925048828125,16.90025806427002,-15.617944836616516,6.366867860158284,-5.598211228847504,6.530776659647624,-2.2308618227640786,8.554954846700033,-5.8262565930684405,0.37652572989463806,0.4546155904730161,0.4766502281030019,0.4175311823685964,0.5510433912277222,0.8215506871541342,0.8981417417526245,0.9166787068049113,0.6107820471127828,0.4307130177815755,0.29294341305891675,0.27360423157612485
0.0-0.75-0.0-0.75-0.75,0.15298460920651755,320.2794788290477,3432.450488402728,0.009771441536334654,7687.353515625,-82.66984939575195,124.82667541503906,-25.533292770385742,40.561665852864586,-15.128995895385742,17.511592706044514,-19.872875213623047,10.743745803833008,-4.897382815678914,5.692956606547038,-15.478755950927734,2.398444652557373,-6.23616361618042,0.2524055714408557,0.24489807337522507,0.21186122546593347,0.20976978292067847,0.2838912730415662,0.3752737094958623,0.4331088686982791,0.5406842132409414,0.8275712331136068,0.6037825246651968,0.3302234411239624,0.2635831336180369
0.0-0.75-0.25-0.0-0.0,0.17905139923095703,105.5916291210358,2019.5610976788503,0.0028430480936852596,4069.775390625,-123.04061889648438,174.212890625,-3.775284926096598,33.15416399637858,-2.0398688316345215,15.426970799763998,4.679718971252441,8.974191347757975,-2.3054073651631675,2.6040570537249246,0.4818243781725566,-0.5160481135050455,-1.8605969746907551,0.625035415093104,0.5943765044212341,0.5690498153368632,0.6084016660849253,0.7186854481697083,0.9402645031611124,0.9062522649765015,0.8058868646621704,0.6157384514808655,0.6143703659375509,0.5311239461104075,0.5484536190827688
0.0-0.75-0.25-0.0-0.25,0.017385875185330708,102.04366199030285,2224.315885332166,0.0019298041394601266,5175.146484375,-372.71909586588544,149.3496297200521,-4.837283288439115,43.915523529052734,-5.062507073084514,24.59590784708659,-4.614069511493047,13.982512791951498,-3.0496327877044678,8.700372060139975,-0.33305029074350995,7.530482927958171,2.8506269454956055,0.5237404803435007,0.574467788139979,0.7415139079093933,0.9737293521563212,0.968222995599111,0.820989708105723,0.6889379819234213,0.6315074960390726,0.612170547246933,0.584497849146525,0.5614430606365204,0.5326314270496368
0.0-0.75-0.25-0.0-0.5,0.006922449140499036,22050.0,1928.0338779788492,0.0029370910960717644,4773.193359375,-606.9325459798177,97.81924184163411,27.27060890197754,29.37263298034668,22.713198979695637,21.327168464660645,18.130528767903645,16.294190406799316,13.993436654408773,12.359253565470377,10.661753018697103,9.395017941792807,8.180425961812338,0.81657475233078,0.8680856029192606,0.9249615470568339,0.9697896838188171,0.9988100131352743,0.9934381246566772,0.9534127314885458,0.9151796499888102,0.8715536793073019,0.8218015631039938,0.7650883992513021,0.7419839104016622
0.0-0.75-0.25-0.0-0.75,0.0642219992975394,2737.272973664494,3753.9982335047494,0.0017606381928392996,7558.154296875,-280.6933186848958,90.63943990071614,-17.653337637583416,45.51018269856771,2.4600958824157715,28.742348353068035,-9.21228531996409,7.058666626612346,9.043610334396362,20.875449498494465,-10.658954779307047,8.537562290827433,25.505141576131184,0.11615591247876485,0.08532937491933505,0.09010530387361844,0.10415992637475331,0.23856125275293985,1.0,0.3119493027528127,0.12145841121673584,0.09515167896946271,0.08817223086953163,0.07498334720730782,0.07796330129106839
0.0-0.75-0.25-0.25-0.0,0.10406528413295746,171.40765249217603,2398.041556015448,0.002690779355665048,5282.8125,-167.91556294759116,155.61609903971353,-10.948602676391602,33.54842058817545,-6.0724639892578125,18.075088818868,-7.008070945739746,8.903771996498108,-3.558137575785319,8.951175451278687,-3.213054915269216,2.243340810139974,-2.2207454641660056,0.4361921300490697,0.5010736485322317,0.5971982677777609,0.7128537893295288,0.864273468653361,0.941480835278829,0.8611883123715719,0.6240230202674866,0.41225961844126385,0.3053186982870102,0.30297158658504486,0.36394667625427246
0.0-0.75-0.25-0.25-0.25,0.19901948670546213,22050.0,2457.6588623737894,0.006664487888277411,6165.673828125,-187.91727193196616,157.0286432902018,7.787854512532552,23.46141242980957,17.13987414042155,10.067639350891113,11.315890312194824,6.844830830891927,6.63360579808553,5.278533776601155,3.7840336163838706,4.314051628112793,2.825710912545522,0.7737614115079244,0.8257577419281006,0.8911004066467285,0.9426729281743368,0.9902442693710327,0.9861770669619242,0.9105995297431946,0.8732820947964987,0.8311018943786621,0.7876611550649008,0.7178029815355936,0.6970746715863546
0.0-0.75-0.25-0.25-0.5,0.20252972344557443,312.1737064237095,3091.080877463501,0.008377363517259559,7292.578125,-63.440600077311196,132.67320760091147,-11.160921176274618,33.867926279703774,-8.045844296614328,22.59198506673177,-4.89123272895813,14.246997515360514,-3.0801194111506143,3.60738472143809,-4.677383899688721,1.9941805203755696,-7.026366233825684,0.7409298419952393,1.0,0.9036117792129517,0.686921497186025,0.42760926981767017,0.36896851162115735,0.45603320995966595,0.48309259613355,0.44796330730120343,0.29487481713294983,0.35614539682865143,0.5836308697859446
0.0-0.75-0.25-0.25-0.75,0.0050959788883725805,1269.9869609594373,2997.290032867127,0.007309529738752947,5727.83203125,-483.1008605957031,131.3892822265625,-49.392317136128746,18.6747727394104,-20.763802846272785,2.77493970716993,12.265270868937174,14.594779968261719,4.98216700553894,-0.3075881004333496,-5.064870357513428,-4.888209501902263,0.918400247891744,0.04456119367387146,0.0584018724039197,0.2726777543624242,1.0,0.23126190404097238,0.03782882172769556,0.03555224665130178,0.0378618057196339,0.03440688240031401,0.04687846110512813,0.10642416775226593,0.05293941621979078
0.0-0.75-0.25-0.5-0.0,0.02761008528371652,112.27159060671136,1523.777083180723,0.0020995080994907767,2648.583984375,-346.43690999348956,202.89346313476562,0.9859212239583334,19.288015365600586,4.791189511617024,9.679429690043131,1.2925246556599934,4.86830335855484,3.092587560415268,3.817556897799174,0.6876780986785889,1.9458565215269725,3.7765860160191855,0.8741977016131083,0.8314889868100485,0.7167260845502218,0.6336297790209452,0.6312022805213928,0.6236569484074911,0.5843089719613394,0.6094485421975454,0.5805879731973013,0.5570005377133688,0.5882287621498108,0.6740641395250956
0.0-0.75-0.25-0.5-0.25,0.2510853260755539,6499.8597832093765,4645.877425121668,0.010894482722505927,9560.7421875,-48.14868927001953,108.50647226969402,15.951766709486643,31.225833257039387,-22.90398406982422,25.98649724324544,-14.121852238972982,13.96149762471517,5.47406546274821,-2.2950586477915444,13.785467147827148,15.873904546101889,4.017857035001119,0.4494297206401825,0.5218748350938162,0.8301407098770142,0.4940423121054967,0.43292147914568585,0.4993951718012492,0.7905714909235636,0.80814262231191,0.4829391638437907,0.31803757945696515,0.32615997393925983,0.3660007119178772
0.0-0.75-0.25-0.5-0.5,0.07333417981863022,360.3877035342974,3377.354649781071,0.014973423288514217,7421.77734375,-148.19775390625,127.55894470214844,-23.007898966471355,26.51123809814453,-13.643132527669271,14.891527811686197,-6.129464467366536,8.188058535257975,-4.38170059521993,14.199324607849121,12.04691195487976,18.39460055033366,8.06513774394989,0.3844765325387319,0.2895902047554652,0.2881144384543101,0.316423624753952,0.32232052087783813,0.29793817301591236,0.4664596418539683,0.9017268021901449,0.94854203859965,0.4801212052504222,0.3182672510544459,0.42573118209838867
0.0-0.75-0.25-0.5-0.75,0.0419555294016997,14733.333333333334,2479.6853597741315,0.00323975095913435,5742.1875,-276.58953857421875,141.1981964111328,5.411981503168742,34.740203221639,4.687960306803386,20.49450620015462,4.394491990407308,13.507416407267252,3.6933325131734214,9.1913210550944,3.1458799044291177,6.971889654795329,2.9505869150161743,0.706325501203537,0.7847652037938436,0.8577901919682821,0.9101848006248474,0.9066490530967712,0.8977852066357931,0.8242872953414917,0.8001198967297872,0.8122780720392863,0.7967182795206705,0.7486579418182373,0.6848858197530111
0.0-0.75-0.25-0.75-0.0,0.11442545304695766,22050.0,1071.2285490709278,0.0017962141637083522,2519.384765625,-429.1746368408203,111.44068400065105,59.18528366088867,43.912598292032875,30.449920654296875,24.299537976582844,18.731611251831055,14.773337682088217,12.290902773539225,11.345298131306967,10.22743018468221,8.83337434132894,7.589231808980306,0.7437813679377238,0.8223381042480469,0.9040147463480631,0.9644885063171387,0.9916160504023234,0.9763652682304382,0.9148265918095907,0.8546051581700643,0.7926528453826904,0.722561260064443,0.6544000506401062,0.6452527642250061
0.0-0.75-0.25-0.75-0.25,0.08191343148549397,283.61705938058134,2012.0953036698045,0.0015480987979875256,4141.552734375,-223.07968139648438,161.572998046875,-2.982111612955729,37.51055399576823,-1.2590746879577637,24.68541367848714,-4.955857912699382,10.50639271736145,-2.4455062548319497,9.23779265085856,-3.101305683453878,5.317883014678955,-4.112031698226929,0.9291879336039225,0.9506211678187052,0.8740196426709493,0.7778881589571635,0.681740532318751,0.6196056008338928,0.6281358102957407,0.6556782027085623,0.641839474439621,0.6191485226154327,0.6212147871653239,0.7546536227067312
0.0-0.75-0.25-0.75-0.5,0.07594152664144833,14733.333333333334,2285.505928269054,0.0018861515951963763,5455.078125,-297.53693135579425,139.64899190266928,-0.32792361577351886,37.88173166910807,1.4809244473775227,22.136930465698242,2.5775707562764487,13.077826817830404,2.907654126485189,7.961680253346761,2.9803326527277627,5.3676613966623945,3.6686094999313354,0.8966876665751139,0.9150227506955465,0.9489331642786661,0.971672773361206,0.9570611715316772,0.8934783140818278,0.805817703406016,0.8000985383987427,0.8304634491602579,0.8031439979871114,0.7905818819999695,0.8162447611490885
0.0-0.75-0.25-0.75-0.75,0.05414195607105891,185.2248510171194,3074.1831719918628,0.005414568819105625,7048.53515625,-209.08488972981772,130.78071085611978,-17.36981137593587,37.28779411315918,-7.5396527747313185,23.1189759572347,-9.003873984018961,9.527305372059345,-12.709480921427408,-0.9371204376220703,-14.910048802693685,-2.6234147449334464,-9.567386309305826,0.2531557430823644,0.31935859223206836,0.2425046662489573,0.24271709471940994,0.2891613095998764,0.45786966880162555,0.8228148420651754,0.8011771241823832,0.5018694947163264,0.2889334248999755,0.19755673222243786,0.18947507006426653
0.0-0.75-0.5-0.0-0.0,0.16774673759937286,191.8074387357523,3681.1073397653613,0.015209967115273079,7974.462890625,-53.5607795715332,118.31925455729167,-27.564475536346436,22.288960456848145,-22.481613636016846,5.165224393208821,-18.060233116149902,6.960260510444641,-1.1035870412985485,12.901154200236002,-4.036791284879048,1.083808183670044,-1.1807281573613484,0.47555771470069885,0.3454006463289261,0.46433647473653156,0.42963603138923645,0.3297608941793442,0.7125839988390604,0.8363680243492126,0.3360944340626399,0.25667714575926465,0.26637645065784454,0.49185748895009357,0.8945716420809428
0.0-0.75-0.5-0.0-0.25,0.10891454170147578,474.4372195888734,3884.5753784270346,0.020870357751846313,8189.794921875,-87.70847956339519,113.07751719156902,-31.53793462117513,31.47869809468587,-19.61347548166911,13.333165804545084,-16.099036534627277,2.3429498275121055,-8.574140270551046,10.65611724058787,7.229597647984822,9.772596677144369,-5.263866384824117,0.37364139159520465,0.5299155712127686,0.40121256311734516,0.3890380809704463,0.4775568942228953,0.6994322588046392,0.7754658659299215,0.8166919549306234,0.5290931959946951,0.4737521509329478,0.29527481396993,0.30283211668332416
0.0-0.75-0.5-0.0-0.5,0.20151056349277496,130.8760424804992,3226.0081795060414,0.01256705184156696,7177.734375,-39.335202852884926,137.45573933919272,-19.789913813273113,26.717772165934246,-18.58945115407308,15.138772964477539,-8.01914385954539,11.539347171783447,-9.930617968241373,2.6195852359135947,-1.3687739372253418,14.279499053955078,2.323915719985962,0.44073209663232166,0.41955477992693585,0.4286617835362752,0.4915609061717987,0.7140576342741648,1.0,0.8369560639063517,0.6574836174647013,0.3871510128180186,0.43824998537699383,0.6183649996916453,0.4794394274552663
0.0-0.75-0.5-0.0-0.75,0.03648855040470759,1678.3292835292052,3692.0100916754395,0.00993750950631996,8670.703125,-245.06209309895834,113.34175872802734,-7.817413330078125,30.62070147196452,-5.0265588363011675,31.818848927815754,2.637223561604818,14.917963663736979,-14.604669253031412,-5.833702643712361,-2.8290096124013266,18.037473996480305,4.843034903208415,0.26626211280624074,0.24859293922781944,0.2799597904086113,0.35372617840766907,0.38109726707140607,0.36024468888839084,0.3389183282852173,0.5009936292966207,0.9848555525143942,0.8179017901420593,0.3827821612358093,0.2890272910396258
0.0-0.75-0.5-0.25-0.0,0.15431447327136993,220.45682182930514,2723.679711253471,0.006443213591410313,5505.322265625,-135.76559193929037,134.94735717773438,-31.28389835357666,30.963069279988606,6.521862308184306,6.685376167297363,-4.117963403463364,2.734119733174642,0.07571534315745036,1.3960706293582916,-0.06815497080485027,-2.7615620295206704,-3.494154930114746,0.2449159473180771,0.17078491176168123,0.09038764300445716,0.08404276675234239,0.1504619928697745,0.15899901278316975,0.18191024909416834,0.3001176764567693,0.54514146844546,1.0,0.8559667468070984,0.5058566033840179
0.0-0.75-0.5-0.25-0.25,0.058171335607767105,729.384077867771,4204.699341321079,0.0070363422855734825,9223.388671875,-207.29442342122397,89.69110997517903,-15.383880297342936,33.35871251424154,-25.52102216084798,4.809226353963216,-29.552920659383137,5.09019152323405,1.0669634342193604,26.073601404825848,11.501446723937988,20.437880833943684,14.105244636535645,0.0934711005538702,0.1386705661813418,0.09083918171624343,0.1082434110964338,0.18989903976519903,0.44318751494089764,0.8045425216356913,0.425783375898997,0.35749980186422664,0.29874614998698235,0.18830561886231104,0.11310129426419735
0.0-0.75-0.5-0.25-0.5,0.22047399977842966,516.2441322511262,4112.226691308692,0.00945568224415183,8950.634765625,-60.64293543497721,90.60191345214844,-37.13760630289713,31.49298667907715,-22.892770767211914,12.637049357096354,-28.584116617838543,1.305128852526347,-21.968146006266277,-2.7345333099365234,-10.214902420838675,5.956505139668782,-3.6526028315226235,0.9575403332710266,0.6241735517978668,0.2074622834722201,0.1370176950780054,0.2327911046644052,0.25468468324591714,0.2510361783206463,0.3529135137796402,0.2126606727639834,0.06634891048694651,0.08750031267603238,0.3762145936489105
0.0-0.75-0.5-0.25-0.75,0.15576057136058807,22050.0,1260.3110840555948,0.000528120799875372,2067.1875,-240.47771199544272,181.07330322265625,3.800483504931132,15.873448689778646,21.12946383158366,11.662829717000326,11.561179478963217,10.510601361592611,9.155093828837076,8.983264764149984,5.986354509989421,5.289335409800212,3.9055665135383606,0.8302292227745056,0.8752267360687256,0.9281237721443176,0.9702805678049723,0.9862558046976725,0.9665250579516093,0.892122228940328,0.8320560057957967,0.7729550004005432,0.7216625014940897,0.7180123726526896,0.75198366244634
0.0-0.75-0.5-0.5-0.0,0.01324765911946694,174.45803678292293,1368.6593081094559,0.0007811645749976984,2088.720703125,-460.8142801920573,184.24221801757812,-7.978044827779134,10.476823647816977,17.6556453704834,13.36309289932251,10.371787865956625,7.6442320346832275,10.046606063842773,4.8784027099609375,4.113668958346049,7.545108159383138,4.358141581217448,0.40139339367548627,0.4270439147949219,0.39543768763542175,0.5329340000947317,0.7158925930658976,1.0,0.9056411782900492,0.7210348645846049,0.4924453894297282,0.33597952127456665,0.21314362188180289,0.1955613282819589
0.0-0.75-0.5-0.5-0.25,0.062181081622838974,1598.2538691356897,4761.560406890664,0.008908330113627017,9833.49609375,-207.55196634928384,80.83894602457683,-20.738993962605793,38.37734349568685,-7.045799334843953,26.721181869506836,-15.191055615743002,19.88946533203125,-0.6869901021321615,9.705001831054688,-14.663423856099447,10.900193850199381,1.4319467544555664,0.24233363522216678,0.24576691444963217,0.273208054403464,0.26462161137411994,0.3072646278887987,0.3458483163267374,0.45635302861531574,1.0,0.4007581869761149,0.23281052863846222,0.23139676715557775,0.26184416841715574
0.0-0.75-0.5-0.5-0.5,0.14075894902149835,171.90872041421343,1195.1901551832827,0.0005939206469823451,1880.56640625,-234.84118143717447,201.8371124267578,-5.998388926188151,24.293960571289062,9.198829650878906,15.80641222000122,6.606938362121582,9.249794165293375,4.634401241938273,5.074985424677531,0.46478064854939777,-0.6481027007102966,-3.0241867701212564,0.37594887614250183,0.343406746784846,0.4579502691825231,0.5716319878896078,0.7330803871154785,0.8425595561663309,0.7791498104731241,0.7099820127089819,0.6275007029374441,0.4822160601615906,0.39742202560106915,0.4537612795829773
0.0-0.75-0.5-0.5-0.75,0.016509931224087875,134.2679248727451,3066.8238685528613,0.006829568378937741,7278.22265625,-325.8628641764323,131.12411499023438,-14.397806485493978,37.86807505289713,-8.372644424438477,26.71383285522461,-4.018141840895017,13.613574981689453,-2.583172639211019,9.319088796774546,-3.046630541483561,4.068909645080566,0.8942317267258962,0.42165974775950116,0.5864148338635763,0.6748141050338745,0.6316360632578532,0.8244066635767618,0.9644028147061666,0.8837858438491821,0.954353948434194,0.9231176972389221,0.9095557928085327,0.6998158891995748,0.44283119837443036
0.0-0.75-0.5-0.75-0.0,0.21914718548456827,14733.333333333334,2115.4967614683064,0.0026498699541358897,4823.4375,-135.3606211344401,153.71678161621094,-2.4879745642344155,40.30795160929362,0.8377294540405273,22.188989639282227,2.994796415170034,12.753628571828207,2.0827487309773765,5.619218488534291,0.4419303735097249,2.070499897003174,1.0015479723612468,0.8716442584991455,0.9387176434199015,0.8872179388999939,0.8915503819783529,0.9063309629758199,0.7765323917071024,0.6900131901105245,0.6690673828125,0.6919713219006857,0.7516238292058309,0.7412257393201193,0.769737958908081
0.0-0.75-0.5-0.75-0.25,0.00487960772200798,396.01113748792386,1405.9318935534386,0.0004762757101464861,2354.296875,-597.6437581380209,175.19861348470053,-5.007359504699707,8.46003786722819,9.130756378173828,9.612125635147095,8.1045610109965,5.8756171862284345,13.481046676635742,19.64000193277995,15.31884511311849,-0.6815001169840494,-7.54677414894104,0.5263804197311401,0.3984880882004897,0.395799670368433,0.41228838823735714,0.4252827962239583,0.4442014166464408,0.4195466972887516,0.40520955498019856,0.4137856649855773,0.4263591381410758,0.5513165295124054,0.9562795559565226
0.0-0.75-0.5-0.75-0.5,0.032654197265704475,22050.0,1002.1282071479769,0.0003513649408546371,1937.98828125,-443.2588195800781,196.2458241780599,31.14194679260254,30.933802286783855,6.779574076334636,15.341014544169107,5.000878810882568,11.094110171000162,5.39302674929301,9.669644037882486,5.498520374298096,7.572989304860433,2.6626261472702026,0.817524790763855,0.8623675107955933,0.9200641910235087,0.9598797957102457,0.9822554787000021,0.981407105922699,0.9332426985104879,0.8743429382642111,0.8221489588419596,0.7985455989837646,0.7784380714098612,0.7617907325426737
0.0-0.75-0.5-0.75-0.75,0.0997009351849556,14733.333333333334,2027.7625130985252,0.0009299811305633435,4643.994140625,-274.33855692545575,142.77462768554688,1.449120044708252,37.33928553263346,2.4379798571268716,22.784759521484375,3.1126438776652017,14.784637769063314,3.3886753718058267,9.935596625010172,3.4652717113494873,7.162683963775635,3.4549871385097504,0.8481322725613912,0.9167210459709167,0.9098158081372579,0.9295046528180441,0.9743917981783549,0.9485600789388021,0.8807952602704366,0.8555887341499329,0.8060231804847717,0.8003667990366617,0.764254609743754,0.7897836963335673
0.0-0.75-0.75-0.0-0.0,0.1041569138566653,366.75150947777075,1348.182575081753,0.00033987318450575305,2440.4296875,-266.44854736328125,180.70006306966147,-37.86900011698405,26.648143768310547,11.819377422332764,0.7141644159952799,3.7665799458821616,-0.07117660840352376,-2.7078365484873452,-5.617398262023926,-7.3245885372161865,-9.51736561457316,-5.254708925882976,0.05058626706401507,0.15013684829076132,0.08078734576702118,0.06818961949708562,0.17906254157423973,0.5328251620133718,1.0,0.5908072392145792,0.17469542349378267,0.056342166693260275,0.057298438313106693,0.03305108604642252
0.0-0.75-0.75-0.0-0.25,0.19589644173781076,204.787548426663,3556.6571741809835,0.010145005925248066,7945.751953125,-69.42778905232747,119.76837158203125,-27.09586811065674,30.482394536336262,-18.549019018809002,20.419904073079426,-5.134787877400716,18.443326632181805,-3.184707204500834,6.048900445302327,-15.122458140055338,-3.653677145640055,-8.584901332855225,0.36633867025375366,0.4755487342675527,0.4519023696581523,0.3119026372830073,0.2969881494839986,0.38111627101898193,0.569818248351415,0.7766588032245636,0.7866856455802917,0.6496716141700745,0.4733479122320811,0.46805863579114276
0.0-0.75-0.75-0.0-0.5,0.06363515680034955,14733.333333333334,2367.3120638317323,0.006977176884599127,5813.96484375,-297.06049092610675,132.76195780436197,20.61775843302409,19.459150950113933,19.527796109517414,13.99587885538737,9.842251777648926,9.52267583211263,5.029603163401286,2.7897961934407554,2.014233430226644,1.4013066291809082,2.9308865865071616,0.8346547881762186,0.8598446647326151,0.8980080087979635,0.9187438686688741,0.9549260338147482,0.955865760644277,0.9141276677449545,0.9010916153589884,0.8931413491566976,0.8885554671287537,0.8564169804255167,0.7995409170786539
0.0-0.75-0.75-0.0-0.75,0.1431649923324585,328.9207971659968,3430.8006632295087,0.010293421801179647,7644.287109375,-90.52173105875652,121.0904032389323,-27.873734792073567,33.99917221069336,-11.613746166229248,20.37169138590495,-11.628402709960938,9.097944716612497,-7.604830503463745,8.706748008728027,-2.411072572072347,5.644977609316508,-5.536591053009033,0.3009464393059413,0.26904555410146713,0.3825141290823619,0.5626962880293528,0.8961669007937113,0.7678665916124979,0.4004042347272237,0.2649192238847415,0.22488567481438318,0.17097958301504454,0.2528644601504008,0.34881893793741864
0.0-0.75-0.75-0.25-0.0,0.07141098752617836,116.76073570467754,2543.5604740619524,0.003470454908286532,5806.787109375,-215.8232421875,145.24817911783853,-3.9033177693684897,30.434354782104492,0.5555082956949869,31.154598236083984,15.167167981465658,11.222949186960856,-11.951347351074219,3.888782779375712,3.607142210006714,9.2542884349823,3.6287649869918823,0.8318289120992025,0.6813737750053406,0.5771987537542979,0.5006759067376455,0.47296789288520813,0.5741857687632242,0.6519025266170502,0.6391387979189554,0.7077569166819254,0.9056458075841268,0.969789187113444,0.9119778275489807
0.0-0.75-0.75-0.25-0.25,0.09128246145943801,14733.333333333334,2293.539724162159,0.0025319731939816847,5419.189453125,-270.1809794108073,135.95178731282553,6.85582701365153,33.52346102396647,5.839324474334717,20.48294512430827,5.389438668886821,13.129380226135254,5.073951244354248,8.886418342590332,4.693986415863037,6.417519569396973,4.457076231638591,0.8196068604787191,0.8329365849494934,0.8851121266682943,0.9502538641293844,1.0,0.993296762307485,0.9573955535888672,0.920127272605896,0.8677780628204346,0.8353406389554342,0.8011898994445801,0.7706130941708883
0.0-0.75-0.75-0.25-0.5,0.12360636641581853,313.44467721130235,3623.8900215741473,0.007583064162948479,8240.0390625,-131.54578653971353,95.73531087239583,-27.325843811035156,39.624024073282875,-15.281669934590658,15.485413551330566,-18.80950991312663,2.375452438990275,-14.998556772867838,3.7298389275868735,-9.723320086797079,-0.29980289936065674,-9.862252712249756,0.08813951443880796,0.21052121246854463,0.5813295841217041,1.0,0.6565143267313639,0.2115386314690113,0.07793454018731912,0.09292406588792801,0.052477050883074604,0.07767641730606556,0.15778536349534988,0.08042493152121703
0.0-0.75-0.75-0.25-0.75,0.0744524175922076,1297.5460103311832,6395.917413797196,0.009255745875028273,11312.109375,-223.91415405273438,25.090842088063557,-19.850999514261883,35.098411560058594,-4.10993766784668,19.519808451334637,2.823165496190389,40.04833094278971,5.452428708473842,-2.095750093460083,-8.166200160980225,11.856970310211182,-2.0352512995402017,0.16190260648727417,0.016603294294327497,0.019979532497624557,0.03393030601243178,0.06628319372733434,0.0282471530760328,0.042768492052952446,0.01812022691592574,0.019371877734859783,0.016890473042925198,0.1694138397773107,1.0
0.0-0.75-0.75-0.5-0.0,0.07917493457595508,7418.971341688957,2169.3039334243063,0.002035485245869495,5017.236328125,-274.5437978108724,143.42134602864584,4.668707847595215,43.159023920694985,2.3982772827148438,26.65846602121989,1.3252417246500652,17.511332511901855,1.9743714332580566,13.7687619527181,3.9969188968340554,10.512978871663412,1.4673301378885906,0.7364103396733602,0.7101842363675436,0.7377916971842448,0.8310074210166931,0.9264221588770548,0.9632460077603658,0.9343157410621643,0.9461909731229147,0.9307770331700643,0.9403950572013855,0.8736531535784403,0.7795592347780863
0.0-0.75-0.75-0.5-0.25,0.05392656475305557,22050.0,697.8754710222087,0.00020586239675609205,803.90625,-503.77989705403644,151.4214630126953,71.22417704264323,56.82724634806315,40.31515121459961,29.969305674235027,24.254597981770832,19.05679194132487,14.792720794677734,10.066006660461426,6.360175132751465,4.237649122873942,3.1228842735290527,1.0,0.9326158761978149,0.8779992063840231,0.8394361138343811,0.8276580373446146,0.7999658187230428,0.7247177163759867,0.7122422258059183,0.722395638624827,0.7673019965489706,0.8613278865814209,0.9462912281354269
0.0-0.75-0.75-0.5-0.5,0.09397381047407787,22050.0,2262.205960516283,0.0017762448211821418,5455.078125,-261.63572692871094,143.79309590657553,-0.45101038614908856,38.29100799560547,-0.21037928263346353,24.041356404622395,0.44502973556518555,15.963765462239584,0.9617760181427002,10.826869328816732,1.4885246753692627,7.776712576548259,2.062115098039309,0.8424589236577352,0.872277836004893,0.9210508664449056,0.963951567808787,1.0,0.9888676206270853,0.9373693664868673,0.9083177844683329,0.8812967737515768,0.8451977173487345,0.8057743509610494,0.7892264326413473
0.0-0.75-0.75-0.5-0.75,0.053357829650243126,356.34536373430484,4671.317405144728,0.018208717228844762,9481.787109375,-180.52291870117188,63.59209696451823,-52.98531595865885,29.37759526570638,-26.893099466959637,21.471766153971355,-14.424875418345133,10.353846232096354,-9.341078201929728,10.304560979207357,-10.622542440891266,1.8263208071390789,-4.501571764548619,0.6380239129066467,0.20830187698205313,0.15124591439962387,0.25702067216237384,0.3718298574288686,1.0,0.40139617522557575,0.19293002287546793,0.16640785584847131,0.37733685970306396,0.11728554467360179,0.19527743756771088
0.0-0.75-0.75-0.75-0.0,0.13892729083697,251.89321798300193,2375.851338249579,0.003067608418253561,4859.326171875,-154.40077463785806,150.47625223795572,-39.51313781738281,16.877719561258953,-11.386802911758423,10.841988881429037,-12.425880750020346,-1.2851823965708415,-12.246809005737305,-0.8773418267567953,-8.94764518737793,-3.188804109891256,-5.320404052734375,0.841497560342153,0.3195557693640391,0.13551518817742667,0.0853019046286742,0.06773718881110351,0.1370848094423612,0.19626164436340332,0.14655401557683945,0.14135822902123132,0.31130675474802655,0.7771411538124084,1.0
0.0-0.75-0.75-0.75-0.25,0.013188319280743599,183.69924920406154,1825.4749009313975,0.003182816129992716,3883.154296875,-454.60150146484375,175.98179626464844,8.503753662109375,35.19563102722168,8.501673460006714,13.42387580871582,6.473812262217204,8.327065308888754,3.4713892141977944,2.7343548933664956,-1.5503535270690918,-0.11270515124003093,0.45105138917764026,0.409893532594045,0.45430970191955566,0.4391560951868693,0.47839997212092084,0.5820995767911276,0.7318750023841858,0.8243680993715922,0.906594971815745,0.7122416893641154,0.4859361747900645,0.38896573583285016,0.37494439880053204
0.0-0.75-0.75-0.75-0.5,0.12175333499908447,509.23487603996904,5069.895224898119,0.02900424102942149,11979.638671875,-73.65156809488933,97.44389088948567,-13.761889457702637,27.20465914408366,-17.728711128234863,19.806783040364582,-20.384070078531902,16.734180132548016,-19.16441599527995,10.239919185638428,-7.523825168609619,0.7018647193908691,-8.132263024648031,0.9888363083203634,0.584420770406723,0.2895696933070819,0.1966638813416163,0.1821974366903305,0.16780690600474676,0.20448688169320425,0.32550719380378723,0.2709528108437856,0.2814592644572258,0.4358266741037369,0.7175300816694895
0.0-0.75-0.75-0.75-0.75,0.04116174578666687,206.03247615038845,3264.0940636132505,0.011591981941213211,7292.578125,-207.14749654134116,132.27521260579428,-17.586262067159016,30.141194025675457,-9.469783107439676,14.379923661549887,-7.839128017425537,6.625221411387126,-9.982303380966187,0.16705256700515747,-5.5233941078186035,-2.1116104125976562,-5.965503692626953,0.298690602183342,0.2949323207139969,0.2310516188542048,0.20729749401410422,0.21221777300039926,0.2990099986394246,0.4685047169526418,0.8061520655949911,0.9338786403338114,0.4815008242925008,0.23846174776554108,0.2578566347559293
0.25-0.0-0.0-0.0-0.0,0.11910771081844966,22050.0,2614.6664320879595,0.005972826213110238,6079.541015625,-171.07611846923828,137.179931640625,-2.398134231567383,39.50115203857422,2.4012206395467124,21.6784029006958,2.057170867919922,13.61242151260376,-1.2279133001963298,6.460634549458821,-0.24503548940022787,6.77482255299886,4.55291489760081,0.9202896356582642,0.9045664469401041,0.9057600696881613,0.8673937519391378,0.8679879109064738,0.870833138624827,0.7980926036834717,0.797564427057902,0.849786619345347,0.8434991240501404,0.8744359413782755,0.9275073806444804
0.25-0.0-0.0-0.0-0.25,0.05333151171604792,14835.548067323603,1727.3124534524507,0.0018622749192237127,4076.953125,-427.17176818847656,106.03596750895183,22.5703204870224,33.8535525004069,17.168899476528168,20.466867129007976,11.730514526367188,13.71168581644694,11.223332405090332,12.329052925109863,9.787579695383707,7.591305255889893,6.793815950552623,0.8231262365976969,0.8742878635724386,0.9298651218414307,0.9727692008018494,0.9989900787671407,0.9905187288920084,0.9491611321767172,0.9114505052566528,0.8708090384801229,0.8252958655357361,0.7716307838757833,0.7480484445889791
0.25-0.0-0.0-0.0-0.5,0.09195966025193532,134.67593428534954,2513.180185572415,0.0034991742577403784,5979.052734375,-164.09025065104166,147.07733662923178,-8.963132818539938,45.14760208129883,-6.724337895711263,26.35462824503581,-6.971493363380432,15.655590693155924,-4.360426266988118,12.352802435557047,-0.8112296263376871,8.886151949564615,-1.1752837498982747,0.8770589232444763,0.9125144879023234,0.9203214049339294,0.8835921287536621,0.7586801846822103,0.6724692483743032,0.562192459901174,0.6312868893146515,0.7839055856068929,0.8362501859664917,0.7184775074323019,0.7385261654853821
0.25-0.0-0.0-0.0-0.75,0.09532744685808818,758.3681207801222,4379.259259458854,0.016933978845675785,9036.767578125,-105.71299997965495,91.88654073079427,-35.932420094807945,47.58535512288412,-4.702990293502808,40.45130411783854,-3.755304137865702,4.87847359975179,-19.86273701985677,12.742939154307047,8.472690979639689,9.88662020365397,-19.210543314615887,0.6807084480921427,0.3291211873292923,0.4016411205132802,0.3424190729856491,0.3143862187862396,0.37489410241444904,0.4369154026110967,0.37254096070925397,0.35360441356897354,0.3706240803003311,0.4467390974362691,0.9930935502052307
0.25-0.0-0.0-0.25-0.0,0.05420816317200661,100.0,2584.1664050840777,0.004017996058488886,5957.51953125,-209.96369425455728,151.46219889322916,-13.29949982961019,39.64744567871094,-12.458192666371664,25.3327153523763,-6.762015183766683,14.807846069335938,-9.840677261352539,7.9240498542785645,-1.2774182955423992,9.304778575897217,-4.07715900739034,0.7065004209677378,0.5158648490905762,0.5092190007368723,0.5429587264855703,0.564399798711141,0.6901874840259552,0.7211143970489502,0.7819633881251017,0.8136622905731201,0.8431663910547892,0.8184543053309122,0.7809872130552927
0.25-0.0-0.0-0.25-0.25,0.09118936955928802,7421.556832983573,1561.3792153809234,0.0009367290858790511,3194.091796875,-307.72113545735675,161.63119252522787,13.623009840647379,25.8194637298584,16.05832036336263,11.343464533487955,12.7446928024292,8.413743813832602,9.250946044921875,8.387911478678385,7.769124984741211,9.491624196370443,8.544990380605062,0.8800751368204752,0.908501942952474,0.9547885656356812,0.9849681854248047,0.995790700117747,0.9924083749453226,0.9330407778422037,0.891930361588796,0.8916016618410746,0.8684036731719971,0.8242056965827942,0.8144871393839518
0.25-0.0-0.0-0.25-0.5,0.08258805051445961,1093.2205268141424,1448.9018837606175,0.00047953823498877074,2576.806640625,-266.3309377034505,187.61891174316406,-25.623009999593098,18.829993565877277,-1.4391088485717773,-1.732752005259196,5.691336154937744,14.247419993082682,20.941312789916992,17.298092524210613,8.900765975316366,-9.702375570933023,-13.92734464009603,0.8330259124437968,0.9073998928070068,0.6211148997147878,0.38462599615255993,0.36936533947785694,0.39561351637045544,0.37459230422973633,0.35331419110298157,0.34441545605659485,0.3767913480599721,0.43089933196703595,0.6570641448100408
0.25-0.0-0.0-0.25-0.75,0.16900216042995453,399.7646219228903,3302.0215925333755,0.0044858152978122234,7536.62109375,-109.61487579345703,115.01327006022136,-25.883324305216473,41.72644805908203,-13.441116333007812,27.42160924275716,-8.675500671068827,11.56611998875936,-22.223927179972332,-4.297467867533366,-17.816271781921387,1.104580024878184,-3.3933436075846353,0.20776785289247832,0.12465812110652526,0.1501095543305079,0.12658896297216415,0.13207437129070362,0.2246769554913044,0.4042571783065796,0.8268980880578359,0.8122506539026896,0.44126370300849277,0.24259000830352306,0.24782612298925719
0.25-0.0-0.0-0.5-0.0,0.17335878809293112,436.8338079578234,1387.8877826731175,0.0007327841231017374,2497.8515625,-184.11780293782553,195.01221720377603,-14.851104150215784,27.428067525227863,8.790709972381592,12.62069813410441,5.9146807591120405,1.5471301078796387,1.7754253546396892,-0.45627228418986004,0.9460146427154541,-0.05293454726537069,2.238309661547343,0.7837090690930685,0.6174762298663458,0.5773707156380018,0.5878721674283346,0.6011187533537546,0.6051186819871267,0.5920951416095098,0.5236142252882322,0.5258064866065979,0.5984876304864883,0.8128339449564616,0.9635926882425944
0.25-0.0-0.0-0.5-0.25,0.041462820023298264,22050.0,2016.5222859025134,0.0035243818675856583,4966.9921875,-456.1460418701172,92.73681259155273,21.382774353027344,24.230731964111328,18.98373254140218,18.875699043273926,16.62212880452474,15.481246948242188,13.723124821980795,12.527103424072266,11.178770860036215,10.164936542510986,9.104317824045816,0.8234663208325704,0.8742722868919373,0.9282606840133667,0.9712913433710734,0.9989678263664246,0.9959599375724792,0.9655565420786539,0.9295397202173868,0.8862293759981791,0.8361355264981588,0.7786451180775961,0.7528042197227478
0.25-0.0-0.0-0.5-0.5,0.00011881756775740844,22050.0,1746.6286842784448,0.0014110281889164373,4198.974609375,-990.6036173502604,84.18311945597331,22.848689397176106,18.740259170532227,17.156070073445637,14.53743044535319,12.848591168721518,12.33998998006185,10.625746409098307,10.206923961639404,9.509851614634195,8.764569600423178,8.489270210266113,0.8137351274490356,0.8667270541191101,0.9236666957537333,0.9695674180984497,0.9990848302841187,0.9960235158602396,0.9626349806785583,0.9241880377133688,0.8781988620758057,0.8251368403434753,0.7654069264729818,0.7401490410168966
0.25-0.0-0.0-0.5-0.75,0.2111596887310346,7543.311908310706,1868.293426937092,0.001184450806855845,3861.62109375,-223.47333272298178,141.38358052571616,4.612467130025228,37.21531550089518,1.3352216084798176,25.070430119832356,0.35199817021687824,17.736507097880047,0.9375819365183512,12.252774556477865,1.801681359608968,8.94800090789795,2.1675921976566315,0.8383461435635885,0.8910684188206991,0.9051014383633932,0.9179209073384603,0.8930085102717081,0.9113302826881409,0.9340472221374512,0.9352824489275614,0.8956024448076884,0.8768558104832967,0.7977937658627828,0.7516818443934122
0.25-0.0-0.0-0.75-0.0,0.06123364344239235,618.0722360126271,3139.44881523442,0.0052631885434190435,6847.55859375,-193.94088236490884,126.44814554850261,-33.40508524576823,34.40444564819336,-23.885647455851238,17.304040273030598,-13.586924235026041,16.28523890177409,-11.971452077229818,6.594046592712402,-7.9512598514556885,10.564756711324057,9.325810511906942,0.35444461554288864,0.45440738648176193,0.6315533816814423,0.840548038482666,0.7027226785818735,0.24693563580513,0.17402163644631705,0.19383414586385092,0.193373108903567,0.17430678506692251,0.20358740290006003,0.2573181241750717
0.25-0.0-0.0-0.75-0.25,0.07531079153219859,7416.666666666667,1081.0167208579085,0.0005788105461685215,1758.544921875,-345.50670369466144,196.91546630859375,43.917232513427734,24.260722478230793,17.724193572998047,11.386983553568522,9.72102133433024,8.864055633544922,5.6510419845581055,5.1931807200113935,3.2056849797566733,2.663817882537842,3.760544697443644,0.897743304570516,0.8269011775652567,0.7823190689086914,0.8129381537437439,0.8610455393791199,0.8693400224049886,0.8474653561909994,0.7951948046684265,0.8225451509157816,0.8909839789072672,0.951227088769277,0.9287661711374918
0.25-0.0-0.0-0.75-0.5,0.04719271883368492,1856.7127025496193,6014.164409189878,0.00962429289938882,11182.91015625,-271.2015686035156,14.226968765258789,-43.10512034098307,22.881333629290264,-17.306865056355793,37.64983558654785,-5.881123065948486,5.931384404500325,-22.675413767496746,9.130428314208984,2.833682656288147,18.210487365722656,-9.613805770874023,0.008275462275681397,0.008427099945644537,0.016382847912609577,0.009921458084136248,0.01535080031802257,0.08234349762399991,0.018401066462198894,0.007491906406357884,0.01007462665438652,0.17011476556460062,1.0,0.19476710756619772
0.25-0.0-0.0-0.75-0.75,0.06904353449742,137.45765222127025,2034.8009640716355,0.0024485374063563845,4184.619140625,-216.35306294759116,172.02173868815103,-16.82474660873413,36.155863444010414,-2.315861543019613,20.15011692047119,-2.4522318045298257,12.140985488891602,-2.9977184931437173,5.424644549687703,-1.3569293022155762,6.969259262084961,3.231493095556895,0.7303583522637686,0.9466249744097391,0.8184491991996765,0.7637771268685659,0.716852734486262,0.745362401008606,0.650648425022761,0.5999836723009745,0.6546122928460439,0.6238270401954651,0.5505870282649994,0.5581961572170258
0.25-0.0-0.25-0.0-0.0,0.10108387470245361,14733.333333333334,2206.0678994088125,0.0037153459725232096,5289.990234375,-236.46385701497397,164.46104431152344,4.576862970987956,24.172309239705402,13.733527819315592,13.275693893432617,10.765767733256022,9.12635326385498,9.06087843577067,6.20409615834554,5.9448403517405195,4.544777472813924,5.302737236022949,0.8761921922365824,0.8370664119720459,0.8601805170377096,0.9046371976534525,0.9375104308128357,0.9402005672454834,0.8978517651557922,0.8313472072283427,0.8041267395019531,0.8263449867566427,0.8661268353462219,0.8733915289243063
0.25-0.0-0.25-0.0-0.25,0.22120978931585947,227.8168893622153,3144.5170885148377,0.009264189439515272,6919.3359375,-45.30975341796875,130.3858439127604,-20.797835290431976,38.45227305094401,-6.209412415822347,18.907991409301758,-3.2711785634358725,16.86605930328369,2.4392224152882895,8.955825487772623,-8.25381056467692,-5.443560838699341,-11.85421625773112,0.6356582641601562,0.9199775060017904,0.7633390029271444,0.5039214889208475,0.5521592895189921,0.6839148799578348,0.5422088404496511,0.38836101194222766,0.38231468200683594,0.5647325317064921,0.6910927792390188,0.5262430061896642
0.25-0.0-0.25-0.0-0.5,0.04204585092763106,22050.0,1864.627798374894,0.0025002642087463647,4658.349609375,-430.1890360514323,97.17698415120442,25.460711161295574,30.51801300048828,20.323259989420574,22.622339884440105,16.37910270690918,17.227436065673828,12.996262868245443,12.973730564117432,10.191574494043985,9.79498545328776,7.980750719706218,0.8021856546401978,0.8571138779322306,0.9176854689915975,0.9662285645802816,0.9981523354848226,0.9936780134836832,0.9510124921798706,0.9091261625289917,0.8615971207618713,0.8082994023958842,0.748815635840098,0.7247981429100037
0.25-0.0-0.25-0.0-0.75,0.24911436438560486,278.0136662017647,2835.058420957472,0.007179384459353362,6309.228515625,-56.78527069091797,141.2695058186849,-15.97409184773763,34.45910517374674,-17.437917709350586,21.6630916595459,-1.2407534917195637,13.511337280273438,-9.620975494384766,8.090394655863443,1.3418954213460286,10.061582883199057,4.68650750319163,0.7502385079860687,0.7113040486971537,0.6274694999059042,0.4990609089533488,0.639550469815731,0.7111519674460093,0.46281516551971436,0.39702772597471875,0.32280802726745605,0.321201612552007,0.3640924592812856,0.5675231019655863
0.25-0.0-0.25-0.25-0.0,0.0678876464565595,220.04144062197008,1674.7113897720972,0.0017525690316044045,3115.13671875,-306.0028991699219,176.25226338704428,17.672922134399414,8.318705717722574,10.825271805127462,7.1203915278116865,7.302247842152913,5.170658429463704,0.30800660451253253,1.6038593451182048,0.4581131935119629,-2.5967841148376465,-5.0573723812898,0.2576064070065816,0.21627449865142503,0.16044238427033028,0.16889414408554634,0.245540680984656,0.24641487871607146,0.270645039776961,0.3810339818398158,0.6534611185391744,1.0,0.7544754147529602,0.4167604198058446
0.25-0.0-0.25-0.25-0.25,0.1633679469426473,1341.6638995703638,5107.964252824638,0.008165440910185376,10256.982421875,-141.34931437174478,40.72737375895182,-51.79582595825195,-3.02520751953125,-30.511850992838543,23.406596501668293,5.1300878922144575,29.71151351928711,-2.645489970842997,-2.41306338707606,-21.622791926066082,2.072859764099121,17.568086942036945,0.007127623151366909,0.007867563050240278,0.01873465906828642,0.2157405565182368,1.0,0.2317781299352646,0.01643380840929846,0.007746984212038417,0.0069492698336641,0.003890788745290289,0.006306461291387677,0.023127703617016476
0.25-0.0-0.25-0.25-0.5,0.042430841053525604,22050.0,1929.2838862337248,0.0028114484620236357,4787.548828125,-428.3831837972005,97.055238087972,26.60071563720703,28.877030690511067,22.334147135416668,21.013872782389324,17.884862263997395,16.1296173731486,13.906851450602213,12.333817481994629,10.677687644958496,9.433438618977865,8.222894191741943,0.8052699367205302,0.8594338099161783,0.919174075126648,0.966923455397288,0.9982906182607015,0.9936760067939758,0.9516773025194804,0.9106435577074686,0.8639640609423319,0.8114121357599894,0.7524582147598267,0.7285722692807516
0.25-0.0-0.25-0.25-0.75,0.1415628269314766,442.3755335353765,2957.2471031282807,0.004875610039258997,6201.5625,-101.73058573404948,137.39661407470703,-43.57536061604818,27.468068440755207,-25.634618123372395,15.593561172485352,-20.0866273244222,7.851769924163818,-12.059108098347982,11.810627619425455,-4.206255118052165,2.704315279920896,-5.535005966822307,0.20962085078159967,0.19587658594051996,0.1710573509335518,0.107406680782636,0.200797105828921,0.23173338174819946,0.15593829502662024,0.21950836976369223,0.4713323265314102,0.9791462024052938,0.7070329586664835,0.33192453781763714
0.25-0.0-0.25-0.5-0.0,0.058704846849044166,107.38958286534927,1243.650229723563,0.0005858078226689637,2081.54296875,-342.07262166341144,192.34049479166666,-3.831827163696289,25.378211975097656,10.11313501993815,15.137437184651693,8.893374760945639,9.156853357950846,6.578667640686035,5.779416720072429,5.195057074228923,4.213147481282552,4.224072217941284,0.770613451798757,0.7354419827461243,0.7773872415224711,0.9053524136543274,0.9140996932983398,0.9023758172988892,0.835740864276886,0.8014211257298788,0.7877719203631083,0.797381321589152,0.8231671452522278,0.8281635840733846
0.25-0.0-0.25-0.5-0.25,0.13119570662577948,268.1419633317936,3529.4837366926217,0.00820589050029715,7450.48828125,-112.65801239013672,109.46947224934895,-40.776402155558266,40.412943522135414,-8.58183733622233,25.850737889607746,-8.15117327372233,8.159846067428589,-10.524529139200846,4.976764520009358,-6.327559312184651,2.2729407946268716,-10.060017903645834,0.14758462210496268,0.12838866437474886,0.21132667859395346,0.4232777754465739,0.931009829044342,0.6484865645567576,0.38391689707835513,0.29314881811539334,0.33092011014620465,0.15916012103358904,0.19424440960089365,0.34619010984897614
0.25-0.0-0.25-0.5-0.5,0.03562315056721369,100.71725513771592,2526.6278545895584,0.003997011420627435,5569.921875,-290.87851969401044,144.3835245768229,-6.600902875264485,35.598733266194664,4.816617329915364,18.753982543945312,1.4528668721516926,12.819348653157553,2.4263739585876465,6.651654620965322,3.5550154050191245,3.7468481063842773,2.3101494312286377,0.7329563101132711,0.629381000995636,0.584056576093038,0.6400243441263834,0.7773435314496359,0.8056073387463888,0.68746550877889,0.5870159069697062,0.602896511554718,0.6677822669347128,0.6759931743144989,0.6938692728678385
0.25-0.0-0.25-0.5-0.75,0.009263539997239908,259.2590546491797,3141.542568662601,0.019590508774854243,7163.37890625,-382.27492268880206,141.030029296875,2.1884330113728843,4.8988674481709795,-5.186475912729899,10.558880488077799,-3.0907903561989465,6.514805893103282,-8.103782773017883,4.286869466304779,-4.541423320770264,1.8233062823613484,-1.995257596174876,0.5326531628767649,0.8952640096346537,0.5088551143805186,0.27816429485877353,0.312126237899065,0.35864872857928276,0.36877558132012683,0.3781746452053388,0.39687852561473846,0.23255896816651025,0.19803512344757715,0.2847161690394084
0.25-0.0-0.25-0.75-0.0,0.0023718869391207895,192.42516519541843,2020.4749873344479,0.0021717598817000785,3976.46484375,-540.9489135742188,166.35904947916666,-23.403321901957195,31.79026158650716,2.9074361522992453,11.629950205485025,1.7767026921113331,7.47267762819926,0.7460196614265442,5.342565377553304,0.7997597853342692,3.1463800271352134,-1.1068542798360188,0.48415282368659973,0.7704815864562988,0.928691585858663,0.814215620358785,0.5699081321557363,0.4731964593132337,0.4052141507466634,0.3742782883346081,0.3547877073287964,0.357788289586703,0.33849021544059116,0.3478676850597064
0.25-0.0-0.25-0.75-0.25,0.107648399968942,100.0,1977.4715417259806,0.0013779316019887726,4148.73046875,-197.95709737141928,161.05252583821616,-9.237565517425537,35.699188232421875,2.892615000406901,20.711379369099934,3.203367233276367,13.762140909830729,2.156388600667318,9.596951961517334,2.5541160901387534,7.2166140874226885,2.2923854986826577,0.865233858426412,0.8863943020502726,0.9280060529708862,0.9134722550710043,0.8404667178789774,0.8182597458362579,0.7562150955200195,0.7398549914360046,0.776159942150116,0.7614708741505941,0.7473720709482828,0.8078903158505758
0.25-0.0-0.25-0.75-0.5,0.08518135299285252,7430.327527949304,2284.770071017138,0.007400431587351856,5641.69921875,-241.5918731689453,184.17524210611978,22.905224482218426,18.839169184366863,16.094506581624348,9.02083683013916,9.799222310384115,6.679239749908447,2.315176328023275,0.5823197364807129,-1.654273271560669,1.0052576065063477,3.8146732648213706,0.8193651636441549,0.850191593170166,0.885624627272288,0.8957117001215616,0.9454145034154257,0.8268428842226664,0.7682109475135803,0.755145251750946,0.7981659770011902,0.7844763596852621,0.8781401713689169,0.9018521308898926
0.25-0.0-0.25-0.75-0.75,0.18610621492067972,22050.0,2347.5895999655695,0.002480283573580285,5361.767578125,-171.93750508626303,136.69898478190103,8.760321617126465,33.38433074951172,7.772928237915039,21.12354914347331,6.371157328287761,14.433816909790039,5.101613521575928,10.40611489613851,4.387537042299907,8.027670542399088,3.9964461028575897,0.9491219520568848,0.9577357371648153,0.957951009273529,0.8932983875274658,0.8446835478146871,0.7887420654296875,0.7849467396736145,0.7933519879976908,0.8302799065907797,0.8226672808329264,0.8017682631810507,0.8626843293507894
0.25-0.0-0.5-0.0-0.0,0.18865033984184265,8602.049599404245,3941.605518525188,0.006267211011921366,9768.896484375,-102.51337178548177,119.86157989501953,9.904481410980225,39.07805633544922,-6.04348357518514,26.606121063232422,-3.1798999110857644,22.857107798258465,-10.204683780670166,9.46344486872355,7.222365220387776,-4.481579144795735,3.849635601043701,0.6520704130331675,0.6639343003431956,0.8418057560920715,0.9441500902175903,0.777769923210144,0.684502899646759,0.618239551782608,0.6498507261276245,0.6219385266304016,0.6027774711449941,0.6600078344345093,0.6804767847061157
0.25-0.0-0.5-0.0-0.25,0.13644709438085556,699.1260921890225,2488.6175036379877,0.004144533983586977,5591.455078125,-161.9922637939453,151.92295837402344,-11.760174433390299,22.027697563171387,3.0767040252685547,15.112896601359049,3.7872632344563804,5.003760417302449,1.326005220413208,3.1319063107172647,6.948810736338298,13.235453605651855,17.465903600056965,0.4533742864926656,0.40278808275858563,0.4370833734671275,0.5015966991583506,0.6608470181624094,1.0,0.6646911899248759,0.459236020843188,0.42893455922603607,0.42175302157799405,0.3745873545606931,0.3888152812918027
0.25-0.0-0.5-0.0-0.5,0.06935229276617368,100.0,2337.4115655140613,0.003718362325647225,5311.5234375,-216.2395273844401,152.88113911946616,-8.81726066271464,41.51142183939616,-7.167275428771973,21.088316281636555,-5.576264381408691,16.941120147705078,0.44729161262512207,10.428722381591797,-3.3881059885025024,5.269811948140462,1.6604464054107666,0.8124197324117025,0.785918672879537,0.8025403022766113,0.8648996154467264,0.835096021493276,0.8027737538019816,0.8174218138058981,0.8432350953420004,0.7329007188479105,0.6965386271476746,0.7327765425046285,0.7867197195688883
0.25-0.0-0.5-0.0-0.75,0.011905662715435028,100.0,2524.3219986418794,0.0023841952594618,6000.5859375,-386.68822224934894,142.37457275390625,-13.609153747558594,42.76295598347982,-6.205931236346562,28.748031616210938,-3.284203052520752,18.574391682942707,-2.167740821838379,11.976653416951498,-1.53725798924764,7.8930158615112305,-0.7162877321243286,0.5217088510592779,0.537787119547526,0.6710155804951986,0.6812142928441366,0.6492331723372141,0.6565658549467722,0.7335308194160461,0.9591439763704935,1.0,0.8943988680839539,0.7247444987297058,0.6054378549257914
0.25-0.0-0.5-0.25-0.0,0.1842464655637741,786.5255635483671,4285.606925451834,0.0065464715007692575,8986.5234375,-119.91140238444011,69.76890818277995,-30.299620310465496,14.113016049067179,-36.69738896687826,-2.330913861592611,-24.65916633605957,5.654091993967692,-7.1633890469868975,13.831419626871744,13.935278733571371,33.53843752543131,18.085277875264484,0.007321746088564396,0.008100083253035942,0.019749416659275692,0.010006132225195566,0.015594407760848602,0.03790932552268108,0.3025430242220561,1.0,0.3088531643152237,0.03303507079059879,0.015221517688284317,0.019325986814995606
0.25-0.0-0.5-0.25-0.25,0.09179680173595746,179.40333296038747,2292.335629121531,0.004411746563467507,5282.8125,-206.08004760742188,149.9194081624349,-5.4728438059488935,40.03168233235677,-1.8218294779459636,18.41073735555013,-1.4896090825398762,12.186593373616537,4.107434829076131,12.435440063476562,2.817594528198242,4.6157989501953125,-0.07243616382280986,0.6997693181037903,0.7308753331502279,0.7766960064570109,0.8502129117647806,0.9224067131678263,0.9642057220141093,0.902069091796875,0.8941143155097961,0.9153656164805094,0.9341581265131632,0.8546310067176819,0.7468074361483256
0.25-0.0-0.5-0.25-0.5,0.07588900874058406,329.76405093335865,2171.790926303192,0.0014376610415638424,4385.595703125,-230.85761515299478,149.12503051757812,-42.04973030090332,46.69988759358724,-11.532144864400228,6.277606248855591,-10.030351758003235,-4.533969243367513,-10.991747697194418,-1.953687349955241,-4.149359703063965,-2.5325870513916016,-5.637522141138713,0.0689254862566789,0.06708116891483466,0.1768039291103681,0.4703572392463684,1.0,0.6487083435058594,0.19031338766217232,0.06777745982011159,0.09308168788750966,0.042189281433820724,0.05087564295778672,0.11775351936618488
0.25-0.0-0.5-0.25-0.75,0.1423981860280037,139.4564074386591,1539.691788566285,0.0013514365967921549,3043.359375,-224.8905995686849,192.99273173014322,9.512307107448578,20.37984848022461,20.122334162394207,9.953718900680542,10.580180803934732,6.387048045794169,4.930609226226807,4.708713849385579,2.6952815850575766,2.7490292390187583,-0.05285771687825521,0.8748047947883606,0.8942557573318481,0.767585039138794,0.5484296480814616,0.39164942502975464,0.38500061134497326,0.4825077752272288,0.5870859324932098,0.6201840241750082,0.5994015336036682,0.685721735159556,0.8363523483276367
0.25-0.0-0.5-0.5-0.0,0.1478319118420283,165.45480937286712,2821.978762443942,0.0052607903101791935,6445.60546875,-89.74303944905598,144.18090311686197,-21.827097574869793,38.11548741658529,-13.857570966084799,21.637657801310223,-9.687866608301798,14.930625915527344,-8.47045644124349,6.2121907869974775,-5.897971272468567,2.530979017416636,-4.129255553086598,0.4661174714565277,0.37820257246494293,0.4839405020078023,0.7267268498738607,0.995388925075531,0.8217324018478394,0.5109828015168508,0.39419623215993244,0.3577081064383189,0.27807967861493427,0.3362582375605901,0.5413351158301035
0.25-0.0-0.5-0.5-0.25,0.06703723470369975,22050.0,1450.542875215922,0.0011222538949718548,3000.29296875,-451.03013102213544,134.86323038736978,52.43345514933268,41.51430575052897,25.756974538167317,20.563060760498047,16.898454984029133,15.248663902282715,12.518269856770834,10.136013984680176,8.0551970799764,6.95189905166626,6.255281130472819,0.7765158414840698,0.8064010143280029,0.8624582688013712,0.9318987329800924,0.9919013381004333,0.9922018845876058,0.9349598487218221,0.906151552995046,0.8735206723213196,0.8239833116531372,0.7653139233589172,0.7265508770942688
0.25-0.0-0.5-0.5-0.5,0.003127670420023302,22050.0,1694.7066057116472,0.0011283426053857089,4026.708984375,-733.3738403320312,94.14705657958984,23.826342900594074,26.294152577718098,20.114611943562824,19.293224970499676,16.711316108703613,15.503246943155924,13.810144424438477,12.730397542317709,11.508809566497803,10.620683352152506,9.676173051198324,0.8051722844441732,0.861465334892273,0.9208626945813497,0.9688326517740885,0.9994085828463236,0.9970200856526693,0.9639322956403097,0.923522969086965,0.8746345043182373,0.8185498317082723,0.7563091516494751,0.7295892437299093
0.25-0.0-0.5-0.5-0.75,0.0834505632519722,746.2298854170323,2079.6577233848934,0.0021710540083101173,4428.662109375,-271.2932637532552,141.84217834472656,3.63478151957194,42.327924728393555,7.497651894887288,21.995148022969563,1.3186306953430176,11.461678187052408,-7.2019029060999555,7.9932834307352705,7.522946198781331,21.883931795756023,17.209327061971027,0.5110426694154739,0.5070954610904058,0.542159249385198,0.5808597554763159,0.7141705950101217,0.9932307203610738,0.9248236417770386,0.6627553006013235,0.537813146909078,0.4886760860681534,0.4701180507739385,0.4682355423768361
0.25-0.0-0.5-0.75-0.0,0.03895896300673485,10336.903101533879,2203.236877600663,0.0022632723266724497,4299.462890625,-349.306889851888,142.9978993733724,7.442589124043782,26.273475646972656,8.568822860717773,17.708195686340332,7.370192766189575,17.994035720825195,5.994632959365845,-0.6346616744995117,5.184546152750651,-2.3022547562917075,-7.492296536763509,0.9170357982317606,0.6876775026321411,0.5492374313374361,0.552455622702837,0.5505213377376398,0.5309976972639561,0.5093100455900034,0.5251052776972452,0.4655234329402447,0.4452931160728137,0.4437294155359268,0.624007910490036
0.25-0.0-0.5-0.75-0.25,0.018457196342448395,1366.5034364653184,2308.0361091585437,0.001832450211319762,5002.880859375,-379.7547098795573,154.58915201822916,-32.96626663208008,41.78291702270508,0.4739643732706706,21.986787796020508,15.919569333394369,26.937440554300945,14.616105397542318,3.772031545639038,-11.401585737864176,-0.035860300064086914,16.061235745747883,0.43321360150973004,0.402321736017863,0.4039263129234314,0.551706482966741,1.0,0.6613423228263855,0.4644169509410858,0.46435187260309857,0.4851921002070109,0.4510208119948705,0.4158981839815776,0.46745193004608154
0.25-0.0-0.5-0.75-0.5,0.11326543986797333,14733.333333333334,2521.7757897314477,0.0031571489525958896,6065.185546875,-165.9194590250651,143.13306681315103,-0.22609774271647134,38.744049072265625,-0.04996935526529948,25.56867853800456,0.9979953765869141,17.810037930806477,0.555372953414917,9.389174938201904,-4.907526612281799,0.04266126950581869,-8.01835793753465,0.870574434598287,0.8660085797309875,0.827903687953949,0.8445075551668803,0.9039271672566732,0.9154119888941447,0.932912806669871,0.9202934702237447,0.8973938822746277,0.8575225472450256,0.8789641658465067,0.8542609612147013
0.25-0.0-0.5-0.75-0.75,0.05655578741182884,22050.0,2116.088518637955,0.0028646342016145354,4816.259765625,-347.1114095052083,146.34239705403647,4.31306266784668,26.37065060933431,13.943593343098959,9.23327922821045,11.802570343017578,7.308420340220134,6.329009334246318,4.14945125579834,5.874616781870524,8.044509569803873,5.599615414937337,0.7394104301929474,0.7355956633885702,0.7574541370073954,0.7945881088574728,0.8616588314374288,0.8823862473169962,0.8998355070749918,0.913503110408783,0.8110848665237427,0.7391618092854818,0.7331322630246481,0.7664007147153219
0.25-0.0-0.75-0.0-0.0,0.019013336549202602,102.10047516981372,1320.1079046314912,0.0005025800686174383,2368.65234375,-388.4407450358073,203.06285095214844,-17.47489023208618,28.337674458821613,10.207766751448313,16.338629086812336,5.209412018458049,11.161617596944174,5.056209444999695,9.004307428995768,2.919408857822418,1.9866032600402832,-4.571711540222168,0.8446013132731119,0.8463900685310364,0.8332359989484152,0.8636329968770345,0.90472278992335,0.8816449046134949,0.8801104426383972,0.8045813242594401,0.8330042759577433,0.8314995567003886,0.8192076881726583,0.8152076999346415
0.25-0.0-0.75-0.0-0.25,0.0024910335584233203,7938.244761731865,2302.403390104633,0.0033356669397714236,4837.79296875,-598.4829915364584,143.36861928304037,-14.76631991068522,19.447757720947266,2.9299283822377524,11.0334685643514,1.5099444389343262,9.478201548258463,9.088812828063965,15.104402860005697,12.906695683797201,10.161356925964355,4.332527061303456,0.7393397092819214,0.6685845156510671,0.7096750338872274,0.7108061015605927,0.7399160663286845,0.7855049173037211,0.7883386015892029,0.8563305536905924,0.8087398807207743,0.8991766373316447,0.8316711783409119,0.8488298257191976
0.25-0.0-0.75-0.0-0.5,0.062161886443694435,556.0531353290834,1599.9535158751653,0.0017758728049178292,2469.140625,-340.1260630289714,188.71353149414062,-17.94336422284444,-12.291693369547525,7.856564263502757,-0.7878253310918808,1.4794281274080276,-1.0059881607691448,-5.794474760691325,-7.129546165466309,-7.4468793869018555,-5.356256008148193,0.1670238971710205,0.32504617671171826,1.0,0.46371151010195416,0.06884005820999543,0.021887848153710365,0.02025687446196874,0.012341010617092252,0.025223298619190853,0.09910165518522263,0.03090782401462396,0.016937562361514818,0.03931652087097367
0.25-0.0-0.75-0.0-0.75,0.049973213424285255,221.7328744269853,1463.0621893769128,0.0010176646297471355,2325.5859375,-316.3805745442708,182.81715393066406,-14.898212845126787,17.5574467976888,20.856064478556316,11.941883166631063,4.954347689946492,-2.003702481587728,-4.24209584792455,-11.593985080718994,-11.110085646311441,-5.304368813832601,2.3238298892974854,0.2182382196187973,0.1595836083094279,0.09860948597391446,0.07607360774030288,0.17910826206207275,0.18135493993759155,0.14937646749118963,0.26179078469673794,0.5272061228752136,1.0,0.9426621198654175,0.5241287549336752
0.25-0.0-0.75-0.25-0.0,0.172925166785717,100.0,2112.8887484215225,0.0026356224746753774,4364.0625,-154.55486043294272,154.65113830566406,5.071273326873779,31.23195521036784,-4.331833362579346,23.709333419799805,5.8373642563819885,15.366395632425943,-1.7785540024439495,12.027937889099121,6.65499480565389,4.416462341944377,-2.568279266357422,0.7492740750312805,0.8160711328188578,0.8757131497065226,0.9320650696754456,0.991032600402832,0.9182148973147074,0.892078677813212,0.8567037185033163,0.7957317431767782,0.7474117477734884,0.706629196802775,0.7114914059638977
0.25-0.0-0.75-0.25-0.25,0.08565520246823628,22050.0,2329.891358812613,0.003446995086657504,5562.744140625,-269.4767354329427,138.85987854003906,5.067715009053548,34.31183624267578,4.54508113861084,21.081066767374676,4.115105311075847,13.81622568766276,3.6179826259613037,9.458666960398356,3.401048183441162,7.026166280110677,3.2632362445195517,0.8660659988721212,0.878321369489034,0.932541290918986,0.970008134841919,1.0,0.985528806845347,0.9458243052164713,0.9178007046381632,0.8880512913068136,0.8732538421948751,0.8401997486750284,0.8172158797581991
0.25-0.0-0.75-0.25-0.5,0.011145304578046003,22050.0,1993.8537806829372,0.0041315508228877045,4945.458984375,-577.4493306477865,97.12045160929362,26.64208920796712,28.855932871500652,22.34060796101888,21.120193481445312,18.097952206929524,16.431599617004395,14.284935156504313,12.778216679890951,11.174397150675455,9.963629086812338,8.766575972239176,0.8402554790178934,0.8863906661669413,0.9371428887049357,0.9758931994438171,0.9998953342437744,0.9924776951471964,0.955971896648407,0.9234204888343811,0.8862890799840292,0.8427302241325378,0.791115919748942,0.7699872056643168
0.25-0.0-0.75-0.25-0.75,0.022374333270515006,7416.666666666667,2376.3752564854026,0.0019457293286298711,5749.365234375,-402.4216613769531,144.6391372680664,-1.8822491963704426,39.16203689575195,-1.610978126525879,24.937611897786457,-0.9224966367085775,16.902195930480957,-0.3551934560139974,11.796736240386963,0.1751686930656433,8.663124243418375,0.6167711814244589,0.908920149008433,0.912840743859609,0.9431286056836446,0.9729891618092855,1.0,0.9883822600046793,0.9445410966873169,0.9296859900156657,0.913073460261027,0.894991934299469,0.86928923924764,0.8587837219238281
0.25-0.0-0.75-0.5-0.0,0.1252332478761673,1381.5284953857843,5510.532054564985,0.008751523836205402,10099.072265625,-123.86201477050781,49.86087417602539,-22.63409932454427,45.872328440348305,-3.840646664301554,21.874600092569988,-1.0272881984710693,7.327347914377849,7.710418224334717,21.325504938761394,-8.599827448527018,3.940757155418396,-5.325049996376038,0.20532012482484183,0.6705811818440756,0.6495167016983032,0.266186202565829,0.5494167109330496,0.3205673048893611,0.2190351684888204,0.23907054464022318,0.1700685073932012,0.21365742882092795,0.9686297575632731,0.7656134963035583
0.25-0.0-0.75-0.5-0.25,0.010438657055298487,7418.102062888265,1198.9864862288762,0.0009782034367094756,2167.67578125,-581.0795491536459,165.7914784749349,57.9788818359375,40.14842987060547,21.66076596577962,26.590237935384113,16.55535952250163,14.032049179077148,6.471495668093364,7.1142793496449785,3.0156034231185913,3.4301085273424783,2.87748114267985,0.728505551815033,0.6724415222803751,0.6707565983136495,0.7364645600318909,0.7857905030250549,0.8001607656478882,0.8192593653996786,0.9033343195915222,0.9538069367408752,0.957210898399353,0.8332602580388387,0.7582431038220724
0.25-0.0-0.75-0.5-0.5,0.10868881084024906,14880.181114749417,1906.2714966355452,0.0037673503926498597,4184.619140625,-307.6752421061198,179.92061360677084,15.886519114176432,2.0705437660217285,14.35558001200358,11.50439190864563,4.938653151194255,7.29767370223999,6.124493598937988,6.868290901184082,8.096117655436197,6.074462413787842,5.920434951782227,0.9444862405459086,0.808694044748942,0.7588719427585602,0.7690093616644541,0.7775278588136038,0.7608010073502859,0.7316720883051554,0.7214129666487376,0.6852514743804932,0.6672046134869257,0.6662870248158773,0.8002986113230387
0.25-0.0-0.75-0.5-0.75,0.010210139366487661,7416.666666666667,2044.6059541463437,0.0012893389503005892,4557.861328125,-505.18578084309894,142.18195343017578,0.20540841420491537,39.196160634358726,1.1665528615315754,24.579903920491535,1.3301243782043457,16.63453261057536,1.9112922350565593,11.51611614227295,2.208058178424835,8.481816132863363,2.6828565696875253,0.8554492791493734,0.85412069161733,0.9174619515736898,0.957580586274465,0.9547167817751566,0.8962785998980204,0.8227896690368652,0.8335357904434204,0.870717465877533,0.8754828572273254,0.8539100488026937,0.8405490517616272
0.25-0.0-0.75-0.75-0.0,0.07621160273750623,152.27434620308324,2380.8137527097806,0.003480993560515344,5318.701171875,-182.96619160970053,159.0691680908203,-26.301893552144367,47.99312973022461,-9.35500188668569,23.71693229675293,-4.747261643409729,9.403907299041748,-6.831975936889648,0.20638259251912436,-7.956741809844971,0.3690366744995117,-1.7178204258282979,0.4545536935329437,0.6352231701215109,0.913580079873403,0.8853451212247213,0.7346059083938599,0.6387253204981486,0.5209008455276489,0.3913094848394394,0.4993823766708374,0.741911252339681,0.4756188988685608,0.3495997091134389
0.25-0.0-0.75-0.75-0.25,0.05660841489831606,122.65120557399166,1620.020361962978,0.0021118387359517024,3143.84765625,-326.1322021484375,172.6900838216146,28.4865239461263,26.159794489542644,23.739809036254883,16.092464447021484,13.256985982259115,9.496879736582438,5.894530614217122,5.623436609903972,3.525348663330078,3.161057194073995,2.8103831013043723,0.8312366406122843,0.7818150917689005,0.7646666367848715,0.8186435103416443,0.8055348992347717,0.7682651877403259,0.7031982938448588,0.7109194199244181,0.6433023611704508,0.5950750211874644,0.6073989868164062,0.7231486141681671
0.25-0.0-0.75-0.75-0.5,0.04005816578865051,22050.0,2087.408285009077,0.001799890984936307,4543.505859375,-332.7644958496094,148.55241902669272,11.039318720499674,31.255605061848957,3.792294184366862,20.8663330078125,4.6592996915181475,14.165660540262857,3.530283768971761,9.708319822947184,3.3936070998509726,7.221388657887776,3.2488264242808023,0.6907633741696676,0.7737625439961752,0.853430986404419,0.9242390394210815,0.9759596188863119,0.964566707611084,0.9269927541414896,0.8885750770568848,0.8644542694091797,0.7729654709498087,0.6480212906996409,0.6203915874163309
0.25-0.0-0.75-0.75-0.75,0.10578542451063792,100.0,1857.7627291411657,0.0011276145378360525,4012.353515625,-257.93198649088544,154.96805318196616,-0.5428573290506998,41.11555417378744,10.991862932840982,17.819017092386883,2.1989235877990723,11.87513256072998,14.869431177775065,9.884842872619629,-2.275501569112142,5.196257591247559,14.45271364847819,0.8670689066251119,0.8218138615290324,0.7706316709518433,0.7541625698407491,0.7914292613665262,0.8418163458506266,0.6968795657157898,0.674489955107371,0.7554498314857483,0.784848690032959,0.8024496634801229,0.8256544868151346
0.25-0.25-0.0-0.0-0.0,0.04785581429799398,842.5886896205985,2467.066017571829,0.0029151199075082936,4277.9296875,-241.9427693684896,154.7384236653646,-13.13926633199056,-8.106033563613892,-20.17937660217285,19.050218264261883,-21.10304323832194,17.792914708455402,4.134034673372905,12.848646799723307,25.732516606648762,15.502598086992899,9.973012447357178,0.06686178594827652,0.06657693659265836,0.06307374189297359,0.06746975022057693,0.10617592930793762,0.22172455489635468,0.35841184481978416,0.27247220774491626,0.4640314280986786,0.7533888816833496,0.43714572489261627,0.11675358812014262
0.25-0.25-0.0-0.0-0.25,0.11519408971071243,14733.333333333334,1496.465947180248,0.0010803134647782524,2497.8515625,-258.49937438964844,176.73157246907553,10.680224100748697,20.14223035176595,15.530599594116211,10.61284097035726,10.7117551167806,10.777053912480673,11.239439169565836,8.517107923825582,7.253340244293213,5.636639833450317,4.242290139198303,0.8154478669166565,0.8162369132041931,0.8516624768575033,0.8941042423248291,0.980308473110199,0.981421152750651,0.887715220451355,0.8432694872220358,0.7961366573969523,0.7480006615320841,0.7056272029876709,0.7121051748593649
0.25-0.25-0.0-0.0-0.5,0.21254653731981912,14733.333333333334,2161.1685691997177,0.001914379419758916,5117.724609375,-130.98767598470053,149.8167521158854,-9.382874170939127,43.63176918029785,-2.5890676975250244,23.963560740152996,2.0150129000345864,16.347940762837727,2.4035112857818604,9.195560773213705,2.985433797041575,7.949528694152832,4.577645500500997,0.9165202975273132,0.940048078695933,0.8861391941706339,0.8487598101298014,0.8271419604619344,0.8239543437957764,0.7774750192960104,0.7308501203854879,0.7247422337532043,0.7461762626965841,0.7947850823402405,0.8336482842763265
0.25-0.25-0.0-0.0-0.75,0.10214210549990337,245.91623534858385,4427.349453332777,0.014994092596073946,9036.767578125,-118.0549545288086,81.14615122477214,-43.09775161743164,44.48415501912435,1.2525553703308105,38.92479960123698,-5.911061843236287,4.764854431152344,-17.12693214416504,7.703693389892578,-6.372239987055461,-1.4881176948547363,-13.00613784790039,1.0,0.7608684500058492,0.4829258620738983,0.27736107508341473,0.20876461515824,0.15730313584208488,0.25004131098588306,0.22791123141845068,0.17356709515055022,0.21190488835175833,0.23437336335579553,0.547071615854899
0.25-0.25-0.0-0.25-0.0,0.11331988126039505,7442.194727691035,1554.978738603969,0.0017902321471826947,3136.669921875,-290.8270263671875,162.1173553466797,42.385267893473305,19.54505666097005,16.290837287902832,20.6234073638916,14.62409782409668,9.963678677876791,8.691636721293131,7.534894148508708,4.878972291946411,3.7967886924743652,3.7493401368459067,0.7783932288487753,0.8323948383331299,0.8983613848686218,0.9303308924039205,0.9885505437850952,0.9719132383664449,0.9013763268788656,0.84921262661616,0.7938480377197266,0.7364443937937418,0.6927886009216309,0.7254307468732198
0.25-0.25-0.0-0.25-0.25,0.0697239451110363,22050.0,2664.3030989261924,0.0069329155320616564,6797.314453125,-323.68047587076825,156.4352595011393,38.46514447530111,20.152757326761883,16.176390012105305,15.837682088216146,9.437973340352377,8.509348392486572,8.26466178894043,6.0021616617838545,5.228085199991862,5.671072324117024,4.452862739562988,0.8815621137619019,0.9173132578531901,0.9613277912139893,0.9881669084231058,1.0,0.979291578133901,0.9294853806495667,0.910356859366099,0.8847664594650269,0.8606006503105164,0.8318037192026774,0.8212875525156657
0.25-0.25-0.0-0.25-0.5,0.06255906696120898,22050.0,1189.2788716054215,0.0005185974927185791,1930.810546875,-387.583984375,149.7108357747396,53.583656311035156,33.76614634195963,18.302153905232746,17.120235443115234,14.625103314717611,11.040873845418295,7.093600273132324,5.843987941741943,5.37075138092041,4.606486956278483,3.49033784866333,0.8071578939755758,0.8235090573628744,0.8803489605585734,0.9414269924163818,0.991209348042806,0.9946502844492594,0.9504594405492147,0.9121997952461243,0.8764090736707052,0.8482391635576884,0.801132063070933,0.7725293040275574
0.25-0.25-0.0-0.25-0.75,0.00278712281336387,22050.0,1944.3057903336812,0.003256060388399836,4794.7265625,-689.4501444498698,112.48651377360027,36.917174657185875,33.2452278137207,22.283611297607422,19.001807530721027,15.670801798502604,13.981814702351889,10.978684266408285,7.776223500569661,4.615131696065267,3.119656801223755,3.332654615243276,0.8273841937383016,0.8763057390848795,0.9305182894070944,0.9727411270141602,0.9997401237487793,0.9934611320495605,0.9538675745328268,0.9176482359568278,0.8771807154019674,0.8304334282875061,0.7759466171264648,0.7541807095209757
0.25-0.25-0.0-0.5-0.0,0.18392812957366309,9800.29045485078,3372.3320998902914,0.0038785607321187854,7823.73046875,-158.65896606445312,113.29407755533855,1.4965793291727703,44.344517389933266,1.1334187189737956,18.1047789255778,-5.7502015431722,23.861899693806965,5.830271641413371,2.410063624382019,1.4980476299921672,19.775489807128906,-6.674072265625,0.5864479541778564,0.6216919223467509,0.644579291343689,0.6687494417031606,0.6847139050563177,0.6998396416505178,0.6571454207102457,0.6173127392927805,0.5954308460156122,0.6458951234817505,0.93713907400767,0.6418146292368571
0.25-0.25-0.0-0.5-0.25,0.23761520783106485,14733.333333333334,1513.9291489307805,0.0004864120813484381,2993.115234375,-204.3808390299479,163.8463592529297,-2.8714226881663003,31.615856170654297,9.823497692743937,17.803855578104656,8.265403111775717,10.397376696268717,6.85252571105957,6.347870667775472,5.552567481994629,4.742590586344401,5.679466565450032,0.63045867284139,0.7319126725196838,0.8560368220011393,0.9367508490880331,0.9791562954584757,0.9869234561920166,0.8872381250063578,0.8435306747754415,0.7246822714805603,0.6370579997698466,0.5993997852007548,0.5682479540506998
0.25-0.25-0.0-0.5-0.5,0.15873473634322485,1096.102637037932,2625.192762187551,0.001489059504820034,5053.125,-202.75473022460938,115.09852600097656,-32.65803595383962,29.118745625019073,-0.11513439814249675,19.82330624262492,13.817209561665853,29.888211568196613,29.39747428894043,23.104920705159504,0.5141855080922445,-7.530891438325246,-10.202427307764689,0.4408780535062154,0.9880540370941162,0.5285463730494181,0.35908170851568383,0.3469546517978112,0.33908272131035727,0.2934797170261542,0.274541350081563,0.30423450594147045,0.253571727933983,0.25768290429065627,0.2775665496786435
0.25-0.25-0.0-0.5-0.75,0.12810885906219482,120.15925198970508,2114.035321613119,0.0032566558996525905,4105.6640625,-148.96174112955728,165.13106791178384,-18.531317075093586,30.830528259277344,4.425169308980306,13.486804326375326,-0.3611832062403361,4.417862097422282,-0.3397826552391052,4.4053337176640825,1.7800093094507854,4.836384574572246,0.280168612798055,0.5381947557131449,0.5697565575440725,0.551854689915975,0.6264665027459463,0.7157035768032074,0.7498215635617574,0.6599176128705343,0.530917356411616,0.5407941540082296,0.7701845864454905,0.751530647277832,0.5758093396822611
0.25-0.25-0.0-0.75-0.0,0.11948999514182408,175.31294463357128,2436.29277917596,0.004683355412756403,5347.412109375,-131.47449239095053,153.2380116780599,-9.817049344380697,34.725233713785805,-5.189805030822754,21.099620183308918,-3.4418927828470864,11.542095502217611,-2.3202686309814453,4.927118341128032,-3.5315653483072915,1.2696256637573242,-4.489285429318746,0.7876472175121307,0.6190219521522522,0.5661745170752207,0.6122247676054636,0.6542310615380605,0.6741969982782999,0.5814892450968424,0.46705371141433716,0.5227194527784983,0.6996865272521973,0.9417555332183838,0.9993100961049398
0.25-0.25-0.0-0.75-0.25,0.0020451098292445145,297.72904125782463,2152.1372636721717,0.0027732615902399025,4055.419921875,-545.3101603190104,170.49261983235678,-16.901801745096844,24.30948257446289,-11.473736445109049,22.994168599446613,-6.976065079371135,3.0626142819722495,-3.215669463078181,-1.8840099175771077,-6.327633659044902,-0.7336827839414278,-2.121471405029297,0.41307199994723004,0.6789712309837341,0.9148553808530172,0.7620740135510763,0.71573273340861,0.586381753285726,0.4654894471168518,0.2970745762189229,0.24310611685117087,0.27023616929848987,0.24374839663505554,0.27124842007954914
0.25-0.25-0.0-0.75-0.5,0.09505213672916095,188.54579388385207,1035.206929039777,0.00031526403502842487,1399.658203125,-270.3869222005208,235.07923889160156,1.2485071818033855,1.8589003880818684,-0.39136473337809247,1.917001724243164,2.8579852978388467,0.0015426476796468098,3.197098215421041,1.950013001759847,-1.049176851908366,-3.43657120068868,-2.1758123338222504,0.5808874070644379,0.3952738692363103,0.27966318279504776,0.35032359262307483,0.40156061947345734,0.4936324755350749,0.47263433535893756,0.35853295276562375,0.5389278580745062,0.7651958068211874,0.8691258827845255,0.7204834222793579
0.25-0.25-0.0-0.75-0.75,0.18747648100058237,1057.7776916434234,4023.285479520844,0.009776204514006773,8498.4375,-93.11743927001953,81.21845881144206,-39.165828704833984,27.276292045911152,-27.167334874471027,21.249107360839844,-1.8990424474080403,36.41300964355469,28.93105189005534,40.07183583577474,1.2284324963887532,-8.21364450454712,-19.448142687479656,1.0,0.4425885081291199,0.1422287126382192,0.07615908732016881,0.07682324573397636,0.06728095809618632,0.08457082882523537,0.11448293179273605,0.08385266115268071,0.07182082285483678,0.1470845639705658,0.38804542024930316
0.25-0.25-0.25-0.0-0.0,0.0655401200056076,174.95502786540155,3237.0612724734597,0.005837826795565586,7708.88671875,-205.9803466796875,113.65982055664062,-14.844918092091879,36.37316385904948,-5.464370409647624,19.725409825642902,-4.14511505762736,12.259320259094238,-1.9347104628880818,5.9140175978342695,-3.7514198621114097,1.9676376183827717,-3.360100587209066,0.4892297287782033,0.38784050444761914,0.3623961458603541,0.5127685765425364,0.7589172522226969,1.0,0.8364350994427999,0.7259708344936371,0.4845504363377889,0.3953242401281993,0.231904407342275,0.26952315370241803
0.25-0.25-0.25-0.0-0.25,0.03203060726324717,109.17712844572937,1803.2591481417305,0.0019708119507413357,3143.84765625,-308.9222005208333,175.78142801920572,3.0491164525349936,25.426571528116863,5.751391351222992,11.794361432393393,5.301825364430745,12.121421178181967,4.1525477568308515,3.627273440361023,0.12759260336558023,4.399147629737854,-0.4641457200050354,0.7331488132476807,0.62678795059522,0.5167501072088877,0.606142928202947,0.771095852057139,0.6543149550755819,0.58958633740743,0.6161287923653921,0.7247646649678549,0.9920010765393575,0.90301380554835,0.7731262842814127
0.25-0.25-0.25-0.0-0.5,0.03530482637385527,525.541063931481,5090.376512852683,0.01082328458627065,10005.76171875,-244.49501037597656,65.72605641682942,-28.834088961283367,32.922225634256996,-13.304182132085165,27.158700307210285,-1.2795819640159607,8.77011235555013,2.655928611755371,2.2597569823265076,19.859724680582683,1.4576956431070964,0.59503173828125,0.28306631247202557,0.3114759773015976,0.34403720622261363,0.41374922047058743,0.32552764005959034,0.3054551438738902,0.2678102565308412,0.23021974662939707,0.2674356872836749,0.9434148073196411,0.5179840922355652,0.3086895061035951
0.25-0.25-0.25-0.0-0.75,0.2337795545657476,7437.124565417621,3182.0773713236704,0.004678694434308757,7730.419921875,-124.70894622802734,118.31742858886719,3.811441421508789,40.791021982828774,-9.330185174942017,25.215991338094074,11.246831576029459,12.811983426411947,4.454596757888794,12.726168314615885,-14.893282095591227,18.52132002512614,-1.1999435623486836,0.7305468320846558,0.7803592085838318,0.8213246464729309,0.9130855202674866,0.871305247147878,0.845317562421163,0.8042220075925192,0.7364681959152222,0.7254834175109863,0.8275357882181803,0.6861935456593832,0.636380801598231
0.25-0.25-0.25-0.25-0.0,0.1867285743355751,2190.0073900785696,5419.832337605271,0.006333261844702065,10357.470703125,-128.7017364501953,43.13756354649862,-26.515225092569988,36.24004109700521,-3.8044230143229165,39.372536977132164,-11.090872764587402,6.575748344262441,-9.829554438591003,25.303381601969402,3.417018016179403,1.0073147416114807,-11.578065872192383,0.18101936082045236,1.0,0.2094196230173111,0.03379056113772094,0.03098156062575678,0.03552077213923136,0.028745648683980107,0.035094860630730786,0.09073858459790547,0.03747902872661749,0.027531380765140057,0.028755343053489923
0.25-0.25-0.25-0.25-0.25,0.19361795485019684,22050.0,867.1374895616145,0.00028242633015906904,1715.478515625,-245.15710957845053,217.2524159749349,8.103023846944174,20.637924432754517,16.253334045410156,10.554281234741211,12.640610376993815,10.4131441116333,11.115155220031738,7.242287953694661,6.435532569885254,4.219756921132405,1.400757630666097,0.8621711333592733,0.870674212773641,0.8568498293558756,0.8402906656265259,0.837178647518158,0.8673230012257894,0.8833046555519104,0.9378957152366638,0.9295480648676554,0.9485564231872559,0.9186195333798727,0.8433239062627157
0.25-0.25-0.25-0.25-0.5,0.025218541268259287,7456.410149335232,1843.7290424728299,0.0026188045509722238,3768.310546875,-458.06797790527344,115.82741038004558,12.777625362078348,38.973110834757485,4.196764985720317,23.858326594034832,4.9245351155598955,17.604846954345703,3.8244465390841165,7.5703794956207275,-3.265560785929362,-1.6714161237080891,-5.268394152323405,0.8649550080299377,0.8989802598953247,0.952759305636088,0.9807773431142172,0.9788901011149088,0.9193119605382284,0.86295618613561,0.8382903734842936,0.8296056588490804,0.8083510994911194,0.803878923257192,0.832585076491038
0.25-0.25-0.25-0.25-0.75,0.0009930422723603745,22050.0,1576.4425415152098,0.000856279816153697,3596.044921875,-866.4723714192709,95.2385851542155,24.89276949564616,27.33541997273763,21.13001759847005,20.278939565022785,17.661907196044922,16.413069089253742,14.67772626876831,13.555232683817545,12.289759476979574,11.351967811584473,10.345665136973063,0.7920533219973246,0.8578252792358398,0.9218974113464355,0.9713792403539022,1.0,0.9955610632896423,0.9623680512110392,0.9198480447133383,0.8662327726682028,0.8051685889561971,0.7390387455622355,0.7098570466041565
0.25-0.25-0.25-0.5-0.0,0.023378762540232856,7446.93193565542,2030.9105941651094,0.0011289622052572668,4529.150390625,-517.5093587239584,117.52044486999512,-3.602436065673828,34.6803944905599,5.722682634989421,18.57476011912028,7.315752347310384,12.067757606506348,5.826829353968303,8.513422330220541,4.560001939535141,6.161680221557617,3.8855110804239907,0.800877312819163,0.8529564142227173,0.9299062887827555,0.975411077340444,0.9951936999956766,0.9928635557492574,0.9520962834358215,0.9349988102912903,0.8759888807932535,0.8283975720405579,0.7778322498003641,0.7478065292040507
0.25-0.25-0.25-0.5-0.25,0.10744184007247289,7416.666666666667,893.5729301417559,0.00022362587393824165,1449.90234375,-306.7301940917969,205.8470255533854,1.5881338119506836,27.21645164489746,31.269627888997395,21.346817016601562,5.356021324793498,9.896794319152832,13.35887368520101,-0.5152503649393717,4.040616472562154,4.369468688964844,-3.1981801986694336,0.8929455478986105,0.9675965110460917,0.901400089263916,0.7454681992530823,0.5953118701775869,0.5441344976425171,0.5685484608014425,0.606625517209371,0.6017674207687378,0.6306379834810892,0.6700681447982788,0.7426444093386332
0.25-0.25-0.25-0.5-0.5,0.08080253005027771,442.7263651986147,3625.6133173544663,0.00970759941264987,8053.41796875,-138.67633310953775,120.78352610270183,-29.456555048624676,35.03314526875814,-22.199997266133625,16.146631081899006,-27.753206253051758,-5.183786392211914,-30.801680246988933,1.4012946685155232,-5.4391318162282305,16.49334780375163,-1.2286081910133362,0.39779847860336304,0.6087759435176849,0.513901968797048,0.8753040234247843,0.9932601451873779,0.3870449662208557,0.22835653026898703,0.3299673895041148,0.2737848311662674,0.425130695104599,0.4681001702944438,0.34380654990673065
0.25-0.25-0.25-0.5-0.75,0.05767114212115606,2202.8771570248937,4070.4095918314674,0.013218721374869347,8060.595703125,-170.83523559570312,117.78049977620442,-6.695033152898152,46.92380142211914,-18.914836883544922,16.037205537160236,0.819329023361206,1.758255531390508,-14.005223910013834,16.296361923217773,-24.143137613932293,1.179868181546529,6.481103827555974,0.4481849769751231,0.5114148159821829,0.7191908359527588,0.8602301279703776,0.8701827923456827,0.8199312885602316,0.7807372510433197,0.739310065905253,0.5674111942450205,0.47088687618573505,0.5412535270055135,0.5308717489242554
0.25-0.25-0.25-0.75-0.0,0.10327502091725667,186.6861090217104,1622.2705878451345,0.0011881288325336452,3474.0234375,-218.83966573079428,187.46871439615884,-20.627562165260315,36.05941518147787,3.3671244780222573,18.40596612294515,2.8686129252115884,10.288008689880371,2.2896150747934976,5.916667898495992,2.2518712679545083,4.090320467948914,2.1549816528956094,0.6870530247688293,0.7133391499519348,0.8006012042363485,0.8664761781692505,0.9000498255093893,0.9399864276250204,0.7854373256365458,0.625995417435964,0.5324332614739736,0.5456260840098063,0.5286145309607188,0.5735476712385813
0.25-0.25-0.25-0.75-0.25,0.017657811132570107,106.6910629754805,1290.3467078289486,0.0004974366020178422,2483.49609375,-401.05694580078125,210.8531748453776,-29.920220692952473,41.447638829549156,1.5362834930419922,10.96407381693522,-2.3411950965722403,6.128220001856486,1.5776678721110027,7.920249621073405,3.6025009950002036,3.1587403615315757,-2.6954673131306968,0.5116378764311472,0.546923021475474,0.6361575027306875,0.7313397526741028,0.8659780224164327,0.9619088768959045,0.5624862114588419,0.43898624181747437,0.4288173218568166,0.4025250772635142,0.3774468004703522,0.4412897229194641
0.25-0.25-0.25-0.75-0.5,0.010816362996896109,264.640459699868,1775.716004393307,0.0009230660264923548,3753.955078125,-458.33062744140625,160.6575927734375,-3.9801343282063804,47.479872385660805,-2.52766145269076,29.1149959564209,-3.785033881664276,13.795817216237387,-6.050984462102254,8.057026823361715,1.0648479461669922,10.204279527068138,0.8229138056437174,0.8380977511405945,0.8613038460413615,0.8239575227101644,0.8297673265139262,0.8502640525499979,0.8766247630119324,0.8487561742464701,0.8155519962310791,0.8246387839317322,0.7416399717330933,0.690602163473765,0.7090973655382792
0.25-0.25-0.25-0.75-0.75,0.027587652827302616,7416.666666666667,1418.642089729213,0.00031308823721095297,3014.6484375,-392.7822265625,173.73656209309897,-16.08224030335744,45.93738301595052,1.5307869911193848,20.669212977091473,4.911321481068929,12.452449480692545,7.497274239857991,6.6029313405354815,4.6714701652526855,5.863754590352376,7.242823123931885,0.6194578111171722,0.7422336339950562,0.8451402386029562,0.9211749037106832,0.9807961185773214,0.9922571579615275,0.8984019557634989,0.8230689764022827,0.7822710871696472,0.7043707370758057,0.6111312607924143,0.5505994955698649
0.25-0.25-0.5-0.0-0.0,0.07384105771780014,289.68247674245055,4411.346834413531,0.012879755037526289,9273.6328125,-147.04439798990884,83.6282958984375,-21.43195406595866,43.62500762939453,-19.452194849650066,12.479332288106283,-18.804994583129883,10.157115777333578,-11.626824696858725,1.8990354935328166,-6.610986113548279,4.4133226076761884,-7.311664342880249,0.32646211112538975,0.487281896173954,0.9896910786628723,0.7407694657643636,0.254146712521712,0.15426546894013882,0.12312632457663615,0.14827944276233515,0.18769416213035583,0.14587624184787273,0.23541311422983804,0.3697429249684016
0.25-0.25-0.5-0.0-0.25,0.06579091772437096,102.29742435019939,2729.4851502756846,0.004721062219080825,6302.05078125,-194.11164347330728,142.25043233235678,-14.353262265523275,36.68907101949056,-6.626120885213216,23.862262725830078,-7.322770118713379,11.815545002619425,-7.8213982582092285,2.757997671763102,-4.224840859572093,3.908497283856074,-2.294215281804403,0.6889183521270752,0.5907353758811951,0.5390560626983643,0.5866464674472809,0.558127204577128,0.599132905403773,0.5721954107284546,0.5598311920960745,0.6549847920735677,0.9293939669926962,0.9850286245346069,0.7359507282574972
0.25-0.25-0.5-0.0-0.5,0.04839856053392092,387.67495879218563,3154.512732822784,0.007347150705754757,7220.80078125,-205.5135294596354,133.3254191080729,-18.1816250483195,32.36619186401367,-19.301427841186523,15.825861930847168,-13.797857602437338,8.233864863713583,-13.287935574849447,-2.6781506538391113,-14.15803082784017,-1.8279183308283489,-5.332813262939453,0.14676356563965479,0.11000253011782964,0.16117470959822336,0.1897823065519333,0.16259518514076868,0.3740573401252429,0.7970837553342184,0.874970018863678,0.5421153903007507,0.2603257894515991,0.1490896667043368,0.13947859406471252
0.25-0.25-0.5-0.0-0.75,0.17659147332111994,491.1764551844458,2346.318402471418,0.005310617067152634,4773.193359375,-159.78820006052652,159.38983154296875,-40.918296813964844,20.089083830515545,-3.79032039642334,10.394378821055094,-7.331525166829427,5.446028550465901,-5.849923451741536,5.586667418479919,12.33294407526652,22.183176676432293,10.641630331675211,0.14441719589134058,0.19773024320602417,0.14730713330209255,0.10608983412384987,0.1623592988277475,0.46708008646965027,0.9661648472150167,0.4781881670157115,0.20475677866488695,0.3407076022898157,0.29936776620646316,0.18270906480029225
0.25-0.25-0.5-0.25-0.0,0.13672176748514175,14733.333333333334,2162.8379140373904,0.0015628188751482714,5103.369140625,-197.71734110514322,143.8178914388021,-2.97929048538208,40.207563400268555,-0.4936998685201009,24.77014096577962,0.5639073053995768,15.977029800415039,1.4556019405523937,10.565834522247314,2.1263206005096436,7.501634915669759,2.649017810821533,0.8269566694895426,0.8267370263735453,0.86245197057724,0.8980557521184286,0.9218347271283468,0.9135988354682922,0.866608738899231,0.8987580935160319,0.8955795168876648,0.8770081400871277,0.8159416317939758,0.8098948995272318
0.25-0.25-0.5-0.25-0.25,0.09200755506753922,6327.119187222018,6813.233939535598,0.01757082079226772,12618.45703125,-173.45751953125,55.32740147908529,19.58919366200765,48.978981018066406,-12.477057139078775,23.70063591003418,7.080168644587199,9.231703440348307,-2.9863059520721436,31.83123270670573,-5.715755939483643,22.709498087565105,17.766879399617512,0.3354090650876363,0.32806772490342456,0.32524268329143524,0.3350977698961894,0.3254805902640025,0.3348977565765381,0.4982973436514537,1.0,0.5346988240877787,0.3015134831269582,0.297510027885437,0.31310901542504627
0.25-0.25-0.5-0.25-0.5,0.033324954410394035,7921.941705733344,2232.292498592593,0.004759307902778194,5325.87890625,-375.10044352213544,152.7999750773112,9.436115503311157,23.101521174112957,21.46325937906901,8.403656005859375,3.9519049326578775,9.127889315287272,9.059680779774984,15.246589660644531,17.7735694249471,14.705933411916098,9.218006372451782,0.5105509012937546,0.5430525243282318,0.5953247199455897,0.6652778387069702,0.7171108623345693,0.7309462030728658,0.7050774693489075,0.7913005153338114,0.876620332400004,0.6931477785110474,0.5179630021254221,0.48106194535891217
0.25-0.25-0.5-0.25-0.75,0.06853698194026947,184.23447444290102,2538.6018695118137,0.003056782685841123,5914.453125,-236.2024892171224,147.0107625325521,-12.307985623677572,37.02613321940104,-8.755127747853598,21.38716761271159,-4.72947374979655,16.566845575968426,-3.6109023094177246,5.799413204193115,-6.462244987487793,6.3060323397318525,-0.6909882227579752,0.4589981685082118,0.46589788794517517,0.7005194425582886,0.7896095116933187,0.818267305692037,0.9226068655649821,0.9216213226318359,0.8885354399681091,0.7078384558359782,0.5426731805006663,0.4665850003560384,0.5459215144316355
0.25-0.25-0.5-0.5-0.0,0.06699254736304283,1483.819714999115,2049.99182282805,0.0006427224868730264,4730.126953125,-328.188720703125,146.30673217773438,8.139151255289713,36.906874338785805,-3.8842544555664062,25.037085851033527,4.377967596054077,9.701695919036865,4.1114612221717834,22.41602834065755,0.9401234313845634,-2.642392118771871,6.8199756145477295,0.4065306584040324,0.388370285431544,0.42755525807539624,0.5269931753476461,0.9910739858945211,0.6174260973930359,0.4930938432614009,0.47544024387995404,0.5287007888158163,0.4403301278750102,0.4640081822872162,0.5401449104150137
0.25-0.25-0.5-0.5-0.25,0.0827986051638921,397.6699416760716,2144.707578028047,0.0033531622854449474,4651.171875,-229.3323211669922,159.21411641438803,-9.910918394724527,32.793338775634766,-7.432219664255778,19.821789423624676,-5.550781488418579,11.012601534525553,-1.7410250107447307,6.585480848948161,1.5669703880945842,7.508000016212463,1.8018752733866374,0.7145054936408997,0.532529373963674,0.5873673558235168,0.6315265595912933,0.5931467811266581,0.5716698467731476,0.534983495871226,0.5267579257488251,0.5562743643919627,0.6295265356699625,0.7442136406898499,0.8538536230723063
0.25-0.25-0.5-0.5-0.5,0.003880573669448495,14733.333333333334,2265.3677155231194,0.002934685015740494,4974.169921875,-519.919423421224,145.2996368408203,1.0856637954711914,36.17912356058756,5.893228212992351,19.45987908045451,4.5675108432769775,10.471164464950562,0.7340957323710123,6.640800555547078,2.461810906728109,7.1094621022542315,1.4009334246317546,0.7929714322090149,0.855603833993276,0.930416206518809,0.9194412231445312,0.8963651458422343,0.8513322273890177,0.8698619604110718,0.9015405972798666,0.896680474281311,0.8677522738774618,0.8258385062217712,0.8045464952786764
0.25-0.25-0.5-0.5-0.75,0.10261885325113933,5549.766979668704,5037.7245235618,0.008147639338858426,10429.248046875,-202.377685546875,77.80408668518066,11.244726975758871,48.32996495564779,-2.766996661822001,17.114966074625652,13.1795334815979,11.78236198425293,-11.223153591156006,23.16913064320882,-1.71482515335083,-6.5296744505564375,16.398295720418293,0.34411340579390526,0.3371149717519681,0.37507098230222863,0.35511283452312153,0.6151649753252665,0.8770384788513184,0.2639163484176,0.2718593453367551,0.29828182452668744,0.2935211518779397,0.31877200057109195,0.34633414043734473
0.25-0.25-0.5-0.75-0.0,0.07921095564961433,699.1688917946931,4951.96113183892,0.023359541936467092,9618.1640625,-169.60542805989584,60.595099131266274,-36.02125549316406,25.609342575073242,-23.900292078653973,16.405893951654434,-11.563063422838846,6.8233962059021,-10.968981901804606,8.39094058672587,5.273026307423909,21.723517735799152,18.054957071940105,0.39611173172791797,0.13672946269313493,0.10390246535340945,0.1462250016629696,0.3165244261423747,1.0,0.3346905509630839,0.12990373404075703,0.11147265632947286,0.19698208446304002,0.08519196913888057,0.13406510526935259
0.25-0.25-0.5-0.75-0.25,0.06171007206042608,15114.0794377443,1047.087336420744,0.0005591328325723252,2311.23046875,-453.90210978190106,143.91575368245444,34.87513669331869,20.600635210673016,25.80297915140788,22.6299254099528,14.619764486948648,14.974806467692057,11.664014180501303,8.393634955088297,7.872182528177897,6.674128532409668,5.4498397509257,0.7812768816947937,0.8406247695287069,0.9066628615061442,0.9604624112447103,0.9969571232795715,0.9945271213849386,0.9483729799588522,0.9014870723088583,0.8483501275380453,0.7896672685941061,0.7270521521568298,0.7012598117192587
0.25-0.25-0.5-0.75-0.5,0.14893633127212524,309.846578908915,2202.2666390179547,0.0035200258910966418,4593.75,-121.25631459554036,167.18672688802084,-17.22507111231486,39.520751953125,-11.079611937204996,14.413120031356812,-9.456774274508158,5.2563230991363525,-3.340132455031077,4.076614856719971,-3.0731445948282876,1.743355433146159,-1.7018998463948567,0.21142102281252542,0.324454128742218,0.6092499097188314,0.9622601469357809,0.8632673223813375,0.5867274204889933,0.29520270725091297,0.27507448196411133,0.3634355316559474,0.32926255961259204,0.2390455553929011,0.20783525705337524
0.25-0.25-0.5-0.75-0.75,0.19781902929147085,432.7001294988847,3323.248211651068,0.009694796210775772,7299.755859375,-66.76014455159505,121.52426656087239,-28.62470245361328,27.133752187093098,-15.064197858174643,12.228354026873907,-14.441558837890625,2.347314993540446,-15.024820963541666,-1.3741978406906128,-7.074613730112712,2.6344032287597656,-4.270484169324239,0.23685487111409506,0.15185066560904184,0.10896310706933339,0.09270893534024556,0.1411695803205172,0.22515646616617838,0.32320335507392883,0.5645458102226257,0.7228113810221354,0.6415046652158102,0.5149054005742073,0.3720250328381856
0.25-0.25-0.75-0.0-0.0,0.010797922809918722,100.0,2482.014393075329,0.004035090581358721,5878.564453125,-397.79920450846356,143.57478841145834,1.0361474752426147,36.28182601928711,-1.0719087918599446,23.197792689005535,-0.3877120018005371,11.889245986938477,1.9628854592641194,5.115084966023763,-0.5459710756937662,4.691336115201314,-0.822831948598226,0.7101570268472036,0.7182941138744354,0.7612657348314921,0.7556067804495493,0.7421821852525076,0.7833446860313416,0.8586098949114481,0.896180272102356,0.8334482312202454,0.7501919269561768,0.7272705833117167,0.7115094860394796
0.25-0.25-0.75-0.0-0.25,0.07158424456914265,279.91500785927525,2076.977124079297,0.0020570373453665525,3976.46484375,-244.236328125,179.85714721679688,-43.185520807902016,14.529331843058268,2.622279087702433,6.203112284342448,6.999835968017578,0.2631003061930339,1.3704808553059895,-4.19159738222758,-1.3236048221588135,5.066478411356608,12.068741798400879,0.32515649124979973,0.34163011983036995,0.42261335502068204,0.7731999357541403,0.8817067543665568,0.31234776477018994,0.21345634882648787,0.21801911294460297,0.2475648708641529,0.2913123747954766,0.3783960963288943,0.45843560496966046
0.25-0.25-0.75-0.0-0.5,0.1848771075407664,2998.058093370015,3702.462359689817,0.007908112447087964,8720.947265625,-84.0234375,117.58539581298828,-9.639200329780579,41.53911336263021,1.1065512498219807,32.512139638264976,-15.802330334981283,14.380467096964518,9.879159450531006,17.83177916208903,-15.601194699605307,13.73518149058024,11.212390979131063,0.6267713904380798,0.7204331159591675,0.6965606013933817,0.6916056474049886,0.7597667177518209,0.8598718643188477,1.0,0.7334884405136108,0.5379855632781982,0.53438667456309,0.5271140237649282,0.5533127387364706
0.25-0.25-0.75-0.0-0.75,0.11898194253444672,14735.720546617305,1839.3471636097772,0.0027142581820953637,4378.41796875,-216.05809529622397,180.22264099121094,-12.555081049601236,38.78911463419596,6.873778025309245,18.612736384073894,7.214177131652832,9.629480361938477,8.769337018330893,3.7845866680145264,6.741570154825847,5.483620643615723,2.46110471089681,0.7411118745803833,0.6820744673411051,0.6721248924732208,0.722099781036377,0.7893873453140259,0.803471843401591,0.7478672663370768,0.7748838464419047,0.8605373899141947,0.9616119066874186,0.8552059332529703,0.7803665598233541
0.25-0.25-0.75-0.25-0.0,0.12774780144294104,14742.608303459167,2085.600042931364,0.001257300119808254,4780.37109375,-198.2325185139974,145.79767862955728,-4.405625025431315,41.5612850189209,-0.290693203608195,23.914049466451008,1.5001891056696575,15.071173985799154,2.2146003246307373,10.352706909179688,2.546960413455963,7.137875874837239,2.551002283891042,0.9817708730697632,0.9148370027542114,0.8564249078432719,0.8627655704816183,0.8558579285939535,0.8263700008392334,0.7466988364855448,0.7576247851053873,0.7425616780916849,0.7787704865137736,0.8471041917800903,0.9385785460472107
0.25-0.25-0.75-0.25-0.25,0.03824326582252979,14745.442241913906,2907.3411319678694,0.005376922238307695,6811.669921875,-260.4292348225911,136.38563028971353,-2.059117158253988,34.02191416422526,-2.9335365295410156,17.355911254882812,1.0552973747253418,6.79921019077301,-5.116884072621663,11.937251408894857,-0.5133341153462728,-1.0529754161834717,6.619986693064372,0.8554731210072836,0.9599529107411703,0.8403767148653666,0.7055881222089132,0.6251076559225718,0.6406908929347992,0.5673300921916962,0.6470862428347269,0.8170043230056763,0.6489327748616537,0.5067126552263895,0.6731305917104086
0.25-0.25-0.75-0.25-0.5,0.0408287284274896,125.56131774507075,2202.0665047495554,0.0022588972157488265,5074.658203125,-267.1044108072917,154.64181518554688,-6.5970070362091064,44.76187388102213,-5.408781290054321,26.3502680460612,-4.982676188151042,15.230182965596518,-2.2256062825520835,11.601800918579102,0.7416612307230631,6.039305726687114,-3.867157459259033,0.6909081240495046,0.7678451935450236,0.817647784948349,0.787075142065684,0.7136042316754659,0.7474867701530457,0.6827218929926554,0.6275387008984884,0.635868489742279,0.5509665409723917,0.4915946424007416,0.5584171017011007
0.25-0.25-0.75-0.25-0.75,0.002997355225185553,174.48900849598576,2765.955562007563,0.005533192772418261,6366.650390625,-483.1280008951823,143.40087890625,-11.609296003977457,41.10971705118815,-7.208614031473796,20.913251241048176,-6.482721010843913,16.70705000559489,-2.3666513363520303,10.847448666890463,-4.513528108596802,1.7374669710795085,-3.8336435755093894,0.5809435447057089,0.6701090534528097,0.8099890152613322,0.8687279025713602,0.8380583723386129,0.9211756984392802,0.860559344291687,0.6847583452860514,0.5859928329785665,0.48754850526650745,0.43225008249282837,0.4651812861363093
0.25-0.25-0.75-0.5-0.0,0.04359192152818044,709.2344336071892,4650.9395149353195,0.00903948520620664,9783.251953125,-242.579833984375,58.312953313191734,-41.246616999308266,15.840234279632568,-33.299750010172524,13.04132350285848,-23.800556818644207,6.248154799143474,-17.25205135345459,4.999608914057414,5.775859991709392,31.38544209798177,17.370717366536457,0.18891345461209616,0.039791304618120193,0.017257127910852432,0.03843986584494511,0.3154328415791194,1.0,0.2866767744223277,0.03341453615576029,0.02541636365155379,0.048489298671483994,0.014915974345058203,0.04438071884214878
0.25-0.25-0.75-0.5-0.25,0.03857424048086008,409.61158628643074,4388.346433473067,0.011413553807263574,9316.69921875,-224.16931660970053,76.81958770751953,-49.646741231282554,18.331426938374836,-32.64738845825195,20.312878290812176,-25.12670389811198,5.058626174926758,-13.631512324015299,5.577178319295247,-13.95995839436849,4.219040393829346,-9.846818129221598,0.24853558341662088,0.05769848761459192,0.13752961407105127,0.5378861725330353,0.1412660777568817,0.07416049763560295,0.14019137620925903,0.34423699975013733,1.0,0.3550719718138377,0.09217342113455136,0.10088164856036504
0.25-0.25-0.75-0.5-0.5,0.10176334778467815,254.572450761199,2676.9310765768455,0.012958596877676124,5691.943359375,-209.4647979736328,148.42205301920572,-18.031697273254395,27.429805755615234,-5.209013303120931,20.926793416341145,-7.343965848286946,10.071756720542908,-3.694786866505941,7.115173896153768,-1.5240417222181957,5.894192894299825,-2.93427840868632,0.33127179245154065,0.33225750426451367,0.5136094192663828,0.845052182674408,0.8879748185475668,0.44863558808962506,0.318536010881265,0.30165491501490277,0.36386483410994214,0.2622305477658908,0.39747264981269836,0.5327466328938802
0.25-0.25-0.75-0.5-0.75,0.004249638722588618,7418.822314517649,1238.5899725792424,0.00032463773580578464,2153.3203125,-600.1531677246094,187.69707234700522,14.187381108601889,25.94421609242757,4.753466606140137,18.80076726277669,6.159553527832031,12.742837905883789,4.317529678344727,8.91263516743978,3.68926473458608,7.014243761698405,3.5980404317379,0.8496471444765726,0.8569006522496542,0.9060507218043009,0.8696591059366862,0.8451679746309916,0.834756076335907,0.8489591280619303,0.8683103124300638,0.8711644609769186,0.8233765959739685,0.7917834719022115,0.8295143842697144
0.25-0.25-0.75-0.75-0.0,0.12037299076716106,470.9232740554976,5491.455950490366,0.017644354763130348,10838.37890625,-105.47345860799153,65.74231338500977,-14.580520550409952,34.57204627990723,-36.62940216064453,5.2762666543324785,-25.9611759185791,17.592382431030273,-3.8366766770680747,24.207534790039062,4.146737337112427,9.693456331888834,-5.272486845652263,0.2527260209123294,0.7390228708585104,0.3204292158285777,0.19084141900142035,0.1758213092883428,0.25076107929150265,0.22123519952098528,0.44545580446720123,1.0,0.5553624033927917,0.23444313059250513,0.22443106646339098
0.25-0.25-0.75-0.75-0.25,0.03201323437194029,22050.0,1718.393040387835,0.0016437804941678753,3904.6875,-444.4202372233073,143.41685994466147,40.33001963297526,24.4243221282959,18.154540061950684,19.67709477742513,15.434040705362955,13.904118855794271,13.352513631184896,11.411121209462484,8.882416089375814,7.633289019266765,6.482237815856934,0.8993496696154276,0.9221351742744446,0.9476042985916138,0.9594640930493673,0.947385330994924,0.892882784207662,0.7956681052843729,0.7599701285362244,0.7779959440231323,0.8036174376805624,0.819940189520518,0.8427137931187948
0.25-0.25-0.75-0.75-0.5,0.19518528878688812,103.74654343853946,2550.8762669692665,0.003231786424294114,5806.787109375,-85.6469014485677,151.2924041748047,-10.587196667989096,33.8965212504069,-9.576281309127808,24.83613459269206,-7.147676785786946,12.842539151509603,-3.4031172891457877,8.753951072692871,-2.950950304667155,5.542053858439128,-1.5119871099789937,0.5716325839360555,0.5644896626472473,0.6236470341682434,0.7709726393222809,1.0,0.9443103273709615,0.6837751269340515,0.5693999032179514,0.5232228090365728,0.5029328962167104,0.49434269964694977,0.5472556054592133
0.25-0.25-0.75-0.75-0.75,0.03887846817572912,14737.474679092664,2359.621979713445,0.0030655182005527117,5569.921875,-317.03345743815106,139.84932963053384,12.592652161916098,34.69976679484049,8.801106929779053,19.681664784749348,6.42194386323293,12.016112645467123,4.803839047749837,7.591795603434245,4.2759749094645185,5.684232870737712,4.300986846288045,0.9980688095092773,0.8965763250986735,0.91016153494517,0.9318673412005106,0.9422996640205383,0.9120213389396667,0.8386448621749878,0.8880298137664795,0.9154851237932841,0.9137494961420695,0.8923499385515848,0.9411806265513102
0.25-0.5-0.0-0.0-0.0,0.10117840021848679,22050.0,2542.5460054577043,0.0035613586854500077,6215.91796875,-199.67304484049478,137.47419230143228,4.359162330627441,34.24227778116862,4.190292040506999,20.67448075612386,3.8583277066548667,13.138989130655924,3.45813258488973,8.863578001658121,3.510179261366526,6.511279900868733,3.4088504711786904,0.9076409141222636,0.8997227549552917,0.9522859851519266,0.9840952157974243,0.9750588138898214,0.9982386628786722,0.9300299684206644,0.8735851049423218,0.8305455446243286,0.7908927798271179,0.7871300975481669,0.8366812864939371
0.25-0.5-0.0-0.0-0.25,0.15670069058736166,656.9844234559429,4202.460071374063,0.014904543679828445,8950.634765625,-93.65921020507812,74.2222900390625,-32.856763203938804,29.629620869954426,-20.57915687561035,14.470111211140951,-12.315947850545248,4.02100412050883,-10.377177715301514,3.585210839907328,1.1007824738820393,22.28891404469808,23.566882451375324,0.08505434170365334,0.033443138313790165,0.06530609478553136,0.304116224249204,1.0,0.6597170233726501,0.13027876739700636,0.04953894236435493,0.06302198891838391,0.04081255570054054,0.04471503384411335,0.12634171297152838
0.25-0.5-0.0-0.0-0.5,0.13327436397473016,144.76947203923967,3069.466459302171,0.0059491959400475025,7120.3125,-130.64016977945963,123.22957102457683,-13.337989489237467,33.30793762207031,-3.733616908391317,20.28060468037923,-2.5569806694984436,11.270895004272461,-2.2509653568267822,6.3122343222300215,-1.1196282307306926,4.3130106925964355,-0.9711759090423584,0.5816506942113241,0.7199504772822062,0.9778256416320801,0.9616198937098185,0.7301863034566244,0.551083376010259,0.41676535705725354,0.28497104222575825,0.31352413942416507,0.4504653215408325,0.37798753877480823,0.44902146855990094
0.25-0.5-0.0-0.0-0.75,0.015082719114919504,426.26418141703044,2342.822316900674,0.00474188186005146,4600.927734375,-365.80528767903644,158.9683380126953,-25.4945650100708,19.41314419110616,-6.877294540405273,5.885048230489095,-5.270420988400777,-4.193544626235962,-11.250130971272787,-7.609325567881267,-5.284668882687886,-4.7038397789001465,-4.738870660463969,0.2868418867389361,0.21979832090437412,0.13739913329482079,0.14668786525726318,0.11484017844001453,0.08041725121438503,0.16544722020626068,0.4063641329606374,0.8367807269096375,0.8687589367230734,0.5141195307175318,0.36017019550005597
0.25-0.5-0.0-0.25-0.0,0.1049145981669426,100.0,2173.936172277026,0.0028759229802138484,4643.994140625,-183.7324422200521,158.5585479736328,-17.841299057006836,42.03308868408203,1.3147799173990886,15.78984785079956,4.400119721889496,9.515774408976236,4.897139112154643,6.57902177174886,3.0280153155326843,2.7003060976664224,2.3110463420550027,0.6459299822648367,0.6573047836621603,0.6975222031275431,0.7831068436304728,0.8480226794878641,0.7968496481577555,0.669695128997167,0.6332489748795828,0.6919590830802917,0.6675360600153605,0.6954366862773895,0.6814712484677633
0.25-0.5-0.0-0.25-0.25,0.07405966892838478,152.42992691089444,1808.429838788851,0.004910145379957005,3445.3125,-261.5431416829427,191.28985595703125,8.677594502766928,15.93465264638265,6.504900932312012,12.963345209757486,6.139931758244832,4.026175022125244,1.9095299243927002,1.5066681504249573,2.604927897453308,2.3841163714726767,2.742195248603821,0.4597671627998352,0.5367838641007742,0.7241602540016174,0.888958215713501,0.9621837735176086,0.8815491398175558,0.7149935563405355,0.7084830602010092,0.5870663623015085,0.4865879068771998,0.4411681393782298,0.4665861080090205
0.25-0.5-0.0-0.25-0.5,0.057377394288778305,250.8950034637377,2819.1242647238537,0.00894293161885192,6639.404296875,-206.83531188964844,140.70479329427084,-0.3317759831746419,37.322401682535805,0.12551665306091309,20.690467834472656,-3.4203128019968667,8.241873423258463,-4.979151010513306,5.942543665568034,1.8838454484939575,7.269689242045085,-0.26642004648844403,0.8608831564585367,0.8842560251553854,0.9195764263470968,0.8986043334007263,0.9465386867523193,0.961972733338674,0.9112067222595215,0.8283909360567728,0.7716201146443685,0.7587338288625082,0.771886150042216,0.8212531606356303
0.25-0.5-0.0-0.25-0.75,0.1269205262263616,1195.4877280420508,4888.295024620842,0.007588468530836205,10357.470703125,-162.86204528808594,52.985608418782554,-30.18453057607015,7.999874114990234,-29.605635325113933,15.982701619466146,2.3857126235961914,38.555405934651695,16.098144213358562,10.211071054140726,-20.50364939371745,-7.585511803627014,-1.4783026377360027,0.0237425387216111,0.23170271019140878,1.0,0.24673892557621002,0.020580084373553593,0.013636617145190636,0.02168858548005422,0.009071290493011475,0.013937925299008688,0.04875431085626284,0.01680379717921217,0.013573344253624478
0.25-0.5-0.0-0.5-0.0,0.08818488195538521,22050.0,1667.045665380052,0.002521758484078873,3531.4453125,-310.9297688802083,183.05089823404947,24.758528391520183,13.489132483800253,15.883211453755697,11.445406277974447,10.761765162150065,10.310739517211914,6.471602280934651,6.8894650141398115,5.710752487182617,4.759878476460774,5.062366962432861,0.8629254897435507,0.8758983810742696,0.8845280806223551,0.9324431816736857,0.9897146821022034,0.9986739357312521,0.9546292026837667,0.9582635561625162,0.9333982865015665,0.8739669919013977,0.8205647071202596,0.8080621560414633
0.25-0.5-0.0-0.5-0.25,0.07725471009810765,22050.0,1530.8331144065633,0.0007310699575100443,3143.84765625,-311.4545084635417,181.14203389485678,-1.7061642011006672,24.27183469136556,16.959842681884766,12.194096247355143,12.061529477437338,8.139825661977133,8.888616879781088,5.998171329498291,6.611917495727539,5.48998483022054,5.027698040008545,0.7854937314987183,0.8872012297312418,0.9311721523602804,0.9425844351450602,0.9448946317036947,0.9456846714019775,0.8683690428733826,0.8035543163617452,0.8231437802314758,0.8162005543708801,0.7508818109830221,0.715346763531367
0.25-0.5-0.0-0.5-0.5,0.1057582621773084,105.10894859466539,1754.6555426058596,0.0007925063546281308,3789.84375,-186.66695149739584,180.26619466145834,-28.19244893391927,49.18502553304037,-4.532333532969157,20.376067479451496,4.993588219086329,11.291192690531412,5.086032301187515,6.306671937306722,3.2083537578582764,2.6816139419873557,1.1947611172993977,0.6365690529346466,0.6675689915815989,0.8363665342330933,0.9766679207483927,0.9547756314277649,0.7553141514460245,0.6663507421811422,0.7217410802841187,0.686460942029953,0.6955136855443319,0.864824910958608,0.7855369846026102
0.25-0.5-0.0-0.5-0.75,0.05173649142185847,100.0,1788.6667480939286,0.0016645989623308803,3954.931640625,-269.14772542317706,175.96057637532553,-15.201630353927612,40.901727040608726,1.4087547063827515,23.02078374226888,3.989592711130778,15.07697089513143,2.9294188718001046,8.940557479858398,-0.6907892227172852,2.3532894452412925,-1.8816758394241333,0.5352493127187093,0.5721133550008138,0.60304856300354,0.6822824080785116,0.8339847922325134,0.930447518825531,0.8781274358431498,0.7905643383661906,0.6910323897997538,0.6441054741541544,0.560614546140035,0.5162144949038824
0.25-0.5-0.0-0.75-0.0,0.058656213184197746,395.9878921752475,2035.9196988064177,0.0024385515037768832,3854.443359375,-260.1670430501302,166.855712890625,-7.397493044535319,20.113829374313354,2.9411489168802896,14.967476685841879,5.541134973367055,5.296027680238088,5.068425297737122,7.024862607320149,-2.7182270685831704,2.4678529500961304,2.2775255839029946,0.920495847860972,0.8799195090929667,0.8195363084475199,0.7407828370730082,0.6839264432589213,0.6846793095270792,0.7569936315218607,0.7495794097582499,0.6247912049293518,0.5780329803625742,0.645335872968038,0.7795831561088562
0.25-0.5-0.0-0.75-0.25,0.07047269369165103,7673.554060983753,2350.0074795770256,0.002240923412803871,5476.611328125,-286.5310999552409,136.87037150065103,5.067493697007497,32.66053581237793,-0.525300661722819,15.878440539042154,-1.9207471211751301,7.355135281880696,-0.34693145751953125,4.937764962514241,1.4192256927490234,2.791945139567057,1.535403569539388,0.7921542127927145,0.7438164353370667,0.7400934298833212,0.7222887227932612,0.7426323046286901,0.782908300558726,0.796948085228602,0.7774491310119629,0.7762237588564554,0.7790677547454834,0.798106869061788,0.8144495487213135
0.25-0.5-0.0-0.75-0.5,0.06410205488403638,258.33473079927427,1544.2608567925754,0.0006048786259877185,2648.583984375,-262.20032755533856,184.97813415527344,-9.13992691040039,30.220109939575195,-3.6408947308858237,18.565409342447918,0.0571136474609375,4.460571050643921,-3.1983254154523215,6.9158399899800616,-0.45070687929789227,-1.1700436472892761,0.9853825171788534,0.66101602713267,0.5119712650775909,0.48940055072307587,0.42797993620236713,0.3633641501267751,0.29818155864874524,0.3310942103465398,0.38724041481812793,0.5137641280889511,0.6723355948925018,0.7754010458787283,0.7010702093442281
0.25-0.5-0.0-0.75-0.75,0.04744879280527433,190.25104540092002,1750.0229206801403,0.001759234083389553,3237.158203125,-265.14610799153644,181.1004384358724,-15.995156129201254,29.217140197753906,3.168161074320475,12.795257886250814,-0.2828613718350728,6.924866358439128,5.396250367164612,4.537647724151611,2.0570474664370217,2.1840487718582153,-0.032222847143809,0.3778481011589368,0.4690246333678563,0.48005440831184387,0.42220651110013324,0.4837537209192912,0.6767453551292419,0.881701131661733,0.963682234287262,0.8164364298184713,0.6862488240003586,0.5687695915500323,0.45628677556912106
0.25-0.5-0.25-0.0-0.0,0.13123447448015213,171.32052562100026,1967.8799874349513,0.0014161251383484341,4385.595703125,-225.85379028320312,152.4763946533203,-0.40993499755859375,38.59365590413412,7.94166914621989,20.055173873901367,8.856827974319458,11.857009887695312,7.274560292561849,7.485000769297282,5.994484265645345,5.135143756866455,5.051616827646892,0.811031719048818,0.8968268235524496,0.9411735534667969,0.9297418395678202,0.9043228228886923,0.9374680916468302,0.8783649206161499,0.8394360144933065,0.7565056085586548,0.6415464878082275,0.612406849861145,0.6786513527234396
0.25-0.5-0.25-0.0-0.25,0.10751563807328542,14733.333333333334,861.0631066129772,0.00018591474658554338,1385.302734375,-384.1334228515625,183.12076822916666,46.94678815205892,21.282992402712505,22.836985905965168,16.688823064168293,12.16991138458252,12.328202247619629,9.8763427734375,7.641767819722493,6.951404253641765,5.769813537597656,4.271649996439616,0.7292307813962301,0.766878088315328,0.8246181408564249,0.8901370763778687,0.9645469188690186,0.9958585500717163,0.9735005895296732,0.9325521190961202,0.8662271499633789,0.799689511458079,0.723573903242747,0.6758819222450256
0.25-0.5-0.25-0.0-0.5,0.09021579474210739,426.5910480810562,4254.66053808614,0.02025856791685025,8907.568359375,-114.94521586100261,92.23135884602864,-50.727410634358726,25.759170532226562,-21.231640179951984,21.717573801676433,-4.42270827293396,33.00068283081055,16.4200865427653,34.84864044189453,9.683886249860128,8.644779205322266,-8.82943058013916,0.6270929376284281,0.5406290044387182,0.34263285994529724,0.2943661113580068,0.17884908616542816,0.17079787453015646,0.25944994886716205,0.27990248302618664,0.3079845756292343,0.3096802781025569,0.48149533073107403,0.8059997260570526
0.25-0.5-0.25-0.0-0.75,0.1543695405125618,248.39069391104928,3051.647951187793,0.008400583950181803,6897.802734375,-74.87554677327473,137.71859741210938,-15.702595710754395,37.031167348225914,-14.203336397806803,16.512584388256073,-8.88044555981954,12.466213862101236,-7.215303897857666,5.280342260996501,-7.335973749558131,1.1743923425674438,-8.014572143554688,0.550316592057546,0.4951605002085368,0.5247596204280853,0.744826058546702,0.69720858335495,0.5398837725321451,0.5193559775749842,0.4388396541277568,0.3629074941078822,0.4422629078229268,0.566336010893186,0.6424060662587484
0.25-0.5-0.25-0.25-0.0,0.09994819760322571,266.8779425412428,2779.5872605768477,0.005401951028034091,6208.740234375,-140.53896840413412,144.18910217285156,-14.456740220387777,37.046173095703125,-10.277305444081625,18.771129608154297,-7.093857069810231,10.847117106119791,-6.313961406548818,3.521251360575358,-8.800082365671793,-5.122015058994293,-9.727801640828451,0.2765452687939008,0.21463440855344137,0.2551507105429967,0.34504664937655133,0.3975474238395691,0.46954119205474854,0.6029963294665018,0.8799535830815634,0.9633570909500122,0.671852687994639,0.4168926378091176,0.318958322207133
0.25-0.5-0.25-0.25-0.25,0.2034903566042582,14737.722069825977,1975.9409393763397,0.0019312471655818324,4234.86328125,-151.3566869099935,154.01593017578125,-3.5333172082901,34.85736910502116,3.9024344285329184,19.69566535949707,3.686987559000651,10.939461549123129,-1.5992351373036702,4.517591158548991,0.8510796626408895,5.195839921633403,3.8947430849075317,0.7522558172543844,0.765597383181254,0.7940442562103271,0.8487380941708883,0.9165309468905131,0.886577328046163,0.7728206912676493,0.7234703501065572,0.6897697647412618,0.6948501865069071,0.6705625653266907,0.6775328715642294
0.25-0.5-0.25-0.25-0.5,0.14289156595865884,500.82060507540285,1701.6240596298774,0.0020297540168030537,3452.490234375,-221.40093994140625,192.7556610107422,11.288791020711264,11.892152786254883,-1.5388333002726238,28.720340728759766,5.038400650024414,16.54037380218506,5.8475015958150225,10.082060178120932,-8.88261604309082,3.9669202168782554,7.309427420298259,0.3437565589944522,0.37994368622700375,0.45594511181116104,0.5599492887655894,0.7877908746401469,0.6714770396550497,0.5996135324239731,0.7021112591028214,0.6580704028407732,0.5522422567009926,0.43256708482901257,0.3649856398502986
0.25-0.5-0.25-0.25-0.75,0.10116913417975108,157.63280261518227,2251.204825599514,0.002322202043918272,5196.6796875,-196.94061279296875,152.70040893554688,-15.68397585550944,45.561564127604164,-8.603672981262207,26.162752151489258,-9.373643716176352,14.457291603088379,-6.224637428919475,10.919350385665894,-2.8568185567855835,5.803268114725749,-5.86362870534261,0.4949329098065694,0.6403003732363383,0.676430344581604,0.7599305907885233,0.8820032477378845,0.9204027454058329,0.9015773336092631,0.7933063705762228,0.60401784380277,0.4716310203075409,0.4993007977803548,0.5001218120257059
0.25-0.5-0.25-0.5-0.0,0.023220293534298737,14733.333333333334,1560.2499636250468,0.0018919945997974235,3409.423828125,-466.76605224609375,180.06233723958334,1.9679152170817058,21.837947845458984,16.897781054178875,12.757525285085043,12.000662485758463,7.819767157236735,9.147371927897135,6.384357452392578,6.343523343404134,5.68209966023763,4.742376486460368,0.83620818456014,0.879638671875,0.9309264421463013,0.9749448100725809,1.0,0.9814380804697672,0.9353591998418173,0.9062094688415527,0.875534196694692,0.8436934351921082,0.7862607836723328,0.7688274383544922
0.25-0.5-0.25-0.5-0.25,0.02523942105472088,156.59991303333993,3270.500477337231,0.009540094062685966,7292.578125,-243.97506205240884,134.60267639160156,-28.938282012939453,32.72710927327474,-22.96990140279134,19.14735158284505,-11.948092142740885,17.873693466186523,-4.7256559530893965,13.335012435913086,-9.998674074808756,2.5779617627461753,-5.91811466217041,0.8335720101992289,0.7875810662905375,0.8123528162638346,0.7872853875160217,0.5598271489143372,0.5484289129575094,0.46984914938608807,0.3952769339084625,0.5231251617272695,0.8093870878219604,0.8179910182952881,0.7327665090560913
0.25-0.5-0.25-0.5-0.5,0.10696736723184586,142.98053016261076,3187.9444066615106,0.01085086539387703,6912.158203125,-94.17326100667317,136.9415079752604,-30.199745814005535,34.39950052897135,-16.863375186920166,15.9724489847819,-14.440569082895914,13.075970456004143,-6.1456936200459795,11.71800676981608,0.8860966761906942,3.613836129506429,-7.569979031880696,0.8567276398340861,0.6841591596603394,0.6276548703511556,0.8232040603955587,0.6842597524325053,0.5645177662372589,0.5242462356885275,0.5672919750213623,0.6790690024693807,0.8713946342468262,0.7645184000333151,0.8373146454493204
0.25-0.5-0.25-0.5-0.75,0.1781032830476761,254.9563138864493,3041.860685573194,0.008023664665718874,7005.46875,-72.13324228922527,136.60824076334634,-13.004013061523438,35.81938934326172,-10.798817793528238,18.794046719868977,-6.516110420227051,8.97856139143308,-7.271938800811768,2.124757766723633,-6.374931891759236,-0.1592853864034017,-6.543727556864421,0.9999131560325623,0.7301770647366842,0.4618864059448242,0.2919992009798686,0.26014547049999237,0.27884212136268616,0.3179207493861516,0.2877339373032252,0.2541031489769618,0.3043264125784238,0.5100956360499064,0.7713920474052429
0.25-0.5-0.25-0.75-0.0,0.24136740962664285,147.93275756191377,2496.5418831997213,0.0037564266240224242,5541.2109375,-80.5232645670573,148.17042541503906,-1.295810619990031,31.572187423706055,-1.362035830815633,17.696238199869793,0.6102285385131836,12.63832155863444,4.004478136698405,10.242769241333008,2.677819093068441,5.350656986236572,0.8585559527079264,0.6627008318901062,0.7791579961776733,0.9372034668922424,0.8784212470054626,0.767559806505839,0.75119016567866,0.668264756600062,0.642543708284696,0.5636289119720459,0.4319689869880676,0.4523421327273051,0.5241862237453461
0.25-0.5-0.25-0.75-0.25,0.08507319167256355,555.2410671892158,3048.2645821574843,0.008991335518658161,6538.916015625,-152.66558837890625,136.55419921875,-16.411564985911053,11.887821197509766,-1.799722671508789,9.610492388407389,-13.379790186882019,4.135846058527629,-4.769820372263591,8.154743194580078,6.420732021331787,15.892742156982422,6.287617206573486,0.4134014056374629,0.3303648692866166,0.28076936304569244,0.3310020665327708,0.5483025722205639,0.5659157807628313,0.6185393631458282,0.8676087260246277,0.7448872327804565,0.5157118613521258,0.45853501185774803,0.4227423171202342
0.25-0.5-0.25-0.75-0.5,0.058041765044132866,352.33602809562785,2533.3711531012273,0.003473626139263312,5512.5,-207.43580118815103,149.92963663736978,-18.068752606709797,39.66797892252604,-10.277559439341227,18.868314107259113,-13.958325743675232,7.373909592628479,-10.21861614783605,10.005648692448935,-1.3085778156916301,4.612290819485982,-4.197682857513428,0.5348099867502848,0.5821847567955653,0.5565444727738699,0.6820763647556305,0.905856211980184,0.7414116859436035,0.5586615105470022,0.47952621181805927,0.438223530848821,0.5117063671350479,0.44766299923261005,0.4200947433710098
0.25-0.5-0.25-0.75-0.75,0.012337412840376297,748.7775454940288,2797.271601483586,0.0033312895781515786,6309.228515625,-431.62181599934894,115.83454895019531,-23.922590732574463,48.951263427734375,-2.847039540608724,19.215695063273113,0.5323732693990072,5.761295477549235,-3.867389520009359,5.190419514973958,7.0748640696207685,22.75335915883382,15.06405258178711,0.48619015018145245,0.5842264691988627,0.5807630916436514,0.5756754577159882,0.6437867681185404,0.9282231330871582,1.0,0.6703604956467947,0.549239585796992,0.4871927499771118,0.4142109751701355,0.3898262331883113
0.25-0.5-0.5-0.0-0.0,0.11682551105817159,244.4171662781691,1877.3833580800517,0.0034342465514782816,3560.15625,-165.48260498046875,187.80110677083334,-26.45917495091756,32.60880947113037,2.139822483062744,10.543143272399902,-0.3666370709737142,5.368678251902263,0.1259696582953135,2.663970867792765,-2.9337023297945657,1.7744634946187336,-0.3149009545644124,0.9620617826779684,0.9517865777015686,0.8635477622350057,0.7687806685765585,0.7346651554107666,0.6749078631401062,0.5903628369172415,0.5953514675299326,0.5939970562855402,0.6295169989267985,0.6148924926916758,0.6585181355476379
0.25-0.5-0.5-0.0-0.25,0.08778051286935806,439.1611496199774,3411.1327468073305,0.016240983580549557,7428.955078125,-109.09899393717448,129.66976928710938,-29.316254297892254,20.963376839955647,-18.881968180338543,9.605774879455566,-16.952913920084637,6.14106806119283,-8.522121906280518,2.7674540678660073,-10.097042083740234,-4.420835812886556,-6.619193871815999,0.5385276228189468,0.47890782356262207,0.4946745236714681,0.4238872130711873,0.5671269794305166,0.7023725509643555,0.5946460465590159,0.39359116554260254,0.3680817186832428,0.6918775836626688,0.8805959820747375,0.8737102349599203
0.25-0.5-0.5-0.0-0.5,0.08986341208219528,22050.0,2340.5890739092806,0.007073028033005357,5756.54296875,-279.32721455891925,169.11046600341797,12.666364272435507,9.895767966906229,16.275447209676106,10.554867267608643,10.191264152526855,9.456421693166098,6.127945105234782,6.9226508140563965,5.471807797749837,4.746710141499837,5.0495937665303545,0.8405665357907613,0.871367355187734,0.9379490812619528,0.9857304096221924,0.9934799075126648,0.9577962358792623,0.9439505934715271,0.908266007900238,0.8684263030687968,0.8274568319320679,0.7700319687525431,0.7717361450195312
0.25-0.5-0.5-0.0-0.75,0.2482680082321167,22050.0,1068.7264813076508,0.0005920419845821812,1859.033203125,-239.70944468180338,186.95311482747397,31.83237107594808,14.175664583841959,22.112192153930664,19.952900886535645,9.01950979232788,7.768027305603027,6.778007348378499,2.3332525889078775,-0.5720602671305338,0.058132012685139976,1.8539401690165203,0.8182725509007772,0.8610222140947977,0.8977985183397929,0.9170059760411581,0.9613164067268372,0.9969877004623413,0.9799433549245199,0.8944046894709269,0.7714311480522156,0.7256967425346375,0.7298354109128317,0.749223510424296
0.25-0.5-0.5-0.25-0.0,0.22594415644804636,198.89104052370098,3090.992309060128,0.007674534805119038,7077.24609375,-49.16223271687826,132.0497283935547,-8.879113674163818,32.483863830566406,-3.484653949737549,17.89845625559489,-2.0816524823506675,14.434995651245117,-1.9257722695668538,7.418306430180867,-0.27280084292093915,2.283293088277181,-2.5872077147165933,0.47637204577525455,0.4723995625972748,0.4544241279363632,0.4291916638612747,0.5256035874287287,0.6319525887568792,0.633682131767273,0.8267359534899393,0.92076708873113,0.8409730593363444,0.6460897624492645,0.554582933584849
0.25-0.5-0.5-0.25-0.25,0.04339944881697496,14855.820614312108,2092.91169285759,0.0025323072622995824,4399.951171875,-313.85365804036456,163.65103149414062,-10.243816375732422,11.584584554036459,0.13031752904256186,12.541162490844727,-0.5163577397664388,4.822018146514893,2.2434938748677573,3.3039573033650718,1.544517993927002,3.1156468391418457,1.5114814043045044,0.5392372310161591,0.5210698507726192,0.5161689830323061,0.4772719206909339,0.489647313952446,0.6204030811786652,0.5248392149806023,0.4920997495452563,0.5132011026144028,0.6998320122559866,0.9532238841056824,0.6514734526475271
0.25-0.5-0.5-0.25-0.5,0.10617195814847946,22050.0,1893.6370883539992,0.0019246284476442572,4421.484375,-234.5262451171875,169.1916249593099,-0.4950195948282878,31.284469604492188,7.462194442749023,20.286999384562176,5.789591948191325,13.15150006612142,5.553571859995524,8.656888326009115,5.305600881576538,6.2414547602335615,4.983455260594686,0.9441049297650655,0.9639842510223389,0.9804396828015646,0.971736749013265,0.9289800326029459,0.9174139897028605,0.882027824719747,0.8678257266680399,0.8494275013605753,0.8443126479784647,0.861088236172994,0.8786768913269043
0.25-0.5-0.5-0.25-0.75,0.05229188005129496,22050.0,2288.336518148672,0.0025725375841526934,5512.5,-289.7708333333333,141.18207295735678,0.38853410879770917,37.112026850382485,1.9842006762822468,23.085610071818035,2.4924136797587075,14.85194206237793,2.7578670183817544,9.951679229736328,2.957621415456136,7.052441596984863,3.193541020154953,0.7467660506566366,0.8233776688575745,0.8430516322453817,0.9063107768694559,0.9993932247161865,0.9685013095537821,0.8946699102719625,0.8375829458236694,0.7742052674293518,0.7010780175526937,0.6605172554651896,0.6536692182223002
0.25-0.5-0.5-0.5-0.0,0.11519523710012436,401.36633066649784,3136.758901344032,0.008542595596130317,7192.08984375,-220.5334014892578,116.17670186360677,-6.132567246754964,44.57045237223307,3.2919389406840005,27.15426731109619,0.4601089159647624,24.083991368611652,7.795065402984619,21.267725626627605,5.055868148803711,4.376370032628377,-8.177746136983236,0.5887866119543711,0.4418921073277791,0.4450970192750295,0.5199466645717621,0.5745188991228739,0.6394594411055247,0.7713890473047892,0.8007851839065552,0.6206933309634527,0.5458975931008657,0.4651459256807963,0.6120554407437643
0.25-0.5-0.5-0.5-0.25,0.0016176099888980389,22050.0,1975.3098613153768,0.003162544773402942,4737.3046875,-713.3529256184896,168.33258565266928,34.607744216918945,17.383237997690838,18.417763074239094,16.191030502319336,9.485132535298666,9.973251024881998,8.434315204620361,5.915692647298177,5.504728635152181,5.132879098256429,3.9393273194630942,0.8834971189498901,0.8338634769121805,0.7661880056063334,0.7504816253980001,0.7393467426300049,0.7602226138114929,0.7400469581286112,0.7755522727966309,0.7902907133102417,0.8199949860572815,0.8371223409970602,0.86831001440684
0.25-0.5-0.5-0.5-0.5,0.012660274902979532,14733.333333333334,2062.682644492065,0.002982530465487798,4572.216796875,-456.6555989583333,147.47630818684897,11.040848731994629,32.327568689982094,14.619794209798178,7.7341541449228925,8.700866858164469,11.727362473805746,10.303521156311035,1.5807183583577473,2.8992493549982705,10.841673533121744,5.345089157422383,0.87521892786026,0.9209505716959635,0.9143545230229696,0.9079970916112264,0.9145721594492594,0.9149907430013021,0.9101083477338155,0.8793777028719584,0.8807244300842285,0.8107595245043436,0.7742085258165995,0.78214563926061
0.25-0.5-0.5-0.5-0.75,0.0023262555866191783,288.83472512072706,3013.026903111882,0.005375686489666502,7012.646484375,-509.66123453776044,133.9691390991211,-14.144069035847982,37.13656489054362,-17.669294039408367,15.810358683268229,-15.095537185668945,8.333443641662598,-8.488314708073935,9.511372566223145,-4.165974507729213,0.0820842186609904,-12.22302532196045,0.5403993278741837,0.7300173938274384,0.7644246717294058,0.6319271922111511,0.6211747129758199,0.5806089068452517,0.44054453323284787,0.36244184027115506,0.40213825802008313,0.2352127954363823,0.2546853298942248,0.4314765880505244
0.25-0.5-0.5-0.75-0.0,0.06548457468549411,7562.782523897288,1744.2012061629691,0.002254575060457379,3581.689453125,-287.5595703125,167.82873026529947,-5.526138087113698,30.896262486775715,9.58883547782898,14.683059056599935,7.05400808652242,7.794499238332112,5.466253240903218,5.010053555170695,6.052178303400676,4.581206639607747,3.317972977956136,0.5785472393035889,0.6451492110888163,0.7623186707496643,0.875029444694519,0.9450260996818542,0.9790191451708475,0.9370132088661194,0.788664698600769,0.7335487206776937,0.748133917649587,0.6918429136276245,0.5818921128908793
0.25-0.5-0.5-0.75-0.25,0.032300977036356926,158.865146452234,2022.4682837404573,0.002635261470762392,4227.685546875,-293.5628662109375,169.92096455891928,-13.486258506774902,35.00642395019531,-1.1884576479593914,12.693379084269205,-1.0977829893430073,4.91739954551061,1.7635774612426758,4.204512437184651,-0.08787798881530762,2.402646243572235,2.287967642148336,0.7655309836069742,0.9549232323964437,0.6818862954775492,0.5365815261999766,0.4962992270787557,0.4471614460150401,0.3823633889357249,0.45194559295972186,0.5057082374890646,0.4743968149026235,0.458645095427831,0.5489356021086375
0.25-0.5-0.5-0.75-0.5,0.05290590971708298,127.74995183074681,1613.68977983007,0.0018639233797633399,2849.560546875,-268.50270080566406,190.99775187174478,-18.506165822347004,17.922136783599854,16.732452710469563,17.30403010050456,12.19940217336019,7.9402462641398115,0.38838205734888714,2.5544447104136148,0.43624599774678546,-1.9780316352844238,2.373006025950114,0.6389286319414774,0.8804334203402201,0.9778181115786234,0.8068238695462545,0.7045731147130331,0.7729722658793131,0.7545832395553589,0.7419226368268331,0.7324313322703043,0.8182635307312012,0.6896175543467203,0.642052948474884
0.25-0.5-0.5-0.75-0.75,0.01710964273661375,169.1673542634104,2963.1552870692117,0.007818610485022267,6998.291015625,-309.18358357747394,140.08533223470053,-8.191059827804565,39.253790537516274,-9.073646863301596,19.046987533569336,-7.756581207116445,14.633440812428793,-6.099180777867635,4.39061443010966,-4.991229613622029,6.1191519896189375,-0.5172301928202311,0.8267525732517242,0.7180681626001993,0.6600496172904968,0.5752968291441599,0.5862661997477213,0.5887130796909332,0.5716380973656973,0.5877158542474111,0.5127390921115875,0.5567368865013123,0.6210730572541555,0.7203465600808462
0.25-0.5-0.75-0.0-0.0,0.039236108462015785,22050.0,1819.6755495276818,0.003695366353819433,3883.154296875,-346.1949768066406,179.67654927571616,20.28836949666341,17.701761960983276,19.605266571044922,14.402488390604654,10.950343608856201,5.253411610921224,2.501408259073893,2.9814191659291587,2.410646597544352,4.883433818817139,5.249942859013875,0.9026077191034952,0.8611128727595011,0.8377158641815186,0.8405052224795023,0.8212908705075582,0.769805908203125,0.7355977098147074,0.8203948934872946,0.8862634897232056,0.9567609826723734,0.9540879329045614,0.9221374988555908
0.25-0.5-0.75-0.0-0.25,0.12945808718601862,172.59346117983793,1408.9729152190455,0.00209871610513801,2397.36328125,-279.21960194905597,157.81238810221353,20.931828419367474,47.00821304321289,15.238656640052795,24.454224904378254,10.727735837300619,12.316464106241861,7.271112600962321,5.4827342828114825,4.230781992276509,2.1852238178253174,3.4827285011609397,0.8655364910761515,0.8285730878512064,0.8002137740453085,0.8144432703653971,0.8754375775655111,0.8801802396774292,0.8677881558736166,0.8420058687527975,0.8545824686686198,0.8323353131612142,0.8288351893424988,0.8713774085044861
0.25-0.5-0.75-0.0-0.5,0.07288569832841556,172.65269578358547,2502.01358680423,0.005489219989006718,5325.87890625,-187.21827189127603,151.52210998535156,-24.14513397216797,35.986881256103516,-6.603662093480428,23.740315437316895,-11.586068471272787,6.055036336183548,-3.281026045481364,9.308162371317545,-5.22588050365448,5.598812818527222,-8.089867115020752,0.5807004670302073,0.5018146932125092,0.5210463503996531,0.47597311933835346,0.4504313866297404,0.49056243896484375,0.5936193664868673,0.6616106728712717,0.7480701605478922,0.7284597754478455,0.8044151067733765,0.956796129544576
0.25-0.5-0.75-0.0-0.75,0.09097916632890701,14733.333333333334,2487.7923060308626,0.00272800757860144,6043.65234375,-224.9400838216146,137.77601623535156,2.934551954269409,34.416857401529946,2.666065533955892,20.655604044596355,2.9364002545674643,12.74529997507731,3.277324120203654,7.998511950174968,3.4645808935165405,5.259006818135579,3.4735708236694336,0.8753573894500732,0.8592856923739115,0.9021044373512268,0.9553383787473043,1.0,0.9914042353630066,0.959768533706665,0.9371204972267151,0.9049908320109049,0.8975272377332052,0.8777476747830709,0.8499873280525208
0.25-0.5-0.75-0.25-0.0,0.0762516458829244,4107.4595492006165,6435.932406798743,0.008371320320293307,12173.4375,-244.12092081705728,11.485394259293875,-24.469624837239582,36.5430113474528,-3.983800192674001,2.6110191345214844,-11.185415267944336,38.56981086730957,-1.2533253033955891,21.50202528635661,13.503191630045572,2.567909042040507,-21.919941266377766,1.0,0.05278069650133451,0.006973138389488061,0.006917235053454836,0.007517687355478604,0.005524649905661742,0.017429664731025696,0.02626814196507136,0.005304740741848946,0.009292808206131061,0.019559466900924843,0.5610441168149313
0.25-0.5-0.75-0.25-0.25,0.05522385239601135,22050.0,2688.008425562401,0.0034594778747608266,6775.78125,-297.209467569987,133.23707071940103,9.1328976949056,30.868537267049152,7.192070960998535,19.349612553914387,5.470602671305339,13.071789423624674,4.304701089859009,9.244707425435385,3.732591683665911,6.885838667551677,3.396647890408834,0.8548320333162943,0.9010353883107504,0.9555044372876486,0.9514366388320923,0.9215277234713236,0.8433800538380941,0.8293236891428629,0.8425283829371134,0.8487176895141602,0.8180981477101644,0.8211173216501871,0.8224965929985046
0.25-0.5-0.75-0.25-0.5,0.04165117380519708,366.98931009631036,1901.3326402691898,0.001205297701138382,3861.62109375,-313.90392049153644,160.76988728841147,10.290915807088217,28.900140126546223,-13.721266428629557,22.418163617451984,-4.799566288789113,-1.4426274299621582,10.720317423343658,-7.734061400095622,3.5627407232920327,9.556155522664389,-1.6774351596832275,0.15057219502826533,0.1604164025435845,0.16018338998158774,0.1800848850980401,0.2578595553835233,0.6216721832752228,0.9881179730097452,0.6365720132986704,0.3157262075692415,0.1990092033520341,0.16118955922623476,0.13951541545490423
0.25-0.5-0.75-0.25-0.75,0.22461630403995514,387.3122055649264,2402.9350790768713,0.0026431610264504948,5648.876953125,-95.70503489176433,144.4180704752604,-7.662548383076985,43.95942306518555,-6.363776087760925,24.342383702596027,-4.74383803208669,13.824377218882242,-7.788973490397136,6.474827527999878,-4.600639800230662,4.384907245635986,0.018436282873153687,0.38513414065043133,0.38775163392225903,0.423659751812617,0.5689205328623453,0.7108693321545919,0.9219347238540649,0.7997707724571228,0.6261285245418549,0.42776402831077576,0.37175828715165454,0.34343859553337097,0.3524611343940099
0.25-0.5-0.75-0.5-0.0,0.10775016248226166,3585.85113193522,6801.177983354629,0.017032850766554475,12754.833984375,-167.4784723917643,37.50129691759745,-14.391236146291098,29.262095133463543,-15.519627571105957,34.919413248697914,0.31104294459025067,9.383578141530355,-10.25505272547404,10.432533899943033,-3.3777265747388205,27.867279370625813,-13.881404240926107,0.17005043663084507,0.17769606101016203,0.14016511663794518,0.15640434296801686,0.25134143233299255,0.27709419652819633,0.21136753913015127,0.16469370077053705,0.16127942378322283,0.9613467653592428,1.0,0.177830188224713
0.25-0.5-0.75-0.5-0.25,0.2221588691075643,2557.5625211459087,5135.939610966032,0.035592999309301376,10565.625,-16.146026929219563,89.59527587890625,-6.410244703292847,42.902923583984375,-24.70570246378581,15.510570844014486,-6.662477691968282,2.984008272488912,-2.013146718343099,19.29155731201172,-18.296491622924805,11.842679659525553,-17.12389373779297,0.35526824990908307,0.3501383860905965,0.3985305180152257,0.5344733893871307,0.6835196514924368,0.6103747487068176,0.553888221581777,0.5439035097757975,0.47883309920628864,0.5562670727570852,0.6049340466658274,0.5935935278733572
0.25-0.5-0.75-0.5-0.5,0.12789993236462274,289.91133020831404,2493.407739563064,0.0050355845790666836,5519.677734375,-135.3345743815104,154.156005859375,-25.48821512858073,32.28646723429362,-4.024652322133382,16.61819903055827,-2.7652858098347983,7.69658891359965,-4.128696528573831,5.549749771753947,-2.5403475066026053,0.4077969193458557,-0.49179259936014813,0.5042992283900579,0.5433132201433182,0.5387667243679365,0.46049217879772186,0.4592168480157852,0.6857644220193228,0.9562990665435791,0.809500535329183,0.6025630931059519,0.4874320353070895,0.507436953485012,0.4811545784274737
0.25-0.5-0.75-0.5-0.75,0.04376609002550443,150.11302862688433,1630.481196207118,0.0015470798510553625,3373.53515625,-300.9467417399089,182.50774129231772,-16.160240014394123,44.075913747151695,7.975562522808711,16.21044858296712,6.492929995059967,10.714136600494385,6.922346909840901,9.027713457743326,1.199567397435506,2.1805787682533264,1.4238556424776714,0.6208747824033102,0.6709736585617065,0.7887799739837646,0.9166039625803629,0.9433621168136597,0.8433761994043986,0.7750490506490072,0.7401797970136007,0.757733424504598,0.7724819084008535,0.6249535282452902,0.5638283888498942
0.25-0.5-0.75-0.75-0.0,0.1973332017660141,251.84415950965342,3849.9120375459115,0.016910421351591747,8369.23828125,-27.756649494171143,116.24602762858073,-32.14295895894369,30.47287940979004,-20.672807693481445,20.20962397257487,-9.553123474121094,16.92583465576172,-10.028735478719076,4.504672050476074,-18.074220339457195,-6.337301154931386,-10.26040013631185,0.31240322689215344,0.31982754667599994,0.8765730460484823,0.8711750507354736,0.5894081592559814,0.5196393728256226,0.5059937636057535,0.3869205415248871,0.32086650282144547,0.30176086723804474,0.4722641259431839,0.500949407617251
0.25-0.5-0.75-0.75-0.25,0.034836744889616966,100.0,2545.2559638262137,0.003430959302932024,5641.69921875,-265.2751719156901,149.1800740559896,-24.40295473734538,42.52763875325521,-7.8450320561726885,23.74941126505534,-5.080567200978597,12.089925765991211,-2.9198900063832602,21.193546930948894,10.561102231343588,10.736100991566977,1.7201077342033386,0.8234202265739441,0.6854706903298696,0.6042487521966299,0.6126568714777628,0.6670604546864828,0.6708643237749735,0.6264729897181193,0.7621941367785136,0.8353463212649027,0.9693207939465841,0.9014800985654196,0.7831902305285136
0.25-0.5-0.75-0.75-0.5,0.04022172838449478,102.16818724363368,1636.3086348008821,0.00236746347945882,2885.44921875,-312.77777099609375,203.38121541341147,4.695963541666667,15.258035977681478,9.768861830234528,6.304117759068807,3.249632477760315,5.599038124084473,3.371767203013102,-3.1449103355407715,3.322497467199961,-0.27409156163533527,1.5140361587206523,0.6923966805140177,0.6674358050028483,0.7701791922251383,0.7961011528968811,0.7454711198806763,0.7492981751759847,0.7703046401341757,0.8132131894429525,0.8323450287183126,0.8310767412185669,0.7531815568606058,0.7293753623962402
0.25-0.5-0.75-0.75-0.75,0.019947334192693233,7594.527951554507,1615.697942169054,0.0012251648693298496,3316.11328125,-452.30202229817706,160.86346435546875,35.165173848470054,18.593015988667805,14.835089683532715,11.021939118703207,5.748497153321902,5.6852781077226,2.7040766874949136,0.059358835220336914,-0.06791078050931294,1.4910010894139607,3.970139185587565,0.46629516283671063,0.5184999157985052,0.6121858110030493,0.6893547574679056,0.7437893648942312,0.806830366452535,0.8687241474787394,0.6949282884597778,0.5247143904368082,0.47781191766262054,0.4719117631514867,0.45054058233896893
0.25-0.75-0.0-0.0-0.0,0.02492265837887923,1085.042075467519,2093.5910353504837,0.0011306577313613768,3933.3984375,-376.5073547363281,162.96417236328125,-41.38736788431803,10.360906283060709,0.04067103068033854,12.063248952229818,8.231609026590982,19.27488390604655,17.84582010904948,13.440591176350912,6.1813130378723145,-8.686483780543009,-7.222428719202678,0.5403854337831339,0.42789670328299206,0.6479170173406601,0.46314393480618793,0.2935548573732376,0.25954133334259194,0.2800258106241624,0.3008552597214778,0.3418544257680575,0.37023470054070157,0.35746056338151294,0.6516778618097305
0.25-0.75-0.0-0.0-0.25,0.018562013128151495,7433.817771531642,2354.920384922994,0.004327269705754588,5742.1875,-425.37293497721356,175.3075968424479,-1.0912176767985027,27.36367670694987,7.362661997477214,9.01333483060201,1.4586079915364583,3.748448212941488,7.461017449696858,8.985271294911703,6.328919092814128,-1.3590803146362305,-0.9423012733459473,0.91809610525767,0.9288416107495626,0.9548488259315491,0.9687432845433553,0.9797149896621704,0.9670908649762472,0.9269905289014181,0.9147475361824036,0.9094302256902059,0.9044265151023865,0.8804476062456766,0.8664442698160807
0.25-0.75-0.0-0.0-0.5,0.024948184688886006,203.29487398059896,1673.7789907386757,0.002173297129047569,3825.732421875,-380.1423746744792,205.06383260091147,-7.658080418904622,19.061858495076496,13.241340001424154,11.962411880493164,4.6261210441589355,-0.6612933476765951,9.296854376792908,6.884189049402873,4.688078880310059,7.022727648417155,0.23230298360188803,0.8880239923795065,0.70020858446757,0.5255609452724457,0.5137772361437479,0.5579456984996796,0.5827293892701467,0.5631595949331919,0.574416995048523,0.5992745856444041,0.6132631003856659,0.7499083280563354,0.921906054019928
0.25-0.75-0.0-0.0-0.75,0.0003370138971755902,100.0,2494.4697296730706,0.003087601663234333,5842.67578125,-744.9964192708334,143.3709920247396,-3.973729451497396,40.43008677164713,-1.0811697642008464,22.530072530110676,-0.8345743815104166,13.675821940104166,0.6496280034383138,9.164140860239664,0.743821918964386,4.575801759958267,0.4713889757792155,0.9038901925086975,0.8337252934773763,0.7353135248025259,0.6929290195306143,0.6590258876482645,0.6965372761090597,0.7804477214813232,0.8170636494954427,0.7894031008084615,0.7802725434303284,0.7355159123738607,0.7822746237119039
0.25-0.75-0.0-0.25-0.0,0.053386036306619644,176.32908693458452,1550.8253214561053,0.001574708226447304,2648.583984375,-269.58957926432294,210.63702901204428,-27.073048909505207,12.51722671588262,15.072118759155273,10.443105538686117,3.4371960163116455,8.073047320048014,0.04718661308288574,2.5383958419164023,2.880652666091919,2.875495731830597,3.6529090801874795,0.4999292294184367,0.49408628543217975,0.526048501332601,0.5319832364718119,0.673630972703298,0.9704561630884806,0.8536925117174784,0.5812311122814814,0.47107448677221936,0.4798508882522583,0.425771027803421,0.4970405002435048
0.25-0.75-0.0-0.25-0.25,0.07068024016916752,100.0,1837.1956790823212,0.003450308737834954,3718.06640625,-307.7215067545573,170.384521484375,11.970857977867126,14.6501677831014,19.79517396291097,10.945499897003174,7.9105658531188965,4.550199429194133,-0.33780694007873535,0.8116421699523926,2.0762240886688232,5.511988798777263,7.158907890319824,0.8733618060747782,0.8390958110491434,0.8425727883974711,0.8669130206108093,0.9177531599998474,0.9672297437985738,0.9086412986119589,0.8641194502512614,0.8506434361139933,0.8826026121775309,0.8649279872576395,0.867572546005249
0.25-0.75-0.0-0.25-0.5,0.15687870979309082,22050.0,2451.483217421123,0.003513398153396944,5691.943359375,-168.4599405924479,141.21946461995444,2.8291937510172525,32.4026845296224,6.33669916788737,18.339101155598957,5.203833262125651,12.68819268544515,4.042462587356567,9.195898532867432,3.6507023572921753,6.751509348551433,3.1519092321395874,0.7939541041851044,0.8343880573908488,0.8856204946835836,0.9431877334912618,0.9485567808151245,0.9442107081413269,0.8492916027704874,0.777933398882548,0.8743250370025635,0.895133395989736,0.8409456014633179,0.7947923143704733
0.25-0.75-0.0-0.25-0.75,0.03631373184422652,1437.6558417699232,5561.981682940243,0.011383342323824763,10917.333984375,-279.4119567871094,29.50523869196574,-46.889183044433594,7.364317893981934,-30.313626607259113,23.310452143351238,2.4782694578170776,22.9823424021403,-14.269219557444254,-6.156927625338237,-15.481295903523764,10.46019458770752,13.913572947184244,0.012300367544715604,0.05836905042330424,0.014391850214451551,0.008870562383284172,0.017279097732777398,0.21766261756420135,1.0,0.20237610737482706,0.011253536290799579,0.00639309190834562,0.009960029274225235,0.003995385331412156
0.25-0.75-0.0-0.5-0.0,0.0650822085638841,14733.333333333334,2903.554923856131,0.008545800264982972,7751.953125,-328.46739705403644,154.97632344563803,6.192059834798177,22.66932551066081,15.70620091756185,11.330828030904135,11.071994145711264,7.408222516377767,8.010941982269287,5.506306489308675,5.620161215464274,4.809854507446289,4.226207097371419,0.8395294348398844,0.861855943997701,0.9504377643267313,0.9873536030451456,0.974867582321167,0.9866021474202474,0.95160311460495,0.9154709378878275,0.8350018660227457,0.7626506487528483,0.7796622117360433,0.7737656633059183
0.25-0.75-0.0-0.5-0.25,0.07475293551882108,7416.666666666667,1375.5613078455665,0.0021950691912782836,2275.341796875,-338.56870524088544,180.82230122884116,33.91298484802246,19.696366945902508,22.741146723429363,17.677649815877277,11.362870534261068,11.67905823389689,7.767773946126302,4.3198421994845075,2.57317320505778,0.5926794211069742,0.6346089045206705,0.6284915308157603,0.6534972290198008,0.6879762808481852,0.8021003603935242,0.8998976151148478,0.9647820989290873,0.9354722102483114,0.9163514773050944,0.8867953022321066,0.8279048601786295,0.6570127805074056,0.5665472547213236
0.25-0.75-0.0-0.5-0.5,0.13637051731348038,22050.0,2632.982157297233,0.0042668864674245315,6237.451171875,-152.71218872070312,143.30310567220053,1.8168268203735352,29.863649050394695,0.11138979593912761,22.072494506835938,3.444329261779785,9.555213451385498,2.421166102091471,13.246161778767904,1.1077384154001872,1.5221634705861409,3.869346300760905,0.8681705395380656,0.8100265860557556,0.8356941342353821,0.8357150157292684,0.7781704664230347,0.7831940054893494,0.7633798122406006,0.794461727142334,0.8232895731925964,0.7743502656618754,0.7064831654230753,0.7753898700078329
0.25-0.75-0.0-0.5-0.75,0.07047889629999797,502.81655677982167,4136.978913629607,0.013655394315719604,8807.080078125,-159.32825724283853,96.19853973388672,-27.03896204630534,27.12834103902181,-26.708563486735027,10.02103348573049,-15.583548545837402,5.185957272847493,-12.445722897847494,-2.285488784313202,-13.752623796463013,-8.016532440980276,-11.721610148747763,0.5241456230481466,0.1845520039399465,0.19173467283447584,0.2261698804795742,0.10850213095545769,0.12626974222560725,0.2337085579832395,0.33284084995587665,0.35231334902346134,0.26087607567509014,0.34245575467745465,0.841727614402771
0.25-0.75-0.0-0.75-0.0,0.0656615470846494,14783.07338508842,2184.400738317316,0.007255576807400151,5412.01171875,-329.28485616048175,119.78535715738933,36.194759368896484,24.901808579762776,11.674704392751059,10.37575626373291,8.854468822479248,9.016109228134155,9.354771931966146,8.728387673695883,6.607056776682536,5.315349260965983,4.643324693044026,0.851170023282369,0.8821415305137634,0.9105225404103597,0.9356536070505778,0.966969629128774,0.9664308031400045,0.9298834999402364,0.8948860168457031,0.8724857568740845,0.8629216551780701,0.8370705246925354,0.801806112130483
0.25-0.75-0.0-0.75-0.25,0.11229829738537471,131.8157727715711,2740.9099572618065,0.005542642902582884,6359.47265625,-135.8808797200521,142.50082397460938,-7.835726221402486,33.54219627380371,-5.979954163233439,20.20771662394206,-4.992176373799642,10.905450493097305,-3.2341495354970298,8.89935557047526,1.4663044611612956,5.80663005510966,-5.98812214533488,0.7842659950256348,0.8404468496640524,0.8278682231903076,0.7790893912315369,0.6286359230677286,0.5464321374893188,0.5484570364157358,0.5328620870908102,0.6286640167236328,0.5724930365880331,0.5091017882029215,0.6192265550295512
0.25-0.75-0.0-0.75-0.5,0.021916617328921955,15215.070759722526,1720.816798339402,0.0020589781586974887,3847.265625,-488.89146931966144,113.58308410644531,30.1360600789388,31.717142740885418,24.045773188273113,20.356935183207195,15.652453422546387,13.104742368062338,10.087952295939127,7.628981272379558,5.412698427836101,4.469844023386638,4.5457485516866045,0.8088406125704447,0.862191379070282,0.9213501413663229,0.9684514403343201,0.9989455739657084,0.9942763050397238,0.954282820224762,0.914911131064097,0.8694743116696676,0.8176325956980387,0.7588479320208231,0.7339943250020345
0.25-0.75-0.0-0.75-0.75,0.1900125245253245,14772.207979194718,2229.0284873837195,0.002255111661118766,5096.19140625,-160.20648447672525,140.29480997721353,-3.9690391222635903,35.55176798502604,-2.8847052256266275,28.101757049560547,8.668519655863443,20.920176188151043,3.4869815508524575,13.63197135925293,3.2933111985524497,1.8474090894063313,-1.3625121116638184,0.7046163479487101,0.7476850152015686,0.7708829840024313,0.8458495934804281,0.9175026019414266,0.890713115533193,0.8961797753969828,0.8528446753819784,0.8562094370524088,0.8060001134872437,0.7080811063448588,0.6549110809961954
0.25-0.75-0.25-0.0-0.0,0.13307842363913855,403.721034384702,1881.786318667754,0.0025983817852951083,3811.376953125,-191.91862996419272,185.08887736002603,-9.828373591105143,9.919629255930582,0.8640343348185221,-3.6668100357055664,-3.0006941159566245,-1.9105237325032551,4.217698136965434,2.6275129318237305,2.436004320780436,-0.8600656191507975,-4.531550367673238,0.1685566914578279,0.19483636319637299,0.2892907088001569,0.2537514716386795,0.28896400953332585,0.40308935691912967,0.613879938920339,0.9558570981025696,0.6523198386033376,0.27984929581483203,0.17380477550129095,0.16946175446112952
0.25-0.75-0.25-0.0-0.25,0.0459328256547451,178.88277923467595,2023.949627750774,0.0021117625777454427,4220.5078125,-256.65381876627606,166.42042032877603,-11.978992462158203,37.92205365498861,-4.252147356669108,17.63888390858968,-0.056789795557657875,14.315144062042236,1.8807026942571003,6.616239170233409,-3.1478483080863953,2.62246302763621,-2.8955915768941245,0.44860271612803143,0.37276649475097656,0.3017240911722183,0.35585977633794147,0.5430367092291514,0.8273980220158895,0.8209404448668162,0.5937182505925497,0.42953093846638996,0.4090956747531891,0.40820005536079407,0.4534466514984767
0.25-0.75-0.25-0.0-0.5,0.049544582764307656,14744.519306910704,2059.828399674891,0.0015474531004050125,4550.68359375,-293.1666259765625,147.10870361328125,4.234078248341878,38.59586143493652,2.941120465596517,22.409290949503582,2.5007762908935547,13.28567886352539,1.9814787705739338,7.741244792938232,1.3649890422821045,4.538818736871083,1.3999481598536174,0.8090029358863831,0.8580794135729471,0.853304942448934,0.8369266192118326,0.7928513487180074,0.7723571161429087,0.7357655167579651,0.7546345392862955,0.7833919326464335,0.8014719486236572,0.7078865567843119,0.7002566854159037
0.25-0.75-0.25-0.0-0.75,0.04191252340873083,22050.0,1990.935629702215,0.003676144498142168,4952.63671875,-425.5537465413411,120.69547017415364,44.619638442993164,39.61125628153483,26.437548955281574,20.611502011617024,15.354114532470703,13.239452362060547,11.378786563873291,9.881320635477701,7.697745164235433,5.661211013793945,3.8982249895731607,0.8834566672643026,0.912388026714325,0.9435364603996277,0.9635013540585836,0.97867484887441,0.9644749561945597,0.9151554703712463,0.8937080105145773,0.8918749491373698,0.8795538544654846,0.8447733720143636,0.8296279112497965
0.25-0.75-0.25-0.25-0.0,0.11961166809002559,102.54840982576688,1455.0867823158696,0.001048383537029925,2569.62890625,-253.64477030436197,175.05388895670572,20.25316333770752,38.825873057047524,9.703137397766113,21.18923282623291,5.311336199442546,10.723465283711752,2.70082950592041,7.0680012702941895,4.176408529281616,6.824113607406616,2.714182655016581,0.7223945061365763,0.6979351043701172,0.7337235609690348,0.7826719383398691,0.8282159368197123,0.8333528439203898,0.8828584949175516,0.8795537948608398,0.8410360415776571,0.8318493763605753,0.8105674584706625,0.7728491822878519
0.25-0.75-0.25-0.25-0.25,0.09910781433184941,22050.0,1988.7203476647537,0.0019867501626625503,4622.4609375,-265.788080851237,166.58659871419272,4.967048645019531,21.177865346272785,17.635247548421223,11.540399869283041,12.187053044637045,7.65846316019694,8.028971989949545,6.521370728810628,5.336477597554524,5.823169549306233,4.33555801709493,0.877909262975057,0.8780216177304586,0.9301928083101908,0.9697667757670084,0.953764001528422,0.8994993368784586,0.7946305076281229,0.7574585278828939,0.7723018527030945,0.7608938415845236,0.7595492005348206,0.8267616629600525
0.25-0.75-0.25-0.25-0.5,0.05699919288357099,245.40186876630867,2819.009309081813,0.00475627703902622,5835.498046875,-196.84320576985678,139.58333333333334,-36.53211339314779,37.41064961751302,-10.076310952504477,15.993202527364096,-14.087236722310385,11.41700267791748,-5.266261676947276,11.101010958353678,-4.103578845659892,-0.468408743540446,-13.613768577575684,0.8610247174898783,0.6690188844998678,0.45072004199028015,0.25187399983406067,0.13727655137578645,0.1657586544752121,0.2395648111899694,0.1745674361785253,0.14780668914318085,0.21700606246789297,0.4712710777918498,0.9782461126645406
0.25-0.75-0.25-0.25-0.75,0.12126912424961726,22050.0,1653.6178770199574,0.0014942584916752821,3287.40234375,-244.56259155273438,160.31259155273438,-0.1824265718460083,32.97636604309082,16.417139371236164,13.721658706665039,15.028178850809732,9.75803311665853,10.16753594080607,6.364349444707234,5.606991251309712,4.25801960627238,4.323135137557983,0.8080863356590271,0.8257283965746561,0.8821996649106344,0.9319299062093099,0.9609825213750204,0.9485455354054769,0.8483474055926005,0.7859578529993693,0.7759552796681722,0.7735703388849894,0.7542933622996012,0.7483286658922831
0.25-0.75-0.25-0.5-0.0,0.06995203470190366,7594.089493325242,2412.44193690008,0.0032151891597701856,5325.87890625,-239.37602742513022,150.1369654337565,-15.200284322102865,21.453349431355793,2.624248663584391,10.220985094706217,8.262531439463297,10.253349304199219,8.014918009440104,4.7957775592803955,4.487237453460693,4.513877868652344,4.075748562812805,0.5019669334093729,0.6491730709870657,0.4786374469598134,0.4818488111098607,0.5055734813213348,0.7044384479522705,0.9468061129252116,0.5788950622081757,0.4487476348876953,0.4405074417591095,0.42423713703950244,0.3771034727493922
0.25-0.75-0.25-0.5-0.25,0.11531123022238414,22050.0,1498.077490369149,0.0004534828185569495,2670.1171875,-250.9442596435547,163.385009765625,12.04483413696289,34.860137939453125,9.125630060831705,20.569754282633465,3.7746432622273765,12.372106711069742,3.697692076365153,8.59487009048462,3.4707638025283813,6.396755695343018,3.210656171043714,0.9196259180704752,0.9177842140197754,0.960242489973704,0.9716935753822327,0.9758670727411906,0.9223267833391825,0.8443148136138916,0.8307763735453287,0.828948179880778,0.8250037630399069,0.8345812757809957,0.8773146867752075
0.25-0.75-0.25-0.5-0.5,0.13942695409059525,1336.692063746373,5756.704156061033,0.01948928724353512,11075.244140625,-106.7383295694987,42.452378590901695,-11.560214837392172,62.49507522583008,-0.7430988947550455,26.602073669433594,-16.897167205810547,28.296117782592773,3.2535831928253174,-2.4537137349446616,-11.501127401987711,23.931807200113933,-8.654525915781656,0.11776765311757724,0.05190632057686647,0.03866210859268904,0.04836544021964073,0.05813076222936312,0.05687579077978929,0.10462957620620728,0.2133218546708425,0.3308746814727783,1.0,0.5108862717946371,0.2709961384534836
0.25-0.75-0.25-0.5-0.75,0.018701855403681595,5123.138468072158,4819.863135432412,0.009083219105377793,9912.451171875,-332.07204182942706,92.40067291259766,-3.033848444620768,41.401346842447914,-22.16467793782552,25.39876365661621,-4.089085499445598,4.7849860191345215,5.137979626655579,15.66681989034017,-5.637832760810852,38.337151209513344,-6.009940306345622,0.324244166413943,0.3130391538143158,0.3653460244337718,0.45530227820078534,0.654125913977623,0.7216960042715073,0.4782777726650238,0.35469002028306323,0.3769172827402751,0.5688570539156595,0.8494316935539246,0.3681887686252594
0.25-0.75-0.25-0.75-0.0,0.21543306608994803,100.0,2459.337712495942,0.003301022263864676,5648.876953125,-111.70235443115234,141.21762084960938,1.6246802012125652,38.00724983215332,3.8212076822916665,23.400000890096027,1.8557545344034831,14.53448518117269,1.440464973449707,10.436785697937012,1.6826440890630086,6.345101277033488,0.1623361905415853,0.6396028399467468,0.5882513523101807,0.5388479729493459,0.531874547402064,0.5787195414304733,0.6132764021555582,0.681348572174708,0.8152849872907003,0.9189395705858866,0.9228246808052063,0.8397700190544128,0.7218552231788635
0.25-0.75-0.25-0.75-0.25,0.0727614089846611,262.55986838786106,3416.8934364802008,0.010679857262099782,7759.130859375,-170.90338134765625,114.19480641682942,-11.744805653889975,36.82861773173014,-9.136571566263834,12.605178833007812,-9.932318051656088,8.519716580708822,-0.9495159784952799,7.670607884724935,-5.273245751857758,1.205084005991618,0.6482300360997518,0.9135782122612,0.6942347685496012,0.42069285611311596,0.4088323600590229,0.4824555118878682,0.32325802743434906,0.2889227916797002,0.5138125816980997,0.364422286550204,0.2583538331091404,0.32729777693748474,0.45523523290952045
0.25-0.75-0.25-0.75-0.5,0.002309574124713739,337.390314900315,1848.57657366322,0.0027303141347753503,3344.82421875,-562.2617594401041,179.53363545735678,-13.492432554562887,22.717108408610027,5.659683386484782,11.707259813944498,3.6376221974690757,8.172197182973227,2.222324848175049,5.43343186378479,3.3142701188723245,12.131731033325195,10.241029898325602,0.4239830623070399,0.47057535250981647,0.6258557438850403,0.6395660837491354,0.7862978974978129,1.0,0.8531330823898315,0.8419734040896097,0.6567131380240122,0.5155189136664072,0.4766171822945277,0.44760147233804065
0.25-0.75-0.25-0.75-0.75,0.1608686943848928,306.6672540999673,1620.5958165126003,0.0010107602059482208,3531.4453125,-186.1252644856771,178.16858927408853,0.29479068517684937,35.94371668497721,-1.2052388191223145,17.41833559672038,-1.7544795672098796,9.600000699361166,1.2165676752726238,8.093175649642944,4.753394077221553,6.112859725952148,3.096926212310791,0.694240520397822,0.6490843097368876,0.6875035564104716,0.7732240756352743,0.8404794931411743,0.8362481395403544,0.7700730959574381,0.7194057703018188,0.7114777167638143,0.7098351319630941,0.7467499723037084,0.7108632127443949
0.25-0.75-0.5-0.0-0.0,0.10132073611021042,798.4991596434256,3533.738404115886,0.008217952524622282,7644.287109375,-137.29015096028647,109.19237009684245,-41.37459818522135,30.261773427327473,-18.279565175374348,16.220878918965656,-16.15006160736084,10.968412558237711,0.8046848773956299,27.391724904378254,21.094623565673828,30.408934275309246,10.807084023952484,0.3697192718585332,0.2709691872199376,0.28855059544245404,0.257718284924825,0.21807031830151877,0.26875392099221546,0.44771823287010193,0.7752073804537455,0.9595346252123514,0.6326329906781515,0.3944528748591741,0.4055268814166387
0.25-0.75-0.5-0.0-0.25,0.2712804426749547,14733.333333333334,2262.6667434979313,0.0019269947079010308,5361.767578125,-114.81867980957031,140.9996337890625,-0.10551828145980835,44.429307301839195,4.512013753255208,28.581789016723633,-1.676018238067627,9.167432149251303,-3.7835734685262046,12.553701082865397,8.209356052180132,14.145501454671225,6.953324377536774,0.7707038521766663,0.7397124965985616,0.7923692862192789,0.8611217141151428,0.9420035481452942,0.92117973168691,0.7771067023277283,0.7328291138013204,0.8011958400408427,0.7635937531789144,0.6853464742501577,0.7233513394991556
0.25-0.75-0.5-0.0-0.5,0.038831429556012154,241.30895097098843,1957.2023947236269,0.0025385747285326943,3746.77734375,-287.29530843098956,176.30819702148438,-9.832565307617188,28.038769721984863,4.768192768096924,14.86007308959961,2.9634227554003396,3.8347199112176895,3.8104990323384604,1.3100656668345134,-2.3516366879145303,1.2873465915520985,0.18061989545822144,0.9603104392687479,0.7138037085533142,0.43096346656481427,0.3191773096720378,0.4804202417532603,0.4558153549830119,0.4134967625141144,0.5201383928457896,0.5789322654406229,0.648052821556727,0.6974738538265228,0.8243023753166199
0.25-0.75-0.5-0.0-0.75,0.07037614906827609,102.21080231472229,2394.2729827424123,0.00481512543046847,5268.45703125,-216.86873372395834,153.2391153971354,-6.149296283721924,37.57054773966471,4.250058094660441,22.26271851857503,-0.4581700563430786,8.333048701286316,-5.41531499226888,0.5852249463399252,-2.583019177118937,5.739952405293782,4.623320738474528,0.673007587591807,0.7015117605527242,0.6121616164843241,0.5945854981740316,0.7322092453638712,0.8751151164372762,0.9088787039120992,0.8565917015075684,0.8226877053578695,0.6584898630777994,0.48329107960065204,0.5554848710695902
0.25-0.75-0.5-0.25-0.0,0.07590009520451228,14733.333333333334,2326.1068816712827,0.0024016721290536225,5469.43359375,-268.3043263753255,140.08527374267578,5.724510828653972,33.68470255533854,5.036815802256267,20.792243321736652,4.678516705830892,13.585711797078451,4.071614106496175,9.338432947794596,3.9058597249289355,6.944149017333984,3.841416835784912,0.7998894651730856,0.7912142674128214,0.8228505651156107,0.8773720860481262,0.9557039737701416,0.9976268410682678,0.9677069584528605,0.9402299125989279,0.8944721221923828,0.8571760058403015,0.7873976230621338,0.7548803091049194
0.25-0.75-0.5-0.25-0.25,0.06484877814849217,407.2249421455321,954.100347525644,8.80834838123216e-05,1600.634765625,-349.93239339192706,211.00667317708334,-4.662559827168782,5.00917402903239,4.724952220916748,11.43982219696045,2.275871515274048,3.1134489377339682,6.092705647150676,4.4524452686309814,0.3521025776863098,0.8443221946557363,2.388104279836019,0.20168941468000412,0.20659432436029115,0.25499393542607623,0.3308202028274536,0.27371696134408313,0.2848309576511383,0.37171846628189087,0.7249038020769755,1.0,0.5041173100471497,0.24636158843835196,0.19255048284928003
0.25-0.75-0.5-0.25-0.5,0.015870639743904274,2039.4444057054604,2562.6191911857177,0.0016379934822907671,5935.986328125,-417.2916971842448,134.23418680826822,-16.36949570973714,38.09837086995443,-0.7783857186635336,26.034023920694988,9.251641114552816,12.549777030944824,1.6036814053853352,17.19837697347005,23.299889882405598,11.360354900360107,-8.81695556640625,0.8446773687998453,0.5253518770138422,0.5585192193587621,0.5698579599459966,0.5727228820323944,0.5509218176205953,0.5568322688341141,0.5490910162528356,0.5474423219760259,0.5237373361984888,0.5370102077722549,1.0
0.25-0.75-0.5-0.25-0.75,0.10199696570634842,234.3517194434129,2999.147677311473,0.006630298060675462,7070.068359375,-145.04615275065103,128.21054331461588,-3.460710366566976,30.196056365966797,-0.11826785405476888,26.78995132446289,12.063664515813192,20.70127805074056,1.6007110277811687,9.574533462524414,2.155988613764445,2.3379286924997964,-8.115655978520712,0.5547435830036799,0.5410076479117075,0.5693472325801849,0.566792905330658,0.6455713907877604,0.696815699338913,0.5655391414960226,0.5601569811503092,0.6122358640034994,0.753304660320282,0.8155956665674845,0.6248242755730947
0.25-0.75-0.5-0.5-0.0,0.04380257179339727,659.6312514606212,5115.973346272213,0.02155551252265771,12295.458984375,-186.4423828125,98.19361623128255,5.090306023756663,28.866132100423176,-16.6622420946757,16.10070737202962,-23.252733548482258,13.439165751139322,-22.25748570760091,10.847187519073486,-0.644735316435496,8.920706232388815,2.2068912188212075,0.390080822010835,0.3715815544128418,0.45234429836273193,0.5314935396114985,0.5343472907940546,0.6325648228327433,0.6025188664595286,0.3816337486108144,0.35534721116224927,0.35308422644933063,0.4044346213340759,0.4225197484095891
0.25-0.75-0.5-0.5-0.25,0.21485201517740884,498.8304677695428,3203.4003636736147,0.00951755108932654,6933.69140625,-37.17978159586588,134.24579366048178,-25.22542381286621,29.70445950826009,-17.283737818400066,11.538105964660645,-17.207255045572918,4.071490089098613,-13.144388198852539,7.488749345143636,-1.006617397069931,5.382575849692027,-5.347146670023601,0.8529007037480673,0.7344463964303335,0.6091860830783844,0.327195405960083,0.26916282375653583,0.2706879625717799,0.25427278876304626,0.2725136826435725,0.38108837107817334,0.5028935770193735,0.4834156036376953,0.7559885581334432
0.25-0.75-0.5-0.5-0.5,0.10838716973861058,100.0,1720.9577367493746,0.0027246294963939968,3639.111328125,-203.18689473470053,187.51233927408853,-8.625100294748941,36.05630111694336,6.752072711785634,10.891921361287435,8.83628257115682,6.8753383954366045,7.583675861358643,6.99835729598999,-0.015197038650512695,3.6623374621073403,-1.6921879450480144,0.6614818572998047,0.6799813310305277,0.8325772086779276,0.9799984693527222,0.9337192972501119,0.9582698345184326,0.9794995188713074,0.9492136240005493,0.8232467969258627,0.7870858709017435,0.707201361656189,0.672394315401713
0.25-0.75-0.5-0.5-0.75,0.15406032900015512,22050.0,1272.9762323446141,0.0009047187522952527,2232.275390625,-346.858154296875,158.89278157552084,51.45403226216634,31.076488494873047,20.890190760294598,20.822058995564777,15.772926966349283,12.11055850982666,10.258779525756836,8.953373273213705,6.576580047607422,5.147832711537679,4.4427549839019775,0.5183794299761454,0.6005485852559408,0.738303522268931,0.8265963594118754,0.9084211985270182,0.9394842386245728,0.9115128318468729,0.8951334357261658,0.856484035650889,0.7846761544545492,0.6587481101353964,0.5176340540250143
0.25-0.75-0.5-0.75-0.0,0.06957209731141727,22050.0,2159.280228032773,0.001596252996629725,5067.48046875,-260.22023010253906,146.35017903645834,-5.011330604553223,41.148590087890625,-1.8470217386881511,25.101675669352215,0.16971000035603842,15.552760442097982,0.6833556493123373,9.967329184214273,2.2480297485987344,8.50163205464681,5.0924094915390015,0.9492302338282267,0.9018468856811523,0.8722942074139913,0.8653765718142191,0.8660707672437032,0.8631768226623535,0.8149107098579407,0.796541710694631,0.809279203414917,0.8610552350680033,0.8841428558031718,0.8814080754915873
0.25-0.75-0.5-0.75-0.25,0.01979096792638302,338.61406801447697,3573.9662685058224,0.01370558887720108,8010.3515625,-271.27088419596356,119.63965352376302,-26.859561284383137,30.83347511291504,-4.74878619487087,30.598665873209637,-6.6383912563323975,7.058462460835774,-9.484799226125082,4.734957059224446,-6.794129371643066,0.021678447723388672,-9.997281710306803,0.38012977441151935,0.27916425466537476,0.24915734430154166,0.38720869024594623,0.8323607643445333,0.8927173018455505,0.725429097811381,0.438481738169988,0.308022399743398,0.33235060175259906,0.21624716619650522,0.26848329106966656
0.25-0.75-0.5-0.75-0.5,0.0578600230316321,322.88553036097784,3105.2561995484953,0.034277285158168525,7019.82421875,-193.3011220296224,141.45679728190103,-5.3849747975667315,18.264418919881184,0.3368968963623047,13.607134183247885,1.1382144292195637,4.272192637125651,2.8913498719533286,8.065910339355469,-1.7331198851267497,2.2967947324117026,3.9037159283955893,0.7288343608379364,0.7651501893997192,0.8327750364939371,0.9513258934020996,0.9779891570409139,0.8858683506647745,0.7233190139134725,0.6072793503602346,0.5814747760693232,0.6067284295956293,0.6320697118838629,0.6629966696103414
0.25-0.75-0.5-0.75-0.75,0.11263572983443737,22050.0,1317.607501522957,0.0006393491264589102,2433.251953125,-378.3778889973958,167.28506978352866,38.855856577555336,20.370158513387043,19.110279083251953,12.908638636271158,10.842042605082193,7.444283803304036,4.601576069990794,7.122053623199463,8.744099458058676,7.387297948201497,3.4948721528053284,0.750824491182963,0.8518969416618347,0.93890247742335,0.9804417292277018,0.9787583748499552,0.9286629358927408,0.8623164097468058,0.7927094101905823,0.684062659740448,0.6446761886278788,0.6575664281845093,0.6683179140090942
0.25-0.75-0.75-0.0-0.0,0.1154511496424675,331.96777085301386,2697.5074245739174,0.002035089477431029,5749.365234375,-163.98920186360678,128.60201009114584,-44.41813278198242,47.536485036214195,-30.44730567932129,4.980693340301514,-23.44180425008138,-0.07077391942342122,-9.306474367777506,2.137505531311035,-11.66243584950765,-9.106420516967773,-10.242359399795532,0.13553515076637268,0.07634666251639526,0.17917429159084955,0.4769391516844432,1.0,0.6029259959856669,0.17268341531356177,0.06212461406054596,0.05505180172622204,0.03939442848786712,0.08999256789684296,0.29983999331792194
0.25-0.75-0.75-0.0-0.25,0.20358899732430777,274.83608704613385,2644.2064655669737,0.003616592187123994,5397.65625,-108.36983235677083,135.12266286214194,-15.955045700073242,26.516120274861652,-10.814753214518229,12.685001373291016,-6.1224658489227295,12.491517384847006,-7.111015637715657,7.273963292439778,-2.9487829208374023,9.57099183400472,7.54393990834554,0.3723890483379364,0.3631506065527598,0.5758382280667623,0.892248292764028,0.6647631128629049,0.454893097281456,0.4302200948198636,0.49293990929921466,0.5252257051567236,0.5496563899020354,0.5144874602556229,0.4359038049976031
0.25-0.75-0.75-0.0-0.5,0.03558100573718548,832.2652333970253,3283.7655996162957,0.00834660503702859,7070.068359375,-235.42649841308594,122.77734375,-36.79755655924479,21.753697713216145,-21.339396794637043,13.641474405924479,-13.000308672587076,13.649937947591146,-1.2333064079284668,25.004591941833496,16.086774826049805,18.345835367838543,3.829356143871943,0.1803328494230906,0.23009271919727325,0.3399793729186058,0.3834891567627589,0.23613142470518747,0.255061499774456,0.505716028312842,0.5805286144216856,0.48534199595451355,0.4355415999889374,0.6138255596160889,0.30413884421189624
0.25-0.75-0.75-0.0-0.75,0.11635009944438934,240.57554437302318,2763.0850688973537,0.007043376254538695,5950.341796875,-117.03204600016277,146.8867390950521,-19.206335584322613,29.41327158610026,-11.33428700764974,10.191454728444418,-10.383447726567587,7.2444844245910645,-8.742994626363119,-2.0385912656784058,-7.2780329783757525,-1.6649545431137085,-2.3463130791982016,0.30084624389807385,0.4461936404307683,0.8201606273651123,0.946895976861318,0.8390933672587076,0.627751479546229,0.3477391799290975,0.2795253396034241,0.2654656246304512,0.3066878765821457,0.29237953076759976,0.3107728958129883
0.25-0.75-0.75-0.25-0.0,0.23575790723164877,2801.1492019289726,3544.3475555662244,0.007347557150448362,8247.216796875,-72.77510833740234,122.04120127360027,-4.564806381861369,46.37666447957357,1.7433419227600098,18.04855791727702,-4.997608820597331,26.722288767496746,-2.2047757307688394,1.9780418475468953,9.983007748921713,11.05839999516805,-14.010727564493815,0.7524635791778564,0.5824467539787292,0.6320753296216329,0.7939463059107462,0.8795622785886129,0.8688499530156454,0.7889756560325623,0.7324726978937784,0.7115789949893951,0.7014038264751434,0.6732779145240784,0.7033283710479736
0.25-0.75-0.75-0.25-0.25,0.004795092468460401,128.2050171515385,973.765443538714,0.0002202346222475171,1492.96875,-555.7947184244791,227.47864278157553,3.438244422276815,8.23583592971166,9.806802352269491,7.5335403854648275,5.3703293800354,0.669283390045166,1.9248868624369304,1.3859421412150066,0.6776010990142822,-0.0941315491994222,-1.2514784733454387,0.8271086017290751,0.8119465112686157,0.6393410762151083,0.4920148452123006,0.6073241035143534,0.7163804570833842,0.7439611951510111,0.7725945711135864,0.7080685297648112,0.6886132756868998,0.8655959566434225,0.843263844648997
0.25-0.75-0.75-0.25-0.5,0.13375460108121237,770.0224829037338,4358.255634132139,0.006660970548788707,9381.298828125,-127.28760274251302,90.89406967163086,-26.12041982014974,41.48284403483073,-8.434955596923828,7.936360200246175,-16.2450532913208,32.195289611816406,-2.6276833613713584,14.623882611592611,17.181565284729004,23.77393341064453,-4.102249304453532,0.14850455522537231,0.10937531664967537,0.15605057775974274,0.13787919282913208,0.11368978085617225,0.1202182558675607,0.27717500552535057,0.5572649432967106,0.3026867179820935,0.16954297448198,0.5543243835369746,0.672285333275795
0.25-0.75-0.75-0.25-0.75,0.04470901315410932,866.8897170798649,3212.726444163994,0.013636996172863292,7278.22265625,-250.71331787109375,133.9945526123047,-26.788291295369465,11.12473776936531,6.569127718607585,10.574552853902182,8.691691398620605,16.2643985748291,12.53671964009603,1.8270405332247417,-4.076359530289968,-3.458353340625763,4.981008370717366,0.40803092811256647,0.4180566982055704,0.5882478803396225,0.9981340368588766,0.5598921726147333,0.4174175352479021,0.3925990543017785,0.39172870308781665,0.3959513639565557,0.4049541602532069,0.41791385412216187,0.39755572689076263
0.25-0.75-0.75-0.5-0.0,0.09447602182626724,640.2785283251706,3712.9936723281103,0.014665386949976286,8240.0390625,-116.08897145589192,112.21306864420573,-34.255438804626465,24.7878843943278,-17.627374013264973,16.677351315816242,-13.122520128885904,12.121809323628744,-9.1986133257548,9.058833758036295,6.145772576332092,20.329874674479168,12.450565338134766,0.36080289383729297,0.47297443449497223,0.5274729629357656,0.5746850172678629,0.6686082084973654,0.5042191445827484,0.49119149645169574,0.569130485256513,0.42052313188711804,0.3204403618971507,0.40318206946055096,0.42493083079655963
0.25-0.75-0.75-0.5-0.25,0.13770992557207742,100.0,2456.3869880588704,0.003219998790882528,5835.498046875,-144.8178253173828,148.69435119628906,-5.437690258026123,42.862860361735024,-8.329535086949667,28.980502446492512,-3.7166361808776855,16.665809631347656,-0.3588217894236247,10.507737636566162,-0.5870689551035563,9.637945493062338,0.08887902895609538,0.7394540111223856,0.6633987426757812,0.6287323534488678,0.6821691592534384,0.8035853902498881,0.9670097629229227,0.8543014725049337,0.7306596835454305,0.6767080624898275,0.6738950709501902,0.7140951553980509,0.7223912676175436
0.25-0.75-0.75-0.5-0.5,0.0005084387958049774,145.1370175772828,2937.6809021265594,0.0044371757345894975,7077.24609375,-655.4992472330729,140.33973185221353,-20.673940658569336,44.91594950358073,-3.8837177952130637,25.448123931884766,-7.204402049382527,12.347689310709635,-8.8629789352417,-3.3601009051005044,-3.2136944929758706,9.117159207661947,-12.30380360285441,0.40796949962774914,0.3643945703903834,0.3341120332479477,0.342369611064593,0.38938774168491364,0.3795334945122401,0.35851110021273297,0.5029069483280182,0.6982037425041199,1.0,0.8880575299263,0.5978182256221771
0.25-0.75-0.75-0.5-0.75,0.007939923088997602,206.56299983133462,2529.449016586024,0.004946316204344233,5383.30078125,-405.33103434244794,150.39474487304688,-16.39299710591634,27.377613703409832,5.990747451782227,12.754446983337402,3.165853977203369,9.155276457468668,2.4810356299082437,6.003578344980876,1.047679344813029,3.082034428914388,-1.8040868441263835,0.5421035587787628,0.4877184679110845,0.49703314900398254,0.5248512029647827,0.466826597849528,0.4729917347431183,0.5904094576835632,0.7443344593048096,0.9825053811073303,0.8259040514628092,0.638834277788798,0.5731827318668365
0.25-0.75-0.75-0.75-0.0,0.11160208284854889,22050.0,974.1503331416942,0.0003492176078907505,1320.703125,-322.20501708984375,204.02855936686197,19.90858566761017,20.667874018351238,20.122398058573406,10.203128814697266,10.774680455525717,8.173850218454996,6.212320009867351,6.161544958750407,3.943083127339681,4.573943614959717,3.6789535681406655,0.9300639231999716,0.9756423036257426,0.9529204964637756,0.9116842349370321,0.9084069728851318,0.955050011475881,0.9526888132095337,0.8925219575564066,0.8199718793233236,0.8174641927083334,0.8002055883407593,0.8191860914230347
0.25-0.75-0.75-0.75-0.25,0.10565814872582753,100.9298574500669,2775.6501517726065,0.005610823010404904,6531.73828125,-136.81399281819662,145.65748596191406,-9.106607357660929,38.373786290486656,-9.804835637410482,21.76490529378255,-9.08818244934082,9.335862636566162,-7.834527333577474,10.200578212738037,1.6560080846150715,8.998109817504883,-4.727104147275289,0.5537673830986023,0.48273205757141113,0.4697072207927704,0.586185504992803,0.683091402053833,0.7334487040837606,0.8064365386962891,0.7479106585184733,0.719193696975708,0.7785868247350057,0.7530601620674133,0.6647793054580688
0.25-0.75-0.75-0.75-0.5,0.022717248337964218,22050.0,1888.9957439446025,0.0027022894590302826,4572.216796875,-475.3049621582031,124.45047760009766,40.71447245279948,30.619613647460938,18.285313606262207,16.946966807047527,15.258867263793945,13.607198079427084,10.552151362101236,8.692830562591553,7.583619117736816,6.949327150980632,6.045838832855225,0.8801704049110413,0.91049857934316,0.9509094754854838,0.9809095660845438,0.9911870956420898,0.9609880248705546,0.8813665310541788,0.822609563668569,0.78509521484375,0.7690746386845907,0.7710049152374268,0.8039555549621582
0.25-0.75-0.75-0.75-0.75,0.04040785071750482,14733.333333333334,1450.3762629607365,0.0003664873850842317,2483.49609375,-354.33935546875,156.9540252685547,14.768807093302408,47.80083338419596,10.946468671162924,29.12330691019694,7.189998229344686,16.650848388671875,3.2345152695973716,8.522643248240152,1.8650660117467244,6.119740009307861,3.364880323410034,0.9551092386245728,0.9644980430603027,0.9370234608650208,0.8876216411590576,0.825274387995402,0.766826868057251,0.6885680357615153,0.6927853027979533,0.7842520475387573,0.9052813649177551,0.9271902243296305,0.9259326855341593
0.5-0.0-0.0-0.0-0.0,0.05870800962050756,4384.920368027512,3231.6612284316657,0.003139600584593912,6610.693359375,-263.2720896402995,123.64348602294922,12.45365047454834,40.50872993469238,-11.5027756690979,21.370549201965332,11.498591740926107,3.3916319211324057,1.9241207242012024,15.862366199493408,-10.620015462239584,4.290175358454387,9.703341166178385,0.4922686566909154,0.4959404120842616,0.5160061667362849,0.6023256282011668,0.7659284075101217,0.9262062907218933,0.7675791382789612,0.7126671771208445,0.5926615993181864,0.4681509385506312,0.43517760187387466,0.4305099422732989
0.5-0.0-0.0-0.0-0.25,0.1251957304775715,14733.333333333334,1645.1893809968042,0.003038090127574833,3660.64453125,-295.3379211425781,184.9515151977539,7.328699111938477,17.637261390686035,16.490060806274414,12.479137420654297,11.871316274007162,7.528994242350261,8.001710573832193,6.280051549275716,5.438012758890788,5.402617931365967,4.158534049987793,0.8814733227094015,0.8934727509816488,0.9384257594744364,0.9721004168192545,1.0,0.9824259877204895,0.9379075964291891,0.9145593047142029,0.8904121319452921,0.8758240540822347,0.8443491061528524,0.8277105490366617
0.5-0.0-0.0-0.0-0.5,0.0422917144993941,202.46376409744994,2318.2476699137915,0.0021046047719816365,4888.037109375,-264.022944132487,151.37389119466147,-25.038819630940754,38.92219543457031,0.1285827954610189,19.446075439453125,-3.286665757497152,0.19776368141174316,-3.7823737462361655,10.605297724405924,-4.106237729390462,-8.004468282063803,0.5148555437723795,0.2749981681505839,0.23195970058441162,0.3084380974372228,0.4199483146270116,0.4018774628639221,0.3603688031435013,0.47113070885340375,0.814173956712087,0.9657362500826517,0.8206003705660502,0.5310112138589224,0.38032155980666477
0.5-0.0-0.0-0.0-0.75,0.11797315627336502,7589.418627252932,1539.838497961896,0.0006300000920115659,2598.33984375,-266.5600128173828,159.73485310872397,-13.725102742513021,31.227670033772785,2.9022003809611,12.945879419644674,3.079734355211258,9.247567733128866,0.48140811920166016,10.205125202735266,-0.018379052480061848,3.1648220221201577,4.680582205454509,0.5684462537368139,0.5630442301432291,0.5636133402585983,0.5938778469959894,0.7226153910160065,0.9767317573229471,0.9909164508183798,0.8019336859385172,0.6690699855486552,0.5580162306626638,0.4866350094477336,0.4689457565546036
0.5-0.0-0.0-0.25-0.0,0.03785831729571024,804.5168745629857,2868.689110913496,0.0024471796738604703,6029.296875,-251.56214396158853,138.01024373372397,-42.291428883870445,35.18093744913737,-27.97789764404297,16.7685489654541,-18.643660227457683,12.611032803853353,-3.68718413511912,24.624797821044922,11.008519013722738,20.04952271779378,5.9843166669209795,0.12282153343160947,0.19441971306999525,0.20345968753099442,0.17179087176918983,0.1858772560954094,0.2795722583929698,0.6823778177301089,0.48569103827079135,0.2996683120727539,0.5113679667313894,0.28520943224430084,0.1239579680065314
0.5-0.0-0.0-0.25-0.25,0.10249348729848862,1036.068086164588,4180.41790665141,0.012613067713876566,8735.302734375,-130.8365046183268,82.8854382832845,-42.09319305419922,21.936384677886963,-32.3232364654541,15.747853795687357,-7.0300140380859375,28.040859858194988,18.733788172403973,37.00253041585287,8.313444058100382,0.3793920675913493,-20.489546457926433,1.0,0.3595014313856761,0.09794259071350098,0.06677388399839401,0.05651716267069181,0.05189887806773186,0.11348089079062144,0.16472037633260092,0.17946294074257216,0.18337208901842436,0.2076226274172465,0.6224962075551351
0.5-0.0-0.0-0.25-0.5,0.09114110842347145,465.01762817303535,2420.618484319238,0.00868814089699299,5010.05859375,-239.5979207356771,134.91473897298178,-0.8720785776774088,31.128210703531902,-0.5352849165598551,10.65493639310201,-7.401238520940145,6.747381210327148,-2.045104424158732,12.481842835744223,7.005519549051921,8.44696601231893,1.0818761189778645,0.40576960643132526,0.44498229523499805,0.5260263482729594,0.6259212891260783,0.7678938905398051,0.8937066793441772,0.8659798304239908,0.7237471441427866,0.594488799571991,0.5428130825360616,0.5191183388233185,0.4461846550305684
0.5-0.0-0.0-0.25-0.75,0.09902157634496689,242.1274710479096,1761.2738458960885,0.0012120620206890937,3588.8671875,-214.3345158894857,175.28907775878906,-12.377662658691406,37.127305348714195,-3.233738740285238,17.04551951090495,-2.795522769292196,10.583028157552084,-0.10676160454750061,7.238642772038777,2.335904916127523,4.692958911259969,1.8982181549072266,0.6979604363441467,0.5934426436821619,0.5199124440550804,0.4379231308897336,0.4154019057750702,0.4291607638200124,0.4742761900027593,0.49304261306921643,0.6291556358337402,0.8015848199526469,0.9370989402135214,0.8071475227673849
0.5-0.0-0.0-0.5-0.0,0.15855980416138968,22050.0,2615.3990425769266,0.00324556150007993,6230.2734375,-133.6538289388021,139.86471557617188,0.06455437342325847,38.130380630493164,0.3696597417195638,22.324663798014324,-1.789176305135091,11.49759610493978,-1.458867867787679,10.092463652292887,3.76187801361084,9.382814566294352,1.105578343073527,0.9493357340494791,0.8630813956260681,0.9337459007898966,0.9206193089485168,0.873666783173879,0.7593528827031454,0.59074733654658,0.5803449352582296,0.7111508051554362,0.7597771883010864,0.8303779562314352,0.929323653380076
0.5-0.0-0.0-0.5-0.25,0.08995504677295685,14733.333333333334,2687.441803131294,0.0057981392989556,6452.783203125,-204.30248006184897,142.2565663655599,10.74379030863444,29.174501419067383,3.108633359273275,15.481967290242514,-0.10075759887695312,8.540372689565023,2.7712815602620444,12.086586634318033,4.569395860036214,3.349529425303141,-1.6597673892974854,0.9122849901517233,0.9289400378863016,0.9533911347389221,0.9739956458409628,0.9940318067868551,0.979053775469462,0.9378212094306946,0.920506497224172,0.9071943163871765,0.8988967140515646,0.8796673814455668,0.8651346961657206
0.5-0.0-0.0-0.5-0.5,0.02497883016864459,14733.333333333334,1860.2337473584769,0.0008060595816156516,3682.177734375,-385.1286112467448,151.63300069173178,9.184600671132406,30.105679194132488,5.017345428466797,20.252005259195965,5.681876341501872,13.2792116800944,4.3225429852803545,9.028065999348959,3.9898915042479834,6.866308053334554,3.871689955393473,0.8283573190371195,0.87637726465861,0.878575841585795,0.8563516736030579,0.9033850034077963,0.9432964523633321,0.9033689896265665,0.8899010618527731,0.9119576215744019,0.8805652856826782,0.7727001905441284,0.7439147134621938
0.5-0.0-0.0-0.5-0.75,0.010610973462462425,112.29117639379382,1445.1821239207013,0.00073344542124687,2878.271484375,-526.44580078125,168.17571512858072,16.425081888834637,38.86232948303223,9.354719003041586,17.923521677652996,10.443478266398111,10.968010266621908,8.770918210347494,5.906032641728719,6.356608072916667,4.36219588915507,5.826931635538737,0.8134464621543884,0.8204394976298014,0.9134100278218588,0.9739862283070883,0.9919746120770773,0.9888655742009481,0.939764142036438,0.9168727397918701,0.8779549598693848,0.8457480867703756,0.7845070362091064,0.7673178911209106
0.5-0.0-0.0-0.75-0.0,0.10526185979445775,2095.7589258000426,4540.987779702797,0.008188247680664062,9567.919921875,-149.27674357096353,71.8089828491211,-18.26780144373576,42.27158864339193,1.509375810623169,45.786399841308594,0.3680153687795003,7.000557581583659,-13.088091850280762,29.291497548421223,17.87335777282715,7.089404225349426,-13.161198933919271,1.0,0.4029464026292165,0.16841251651446024,0.15494090070327124,0.15125705922643343,0.13807948182026544,0.13277658075094223,0.15418875714143118,0.14076619843641916,0.1370782721787691,0.1597439063092073,0.4134640097618103
0.5-0.0-0.0-0.75-0.25,0.11957259476184845,437.15878698401497,3555.0480112320633,0.0075178786646574736,8118.017578125,-139.38980102539062,97.0828374226888,-20.40857744216919,36.35241826375326,-7.2103271484375,16.2777042388916,-5.424508094787598,8.188810785611471,-6.670310656229655,4.624464988708496,-3.887279669443766,-0.9406771659851074,-6.922669808069865,0.23028890353937945,0.25199953963359195,0.21356874828537306,0.23109103987614313,0.30176300058762234,0.1996807356675466,0.17113692592829466,0.23193992115557194,0.5156504809856415,1.0,0.6708151598771414,0.28683240463336307
0.5-0.0-0.0-0.75-0.5,0.2005899449189504,245.9360868598345,2937.6791852310284,0.0071373988563815756,6366.650390625,-88.5159200032552,132.71627298990884,-21.03828303019206,28.6730531056722,-4.68100739022096,14.230180819829306,-6.369694709777832,6.591663360595703,-3.8191827734311423,7.486144085725148,-3.598257541656494,-0.652242104212443,-4.911995728810628,0.9246874849001566,0.5801471074422201,0.3452022398511569,0.20889903232455254,0.14040103244284788,0.1855340413749218,0.26763105640808743,0.21626121550798416,0.267421876390775,0.48469920456409454,0.7830562392870585,0.9741619229316711
0.5-0.0-0.0-0.75-0.75,0.10201986382404964,156.3625700032617,2940.248440518352,0.004884587600827217,6904.98046875,-152.7400639851888,129.6189422607422,-12.552295605341593,42.7579600016276,-1.4303865432739258,27.550103505452473,-2.9869393507639566,14.929616610209147,-4.373498300711314,3.702910900115967,-10.597668806711832,-3.4457527001698813,-8.944584528605143,0.40745626389980316,0.4893912921349208,0.6487752993901571,0.952407697836558,1.0,0.690096398194631,0.42240698635578156,0.27570344507694244,0.24680431062976518,0.312288086861372,0.4717628061771393,0.5226538479328156
0.5-0.0-0.25-0.0-0.0,0.1586244304974874,171.41245847195032,3355.1628726199547,0.011123650396863619,7120.3125,-60.50207392374674,127.8976567586263,-40.52351824442545,22.351558685302734,-20.950625737508137,14.1243896484375,-11.788819829622904,13.944884737332663,0.593264619509379,12.089513301849365,-0.38711977005004883,8.27843451499939,-1.4507123629252117,0.4283069123824437,0.5648031036059061,0.35540016492207843,0.48931363224983215,0.551362544298172,0.4658828278382619,0.7638632555802664,0.6083164513111115,0.28255662818749744,0.3090086877346039,0.4458485096693039,0.2814435064792633
0.5-0.0-0.25-0.0-0.25,0.14095124353965124,521.9098007591525,2896.3400664696396,0.00509534971085183,5591.455078125,-154.0272699991862,121.70103200276692,-40.13161532084147,16.04161198933919,-25.32870356241862,-7.6824436982472735,-18.9183775583903,-14.330997387568155,-6.739133516947429,0.49838395913441974,9.522621214389801,18.336140632629395,9.412801424662272,0.05196459055878222,0.05338337031813959,0.06043096569677194,0.05305125075392425,0.06554186056988935,0.09502253262326121,0.31272128721078235,1.0,0.43561925490697223,0.11911633051931858,0.10197433813785513,0.07454900396987796
0.5-0.0-0.25-0.0-0.5,0.10002172738313675,105.22104844989758,2900.2947853607106,0.00627809576690197,6804.4921875,-149.43466186523438,141.64310201009116,-8.972906589508057,39.15830039978027,-8.887741088867188,20.30065854390462,-7.268227259318034,16.452433268229168,-0.5573919812838236,8.166167418162027,-8.738834540049234,0.40078528722127277,-3.1277025938034058,0.6041018764177958,0.5982602139314016,0.6137108504772186,0.6461476584275564,0.6355418463548025,0.5195839405059814,0.6361011862754822,0.8157092134157816,0.910767118136088,0.9597286979357401,0.7683216532071432,0.6671043237050375
0.5-0.0-0.25-0.0-0.75,0.13383589684963226,14733.333333333334,1689.467818962629,0.0008159608939119304,3646.2890625,-279.2724609375,143.33358764648438,4.30410893758138,34.413012186686196,4.168960253397624,25.369550387064617,13.92903200785319,27.89381726582845,18.293638547261555,15.667433102925619,1.4023008346557617,-1.121301492055257,1.215893824895223,0.8250572681427002,0.8722347418467203,0.9259481628735861,0.971897304058075,1.0,0.9898078441619873,0.9379995663960775,0.8973901470502218,0.8539344072341919,0.8090265591939291,0.7619932691256205,0.7492433587710062
0.5-0.0-0.25-0.25-0.0,0.01365717469404141,459.32431499368613,2731.6285886878595,0.006071106710199577,5519.677734375,-412.7163798014323,116.41121419270833,-38.79379177093506,33.23664474487305,-7.896704037984212,9.407450040181478,-6.03593635559082,8.976788838704428,-4.126808484395345,5.442893862724304,-2.6497008005777993,1.8592143853505452,-5.1843330065409345,0.34212623660763103,0.2629354742045204,0.2826823399712642,0.25906881721069414,0.3067021469275157,0.4054995651046435,0.29199688509106636,0.25894220856328803,0.29777016925315064,0.5502383311589559,0.980138917764028,0.7075400749842325
0.5-0.0-0.25-0.25-0.25,0.011819620927174887,100.0,1769.005322557645,0.0013084182185896982,3481.201171875,-420.53525797526044,172.42015584309897,-2.999595324198405,36.329577128092446,3.296063184738159,19.552819569905598,4.45250387986501,10.163667360941568,2.959542671839396,6.728382269541423,3.2803757985432944,4.457932472229004,4.565119663874309,0.4229203760623932,0.48621222376823425,0.5684553484121958,0.6670859257380167,0.8959164420763651,1.0,0.9467116395632426,0.8682886362075806,0.7226983308792114,0.6233883599440256,0.4898926218350728,0.40101568897565204
0.5-0.0-0.25-0.25-0.5,0.17789740363756815,116.11668604793935,2641.8860221758823,0.004845239726516108,5907.275390625,-95.87225850423177,145.63539123535156,-11.375783125559488,37.22291882832845,-3.3783737818400064,25.453067461649578,-1.6084070205688477,7.597524801890056,-8.676504015922546,6.524535338083903,-4.129840612411499,1.5996227264404297,-1.121498743693034,0.6862415373325348,0.4739883492390315,0.39905285835266113,0.3560251792271932,0.4007392426331838,0.5435507297515869,0.5061605970064799,0.4404413253068924,0.5271452963352203,0.6739460527896881,0.9491440852483114,0.8396075566609701
0.5-0.0-0.25-0.25-0.75,0.08768211056788762,107.83111723187233,1476.944300729597,0.0014104377811842521,2828.02734375,-254.28758239746094,200.76278177897134,3.8283634185791016,19.145519733428955,-0.7928520838419596,6.992715835571289,5.205243110656738,6.849552472432454,7.683658123016357,3.039212624231974,1.2893975575764973,-0.43751831849416095,2.658595403035482,0.7531007528305054,0.599798858165741,0.6122187376022339,0.7400947014490763,0.6845794320106506,0.6081636945406595,0.7215342919031779,0.7695650259653727,1.0,0.8780670166015625,0.7325486540794373,0.6914762059847513
0.5-0.0-0.25-0.5-0.0,0.034932421520352364,100.0,1847.271101723616,0.001628041320752042,4055.419921875,-309.74811299641925,171.53958638509116,-21.119291643301647,46.5882937113444,0.3663737277189891,19.499279022216797,5.860908031463623,10.228039105733236,5.8697108427683515,6.446990807851155,5.488315264383952,4.720877488454183,4.386121431986491,0.9127844373385111,0.8007286389668783,0.737887978553772,0.6783690651257833,0.6972649296124777,0.7740673422813416,0.8122935096422831,0.8668589393297831,0.9625818133354187,1.0,0.9016527930895487,0.8971203764279684
0.5-0.0-0.25-0.5-0.25,0.09213177859783173,580.9256636790374,4156.39407620563,0.008218606662315628,9359.765625,-178.67269897460938,72.13843282063802,-15.872210343678793,23.45916207631429,-27.330663045247395,9.886626561482748,-10.852116823196411,10.432322025299072,-14.681399663289389,-9.29708727200826,-14.036699930826822,5.247895240783691,1.9662984212239583,0.06539156132688125,0.3834904332955678,1.0,0.355699564019839,0.04621646863718828,0.02374604033927123,0.03868465063472589,0.014923229503134886,0.0325824518998464,0.13252134124437967,0.041615587348739304,0.02880977637444933
0.5-0.0-0.25-0.5-0.5,0.018730982206761837,408.848174825126,2830.6834986547524,0.01542537881565901,6617.87109375,-345.9171549479167,143.94955698649088,12.803506215413412,17.20803229014079,3.240748882293701,13.466776529947916,3.55839474995931,6.843136151631673,-3.7835822105407715,7.8629889488220215,-3.3762056827545166,4.125335693359375,5.439509471257527,0.7785921891530355,0.7657297452290853,0.7462021112442017,0.7841514348983765,0.811875065167745,0.837912380695343,0.8785200317700704,0.9052852988243103,0.8809006810188293,0.8532638748486837,0.7870429356892904,0.7092455625534058
0.5-0.0-0.25-0.5-0.75,0.06644698604941368,175.42735019924928,2315.651713432499,0.0031601450367209813,4888.037109375,-213.51630655924478,155.5220692952474,-16.366772651672363,32.5034122467041,0.03425860404968262,19.249573707580566,8.410032192866007,7.7781674067179365,-0.5974310239156088,-0.22763721148173013,-2.5996225674947104,1.0884311993916829,-1.6926409403483074,0.8407459259033203,0.7081221838792165,0.6395123104254404,0.6420933902263641,0.6206297924121221,0.5482833310961723,0.5199839174747467,0.513087679942449,0.5230188916126887,0.5134698897600174,0.6327214737733206,0.7563774784406027
0.5-0.0-0.25-0.75-0.0,0.008160318247973919,166.8408810279834,2368.08564451591,0.0030506104230880737,5146.435546875,-413.6719055175781,149.42355346679688,-9.547110080718994,43.86021423339844,4.7904683748881025,13.485603332519531,-1.0615080992380779,7.194330056508382,-0.012684146563212076,2.501654307047526,2.740603725115458,8.483134508132935,-6.260967254638672,0.470300296942393,0.42995185653368634,0.5819404423236847,0.7988625168800354,0.8795734445254008,0.9716757734616598,0.7149614890416464,0.5208118458588918,0.4003514349460602,0.29648782809575397,0.26238203048706055,0.40890329082806903
0.5-0.0-0.25-0.75-0.25,0.2557545453310013,9235.792871692402,3852.2984864366554,0.0034088687195132175,9201.85546875,-91.6708755493164,104.96413167317708,11.615675767262777,39.88670221964518,-9.394237200419107,33.76420148213705,-0.3424927790959676,5.598649183909099,4.603039423624675,4.343226273854573,13.763269742329916,3.607422113418579,-7.177698453267415,0.7159601847330729,0.7711371580759684,0.8530352314313253,0.6436276833216349,0.6402014990647634,0.6335529088973999,0.5802118281523386,0.5335184236367544,0.5695615510145823,0.7345383862654368,0.7827891906102499,0.6987793246905009
0.5-0.0-0.25-0.75-0.5,0.15395208820700645,22050.0,1494.705718121823,0.0013773901691062445,3107.958984375,-319.34850056966144,143.17786661783853,51.42332204182943,36.18853759765625,22.980424880981445,21.53344504038493,18.018124262491863,14.185603777567545,10.581782023111979,9.213937759399414,7.958509127298991,6.528631846110026,5.2616909344991045,0.8166797558466593,0.8779897689819336,0.9377841750780741,0.9720090428988138,1.0,0.9827721118927002,0.9090627034505209,0.8642368912696838,0.8133408625920614,0.7736803889274597,0.7327678004900614,0.7360657254854838
0.5-0.0-0.25-0.75-0.75,0.15049085517724356,156.06664501550623,2577.898188973009,0.003381439057799677,5964.697265625,-125.71106465657552,141.5185979207357,-11.236993551254272,44.50909678141276,-6.295148928960164,20.217166900634766,-5.5580503940582275,14.54155166943868,0.9343876043955485,12.44209098815918,-0.35130755603313446,3.6570185820261636,-2.917107621828715,0.8112106720606486,0.7741455833117167,0.8605222900708517,0.9440502524375916,0.9011977910995483,0.9173173109690348,0.7877517739931742,0.5640385448932648,0.6549288431803385,0.713077982266744,0.6933935085932413,0.7370737195014954
0.5-0.0-0.5-0.0-0.0,0.0753130242228508,11700.737999971001,2797.7335735795873,0.004755317951397349,6754.248046875,-266.0342661539714,125.34165445963542,20.198397954305012,38.17218526204427,2.0044986406962075,11.646678606669107,16.359436353047688,4.498181740442912,5.048598766326904,15.892370541890463,-1.567704677581787,12.401753107706705,13.567139943440756,0.7723037799199423,0.7959578633308411,0.8300391634305319,0.8501977721850077,0.8894020318984985,0.9137703577677408,0.8721936146418253,0.9147729674975077,0.9010981718699137,0.7915168205897013,0.7484057943026224,0.7257596850395203
0.5-0.0-0.5-0.0-0.25,0.028449156632026035,2140.33512983529,3501.3991150213205,0.004065502328254904,5907.275390625,-345.76186116536456,116.04092152913411,-10.247978210449219,38.66393915812174,8.567583322525024,20.928993225097656,-1.6395250956217449,15.497766494750977,12.278160254160563,6.175872802734375,-10.882805744806925,18.822196801503498,6.320133646329244,0.22921469900757074,0.17724894359707832,0.19033403942982355,0.20032752553621927,0.20929525730510554,0.23036544428517422,0.38295892377694446,0.966102659702301,0.503496453166008,0.3622129677484433,0.29131588293239474,0.2580155812514325
0.5-0.0-0.5-0.0-0.5,0.09038630500435829,8893.86868312277,5763.522538373484,0.01317152800038457,10134.9609375,-184.5855509440104,80.7850850423177,23.084400177001953,43.98304748535156,-15.84599765141805,38.41498629252116,-12.199151039123535,7.125364383061727,14.922170003255209,4.245614846547444,16.913795471191406,13.768010139465332,-14.247625350952148,0.7672045628229777,1.0,0.45547618468602497,0.4231026570002238,0.43576480944951373,0.43559599419434863,0.3922322342793147,0.3323707828919093,0.336822176973025,0.3595615128676097,0.37972373763720196,0.4171271671851476
0.5-0.0-0.5-0.0-0.75,0.0993051826953888,100.0,2507.913491465026,0.003597219086562594,5849.853515625,-181.2095743815104,141.70616149902344,0.3623658816019694,40.77392832438151,1.5507701237996419,21.275703112284344,1.0283021926879883,17.586135228474934,2.871054192384084,9.94806400934855,2.861793041229248,6.710988521575928,1.004500110944112,0.6989710927009583,0.6660692095756531,0.6756013234456381,0.7378073334693909,0.8787941535313925,0.8983171780904134,0.7996456225713094,0.7395447691281637,0.7921642859776815,0.8503331939379374,0.8454323212305704,0.7848134239514669
0.5-0.0-0.5-0.25-0.0,0.07467329129576683,155.58207703553913,1535.2340258963734,0.0013901945955391664,3014.6484375,-303.7127380371094,178.9893595377604,13.106236775716146,33.94501241048177,15.8634033203125,12.816411336263021,11.167618751525879,8.3336075146993,9.5372953414917,6.647730350494385,6.982611338297526,3.652506187558174,2.0848700205485025,0.817336916923523,0.7899523377418518,0.8768266240755717,0.9167743523915609,0.9059480428695679,0.85684202114741,0.7604166467984518,0.7118531465530396,0.7199804186820984,0.7100921074549357,0.7473226388295492,0.8450931906700134
0.5-0.0-0.5-0.25-0.25,0.07753521576523781,22050.0,1665.3753766080915,0.0008237352813011967,3280.224609375,-315.34283447265625,161.42638142903647,34.03616205851237,26.540888786315918,10.790365934371948,21.123135884602863,3.623405615488688,10.921472231547037,4.331662247578303,11.835209210713705,-0.4321912129720052,8.946746826171875,8.679919083913168,0.8602367043495178,0.87869926293691,0.9442112048467001,0.982579747835795,0.9880890051523844,0.9774660070737203,0.9461162288983663,0.88553386926651,0.8358113765716553,0.8019708196322123,0.7685792247454325,0.7813137571016947
0.5-0.0-0.5-0.25-0.5,0.061072908652325474,14733.333333333334,1916.142915608758,0.0020592730264373436,4600.927734375,-316.63709513346356,171.73888142903647,-13.59519894917806,37.82365036010742,6.928808768590291,14.852984746297201,8.63121509552002,8.758152643839518,6.7329427401224775,5.676706155141194,5.524600505828857,4.00670059521993,4.666408220926921,0.9239484866460165,0.9312960306803385,0.9474308490753174,0.9731128017107645,0.999347984790802,0.9901996453603109,0.941605806350708,0.9339324434598287,0.9173671205838522,0.8920473257700602,0.869925061861674,0.868797500928243
0.5-0.0-0.5-0.25-0.75,0.05608519787589709,221.39225103880483,2286.539309432119,0.0015629850483189027,5232.568359375,-236.47140502929688,151.2558390299479,-15.96279207865397,45.40046691894531,-8.032446225484213,30.074758529663086,-6.540639718373616,17.450938542683918,-5.095280806223552,11.798964500427246,-1.6443174680074055,9.177502632141113,-1.0517337322235107,0.40951867898305255,0.2727830335497856,0.3011097063620885,0.3256291250387828,0.31475743154684704,0.3695081869761149,0.4209766189257304,0.5519992560148239,0.7129618724187216,0.9826480746269226,0.9396265546480814,0.7967948118845621
0.5-0.0-0.5-0.5-0.0,0.0390786329905192,121.49051280586207,2919.2722650939504,0.006875254058589538,6395.361328125,-209.49239603678384,144.53067525227866,-24.541401545206707,35.44392522176107,-14.473893483479818,20.56606324513753,-10.16748015085856,14.619698842366537,-10.381184101104736,4.011345624923706,-6.373413006464641,6.037664492925008,-2.8911317388216653,1.0,0.7716742555300394,0.4137007494767507,0.359316681822141,0.33583278954029083,0.2868308126926422,0.27936212221781415,0.3304970661799113,0.3320649117231369,0.3873706708351771,0.4614018301169078,0.544254889090856
0.5-0.0-0.5-0.5-0.25,0.137754924595356,5605.628235424389,4032.7980697750245,0.00872208740717421,10041.650390625,-147.24393208821616,113.56951141357422,6.54905370871226,52.6820322672526,-3.54266357421875,13.25744374593099,6.131939848264058,11.49540090560913,-18.756459554036457,24.783973693847656,-2.3869354923566184,-3.999651441971461,16.882186889648438,0.6230807999769846,0.6154322723547617,0.6967111825942993,0.6930922269821167,0.7455065846443176,1.0,0.6306461294492086,0.5468430320421854,0.5562418301900228,0.5072499513626099,0.5398154656092325,0.6167102058728536
0.5-0.0-0.5-0.5-0.5,0.0357920303940773,252.97660757056778,1987.4959788380775,0.004427971343451039,4242.041015625,-343.99778238932294,174.7229970296224,12.523527145385742,4.271630605061849,12.094670136769613,8.973298708597818,5.6619696617126465,4.086991786956787,1.2419819037119548,1.1045151551564534,-1.0478628476460774,-2.3916272781789303,-3.101931552092234,0.9144688645998637,0.7558748324712118,0.571219320098559,0.4186953070263068,0.34269207405547303,0.34584261073420447,0.41717558602492016,0.44442861278851825,0.37725966858367127,0.4179641244312127,0.5112038453420004,0.7035776972770691
0.5-0.0-0.5-0.5-0.75,0.03497157928844293,249.60192749228722,2567.077549634281,0.0036353681158895292,5275.634765625,-280.9595998128255,158.23653157552084,-25.676165262858074,14.838813404242197,-1.1340227480977774,8.495186179876328,-5.054420630137126,0.6115703582763672,-3.901222546895345,0.7163543701171875,-2.3246191342671714,1.5422937870025635,-1.203834056854248,0.4037073428432147,0.47650599479675293,0.7115125258763632,1.0,0.7170028785864512,0.47926782071590424,0.4221970736980438,0.4078022614121437,0.34034842252731323,0.3966959963242213,0.4525733490784963,0.36060599734385806
0.5-0.0-0.5-0.75-0.0,0.10725354899962743,7476.425896816333,1326.4168761971166,0.00030695871191710467,2533.740234375,-268.6510009765625,187.5631103515625,-7.088092803955078,30.95151646931966,20.035537083943684,12.87938117980957,12.10368569691976,2.859024961789449,-1.5514790217081706,-6.013052304585774,-2.822495142618815,5.489121437072754,12.179095268249512,0.8700295885403951,0.9223671952883402,0.969314694404602,0.9871933261553446,0.9931739370028178,0.9708933234214783,0.9410733580589294,0.8910924196243286,0.8404727578163147,0.7739691734313965,0.7634549736976624,0.826192319393158
0.5-0.0-0.5-0.75-0.25,0.018268270418047905,22050.0,1587.8268064869997,0.0008133253832666212,3646.2890625,-575.592529296875,92.28584225972493,22.054641087849934,24.67116928100586,18.693625450134277,18.119558970133465,15.820388476053873,14.919753710428873,13.546950658162435,12.789092063903809,11.878921826680502,11.28226121266683,10.599920590718588,0.7865535815556844,0.84976859887441,0.9143195350964864,0.9667015870412191,0.9997549255688986,0.9989726940790812,0.9668978055318197,0.9228232502937317,0.8678369522094727,0.8050141334533691,0.7368314266204834,0.7067651748657227
0.5-0.0-0.5-0.75-0.5,0.00972609439243873,122.61413268447573,2090.1532977866977,0.0022086976193046817,4643.994140625,-406.4900614420573,171.8224894205729,-16.595022042592365,41.60729471842448,-11.882917086283365,21.84105173746745,-5.192663908004761,21.276445388793945,0.5787253379821777,9.02347707748413,-5.420704146226247,9.524113337198893,2.9974318742752075,0.9046628872553507,0.924359659353892,0.8305690288543701,0.7992146015167236,0.7477476199467977,0.6688993374506632,0.5723208487033844,0.5389268000920614,0.6022339860598246,0.6613530218601227,0.6806120673815409,0.7838189800580343
0.5-0.0-0.5-0.75-0.75,0.10345097382863362,154.56155638553375,2896.0563751869654,0.0073321737969915075,6610.693359375,-128.72177124023438,142.55938212076822,-18.30979299545288,37.96379725138346,-11.00296147664388,19.235006014506023,-11.409548282623291,7.375468492507935,-12.08614444732666,1.1876114209493,-6.232171614964803,4.994421680768331,-3.2135626872380576,0.5035807887713114,0.6731997430324554,0.766109844048818,0.733473539352417,0.6800867517789205,0.7236106395721436,0.5982032616933187,0.3539234499136607,0.33997971812884015,0.3651247521241506,0.33003230889638263,0.38395052154858905
0.5-0.0-0.75-0.0-0.0,0.2183288981517156,110.11975706182155,2012.0205579711526,0.0011901908243695896,4694.23828125,-140.13511403401694,150.70068868001303,-1.657129446665446,44.735084533691406,-6.148062864939372,28.365562438964844,0.23502031962076822,17.568614323933918,-0.0031783183415730796,12.659704208374023,1.9169554313023884,9.24665625890096,2.474533259868622,0.8183375000953674,0.8024993737538656,0.8417211572329203,0.8632481892903646,0.8902679681777954,0.8411791721979777,0.8072043855985006,0.872246265411377,0.9318939844767252,0.9407405058542887,0.8960835933685303,0.8412227829297384
0.5-0.0-0.75-0.0-0.25,0.1063013697663943,100.77533523338042,1892.5298344161395,0.0014485766538806881,3840.087890625,-177.36239624023438,181.444580078125,-27.12632504105568,42.11355781555176,-4.273292541503906,18.405673344930012,1.442337433497111,13.369677861531576,2.1271743774414062,5.697640419006348,-0.4626062909762065,1.1842580636342366,-3.1587636470794678,0.3975227822860082,0.4262153406937917,0.5062234401702881,0.4757637182871501,0.45877017577489215,0.5344358682632446,0.7456133762995402,0.9882427652676901,0.9713471531867981,0.8381498654683431,0.593391885360082,0.4780181050300598
0.5-0.0-0.75-0.0-0.5,0.03946801802764336,22050.0,1463.2279038831268,0.0008107342345056168,2871.09375,-441.0216471354167,138.3661651611328,36.56844011942545,19.053473154703777,11.568862279256185,15.945544878641764,14.305525461832682,10.70734945933024,8.326235930124918,8.524395624796549,7.908607482910156,6.71490462621053,6.0413031578063965,0.7528345783551534,0.8186872998873392,0.8861890832583109,0.9510462085405985,0.9981492360432943,0.9971082806587219,0.9410017927487692,0.8742492198944092,0.8094114263852438,0.7446436087290446,0.6810205380121866,0.6622446179389954
0.5-0.0-0.75-0.0-0.75,0.1324389080206553,22050.0,1245.0791941970492,0.0006585164416037514,1959.521484375,-309.45513916015625,170.21172078450522,25.374786376953125,19.283374150594074,19.56833616892497,14.485870679219564,13.115351041158041,11.820027351379395,9.486322402954102,10.978413899739584,10.653901735941568,10.369612693786621,8.996126174926758,0.8167094985644022,0.838080644607544,0.8748650153477987,0.9256835778554281,0.9814426700274149,0.9900851845741272,0.9508322676022848,0.9046059846878052,0.8479974468549093,0.7945370078086853,0.7502815326054891,0.7637600302696228
0.5-0.0-0.75-0.25-0.0,0.12716417759656906,7818.839123442315,3393.386686617278,0.04140472487779334,7716.064453125,-139.85792795817056,129.29021708170572,-5.60051155090332,22.238075812657673,7.440867741902669,16.639925320943195,-1.0888001124064128,16.36165491739909,0.15924723943074545,6.539303461710612,7.252416531244914,1.5950927734375,5.124493519465129,0.8696228663126627,0.9071959058443705,0.9513744711875916,0.9894232551256815,1.0,0.9589336117108663,0.9140439629554749,0.9064710736274719,0.8850971857706705,0.8539462089538574,0.7932401299476624,0.8007065057754517
0.5-0.0-0.75-0.25-0.25,0.07334435731172562,170.38072737607376,3307.3175116395814,0.013106423701780537,7615.576171875,-158.12878926595053,125.20780436197917,-15.189523061116537,23.310557683308918,-4.927417596181233,18.756067911783855,-1.6654497385025024,7.283461173375447,-1.1012808481852214,7.328874111175537,-0.814041535059611,4.5808948675791425,-0.35606080293655396,0.4589574486017227,0.4445234537124634,0.4523055776953697,0.5116528769334158,0.6655699412027994,0.8684535026550293,0.5806107322374979,0.3593011448780696,0.327166219552358,0.38364384571711224,0.29639573271075886,0.35044579456249875
0.5-0.0-0.75-0.25-0.5,0.03401697054505348,6382.1247244329925,6799.0771125060855,0.018247785201917093,10953.22265625,-270.12225341796875,37.59435017903646,-1.8507383664449055,29.18937047322591,-18.34958012898763,24.395310084025066,-11.122729301452637,0.4746817747751872,3.061563014984131,-0.6735665003458658,16.85551357269287,13.837098797162374,-1.5899126529693604,0.30918186840911704,0.5745240151882172,1.0,0.2642030517260234,0.17922859887282053,0.15568109539647898,0.168138907601436,0.1643766462802887,0.3041995068391164,0.21388857811689377,0.33698026835918427,0.3171091824769974
0.5-0.0-0.75-0.25-0.75,0.15556304901838303,223.64028169039196,2941.759141873596,0.008982695716743668,6675.29296875,-99.84983317057292,141.0285186767578,-19.59263547261556,31.852965037027996,-15.375669479370117,20.11701774597168,-9.81362247467041,12.917642911275228,-6.84994633992513,8.006215771039328,-4.469883680343628,4.230051159858704,-4.87456797560056,0.33192922671635944,0.18697801729043326,0.1601637788116932,0.19888574133316675,0.22831794619560242,0.2475995495915413,0.35972386101881665,0.47798008223374683,0.5891789148251215,0.8093881607055664,0.7722547849019369,0.6232658823331197
0.5-0.0-0.75-0.5-0.0,0.18063961466153464,207.831872152108,2863.637564858052,0.005373823766907056,6747.0703125,-76.43490473429362,142.90237426757812,-13.965982755025228,43.26177469889323,-12.852519353230795,24.731801986694336,-11.287725766499838,11.765806833902994,-11.44851557413737,4.38707160949707,-8.508272478977839,1.8991341590881348,-8.22786251703898,0.40433459480603534,0.4058700402577718,0.47826018929481506,0.40624573826789856,0.46275031566619873,0.6841786007086436,0.7751411000887553,0.9345903396606445,0.9173805713653564,0.8199331561724345,0.6015526254971822,0.454791396856308
0.5-0.0-0.75-0.5-0.25,0.18522136410077414,160.03934800249306,3980.2154978006074,0.01438953448086977,8326.171875,-56.44918314615885,110.01507059733073,-10.293401082356771,50.227709452311196,-1.1224663828810055,10.752038955688477,-8.693527142206827,29.48337682088216,-0.9585464199384054,-5.162438710530599,3.4128564993540444,13.608270963033041,-18.143794695536297,0.780836840470632,0.7465103069941202,0.8346974849700928,0.8488199512163798,0.8516343832015991,0.9300727049509684,0.8145115176836649,0.7013405958811442,0.5603444377581278,0.5077792505423228,0.6177374521891276,0.7899084687232971
0.5-0.0-0.75-0.5-0.5,0.014594648654262224,126.65613484482522,1814.882981184487,0.0014905645099740166,3574.51171875,-433.9778544108073,176.01615397135416,-2.8484929402669272,24.391945521036785,9.75838851928711,13.74419116973877,6.767392794291179,9.017245928446451,5.434633890787761,6.178215662638347,4.188697338104248,4.326028664906819,3.5705074469248452,0.8264501889546713,0.8603009581565857,0.8898443579673767,0.8263201316197714,0.7780464887619019,0.7723712722460429,0.67831418911616,0.5841939250628153,0.6417048573493958,0.7016997734705607,0.6739926338195801,0.6742255489031473
0.5-0.0-0.75-0.5-0.75,0.11507521321376164,22050.0,1891.2003809301405,0.0008133606897899881,4234.86328125,-238.79617309570312,155.15733337402344,-2.51787261168162,43.18765131632487,1.3355968793233235,23.417130788167317,4.134528398513794,14.838037490844727,4.09364511569341,9.388330936431885,3.2153215408325195,6.257160504659017,3.5411821405092874,0.9780548016230265,0.9011024037996928,0.8883516391118368,0.9054835438728333,0.9000683228174845,0.8463514844576517,0.8198039531707764,0.825656513373057,0.8249891002972921,0.8637190858523051,0.8870085875193278,0.9348464012145996
0.5-0.0-0.75-0.75-0.0,0.19057144224643707,22050.0,1587.090632858084,0.0004098321345130292,3107.958984375,-229.47161356608072,151.599365234375,1.9443187713623047,37.999167124430336,9.714585304260254,18.118481000264484,10.331132570902506,10.822563807169596,8.111230532328287,7.42739216486613,6.550082365671794,5.2186605135599775,5.269114971160889,0.7424561182657877,0.7516926129659017,0.7742837071418762,0.8484148184458414,0.9128679235776266,0.9101159572601318,0.9042014877001444,0.9285684625307719,0.949340840180715,0.8972704807917277,0.7927936712900797,0.7108682791392008
0.5-0.0-0.75-0.75-0.25,0.16747240722179413,3690.27821037093,3733.087664821091,0.0039893641757468385,8634.814453125,-167.32074991861978,98.96518198649089,-1.7121984163920085,64.0006612141927,4.086498101552327,22.783162434895832,-7.598256687323253,36.0980339050293,2.0437885920206704,-1.4813796679178874,1.0213611920674641,26.52730878194173,-14.504213651021322,0.4479779154062271,0.4646275093158086,0.4788938909769058,0.4818384100993474,0.4596076210339864,0.43959199885527295,0.39379045863946277,0.37420472999413806,0.37372738867998123,0.5489673316478729,1.0,0.5732591847578684
0.5-0.0-0.75-0.75-0.5,0.1387083133061727,7419.145214249066,2279.1659152405373,0.001623014473201086,5440.72265625,-161.04959106445312,147.94603474934897,-13.235119501749674,43.92821502685547,-6.745392004648845,31.067774454752605,-3.371553212404251,18.90088653564453,-1.9848235448201497,14.282135009765625,-0.8355430761973063,8.481053352355957,0.5427390734354655,0.8231193820635477,0.7692969838778178,0.7313109437624613,0.7755930026372274,0.819368322690328,0.77813321352005,0.774597148100535,0.8270575205485026,0.877936045328776,0.9119142293930054,0.8474611639976501,0.830416222413381
0.5-0.0-0.75-0.75-0.75,0.0014313300295422475,22050.0,1533.0511112718507,0.0013266871220025678,3143.84765625,-770.9571329752604,171.50697072347006,41.2561289469401,18.501445929209392,15.69765599568685,15.090919812520346,8.678768793741861,8.523828983306885,8.008017539978027,5.81236998240153,5.155624548594157,5.459947903951009,4.298773606618245,0.7461694677670797,0.8131847580273946,0.8665687243143717,0.8938547372817993,0.8924122850100199,0.9078523715337118,0.9493271112442017,0.9651385943094889,0.9063029487927755,0.8466291228930155,0.7315277655919393,0.6764124234517416
0.5-0.25-0.0-0.0-0.0,0.19377162555853525,542.0635908161848,2584.5326989058826,0.004079114587511867,5656.0546875,-142.35139973958334,137.13099670410156,-3.6279220581054688,27.21729024251302,2.1635157267252603,18.299943288167317,2.2731358210245767,11.551375230153402,1.5580126444498699,6.628533681233724,-0.7652217547098795,4.842363516489665,0.5801108479499817,0.8757470647493998,0.7613014578819275,0.6559609870115916,0.6001491496960322,0.5419757266839346,0.48443717261155445,0.4880525916814804,0.47266944249471027,0.46005722135305405,0.4464015339811643,0.46425099670886993,0.6808543105920156
0.5-0.25-0.0-0.0-0.25,0.1295232872168223,14733.333333333334,2258.1336391704695,0.0057479084238517926,5419.189453125,-263.17441813151044,107.24812825520833,29.038190841674805,27.163143793741863,15.370781262715658,16.381591796875,13.560328801472982,12.827762603759766,10.466522216796875,8.895784695943197,6.678839484850566,3.9883484840393066,1.7052028973897297,0.8388458689053854,0.8745940327644348,0.9113607406616211,0.9299517472585043,0.9407840768496195,0.9350831906000773,0.9167453050613403,0.9088948766390482,0.8906716704368591,0.8619049390157064,0.8186304767926534,0.7855115334192911
0.5-0.25-0.0-0.0-0.5,0.11420630663633347,14738.979003301385,2381.8557881175425,0.002066223028426369,5778.076171875,-204.86636861165366,141.8658243815104,-0.26387516657511395,37.68903350830078,1.5346230268478394,23.527222951253254,2.1255064010620117,15.128223101298014,2.3720993598302207,9.994178295135498,2.6505695382754006,7.1247297922770185,2.8952502806981406,0.8236098488171896,0.7673924962679545,0.7710237900416056,0.8189869324366251,0.8834887146949768,0.8975491523742676,0.8370107213656107,0.826994776725769,0.8360771934191386,0.830536425113678,0.8599101702372233,0.7966559727986654
0.5-0.25-0.0-0.0-0.75,0.011715566118558248,192.57458335900273,2195.101588912505,0.0025721389101818204,4622.4609375,-378.83739217122394,165.49327596028647,-31.338412284851074,34.246222178141274,-6.044838269551595,8.436498959859213,-0.14542531967163086,6.872312784194946,-1.931258459885915,-2.6219040950139365,-5.741454124450684,-1.6773242950439453,-1.843249609073003,0.26494672397772473,0.20121489465236664,0.3064051965872447,0.4985251526037852,0.4945218861103058,0.5426805565754572,0.5930782655874888,0.7544658780097961,0.7782810628414154,0.47823352615038556,0.21787015597025552,0.19724469631910324
0.5-0.25-0.0-0.25-0.0,0.01855646353214979,978.4455490839231,4664.903251924449,0.017989392081896465,9410.009765625,-280.2054392496745,80.70812733968098,-37.2631950378418,25.56399154663086,-25.30779520670573,16.22642199198405,-10.329041957855225,27.606805165608723,13.509821891784668,27.338162740071613,4.32272466023763,4.272632598876953,-12.225936651229858,0.5617646276950836,0.25975898280739784,0.15964357803265253,0.16871590663989386,0.12787324438492456,0.2141844965517521,0.5627930263678232,0.3967021902402242,0.16441300635536513,0.16665422295530638,0.27179719507694244,0.9062669078509012
0.5-0.25-0.0-0.25-0.25,0.08211665600538254,22050.0,1039.658939642423,0.0007043332315911736,1751.3671875,-422.1321055094401,136.13213094075522,41.00798193613688,33.98029581705729,31.250246047973633,20.955808639526367,16.25580596923828,12.030566851298014,6.703695138295491,8.771595001220703,12.157470226287842,11.497157414754232,7.446277300516765,0.6875467697779337,0.76706463098526,0.8661958575248718,0.9437285463015238,0.9911932746569315,0.9774508277575175,0.9055098096529642,0.8384917577107748,0.7547435164451599,0.690775195757548,0.628021905819575,0.605168084303538
0.5-0.25-0.0-0.25-0.5,0.029137771887083847,594.6363653623242,1812.0551968460604,0.001343400163629364,3840.087890625,-388.1750081380208,173.06067911783853,-45.42988840738932,44.74521001180013,14.806584676106771,6.473412290215492,14.963687896728516,9.269342740376791,7.130015214284261,5.668607393900554,4.515272259712219,2.395458221435547,7.608310619990031,0.4523788094520569,0.5183767676353455,0.9946978092193604,0.7250537077585856,0.5314666330814362,0.5056150058905283,0.5374958415826162,0.43450189630190533,0.4230947593847911,0.6193339427312216,0.4480142295360565,0.3967762341101964
0.5-0.25-0.0-0.25-0.75,0.09331754843393962,14733.333333333334,1654.2151723629665,0.000843286827148404,3682.177734375,-266.0821482340495,161.6252466837565,-10.324815273284912,42.86649703979492,0.9287746548652649,21.852296829223633,7.215625524520874,14.874226252237955,12.977794965108236,9.208886782328287,8.908133188883463,3.4243667125701904,5.643291155497233,0.7667006850242615,0.8114907145500183,0.8942604263623556,0.9507705370585123,0.9614463051160177,0.9205465316772461,0.8291153510411581,0.8123801549275717,0.812764565149943,0.7760398983955383,0.7053643961747488,0.7056693633397421
0.5-0.25-0.0-0.5-0.0,0.03658641626437505,3538.7574240671097,4612.425047529353,0.013939686119556427,10056.005859375,-228.86832682291666,90.70411682128906,-9.032039244969686,52.032126108805336,1.6676349242528279,26.44792938232422,-17.54655996958415,27.228370666503906,4.677639802296956,-6.9707099596659345,-11.532385190327963,27.233470916748047,-9.650825182596842,0.3398931721846263,0.3435632896920045,0.41199567541480064,0.4498977114756902,0.5442357758680979,0.6482226600249609,0.6116921057303747,0.6509948968887329,0.6948087910811106,0.9892038106918335,0.5949594577153524,0.46381300191084546
0.5-0.25-0.0-0.5-0.25,0.1497647538781166,240.32892780489055,3268.480859508316,0.01292800468703111,7314.111328125,-66.42419942220052,133.3162078857422,-21.66161855061849,29.61856460571289,-14.84398078918457,16.538126627604168,-5.209943652153015,13.609291076660156,-3.046633164087931,2.083106438318888,-10.124544461568197,-1.3994797865549724,1.9915980497996013,0.8127259810765585,0.6615981459617615,0.7807243863741556,0.7909665107727051,0.6430875857671102,0.7874711751937866,0.7971228361129761,0.7185813089211782,0.6588113208611807,0.6167035500208536,0.6666258176167806,0.7213881015777588
0.5-0.25-0.0-0.5-0.5,0.17703788975874582,224.88232626583832,2882.2461225320108,0.008786043773094812,6818.84765625,-99.11349741617839,137.62579091389975,0.6543285648028055,35.90669250488281,1.3881417512893677,21.94110870361328,0.2097475528717041,11.505620876948038,-0.766049305597941,4.6431037584940595,-5.340777079264323,-2.8837572733561196,-5.290385882059733,0.9110221465428671,0.7477988203366598,0.6919335822264353,0.6791624128818512,0.6820318698883057,0.6708749334017435,0.7040021022160848,0.7845252950986227,0.7974404493967692,0.844866931438446,0.9529661734898885,0.9619344075520834
0.5-0.25-0.0-0.5-0.75,0.1782387321194013,7982.960523559581,3291.2814695109773,0.01745365352447455,7414.599609375,-166.86599985758463,116.42679850260417,-2.3864501317342124,31.19702212015788,-1.4470727543036144,22.382088979085285,-1.2958145141601562,13.260222434997559,9.215452671051025,18.52854124704997,8.517868836720785,6.756812413533528,-5.381084442138672,0.4794625888268153,0.5087954923510551,0.5870357652505239,0.6070178511242071,0.6498309746384621,0.686924676100413,0.5712471455335617,0.5034503191709518,0.484428068002065,0.5533847808837891,0.7808451453844706,0.5768545965353647
0.5-0.25-0.0-0.75-0.0,0.05302518357833227,221.85458375916323,2445.9886562712004,0.003943435110462208,5081.8359375,-243.56390380859375,147.48282623291016,-3.533224105834961,30.401793162027996,-7.798631926377614,15.9691055615743,-2.8944814999898276,10.584779183069864,-7.42169976234436,5.550171454747518,1.238550861676534,2.7449165980021157,-2.8096937338511148,0.6696168382962545,0.9599721233050028,0.8170186082522074,0.5360119938850403,0.34247443576653797,0.32219473520914715,0.34748825430870056,0.3822675744692485,0.46895910799503326,0.47253196438153583,0.41634173194567364,0.42816104491551715
0.5-0.25-0.0-0.75-0.25,0.04230652873714765,152.47117051878612,1877.4049057785369,0.002062286027163888,3531.4453125,-293.81691487630206,175.42310078938803,-14.284554640452066,25.69518788655599,12.535956223805746,11.267850081125895,4.511912902196248,7.150716622670491,4.422938187917073,6.2172088623046875,4.418583472569783,2.9969517389933267,1.404700130224228,0.47681882977485657,0.6087455451488495,0.8452657659848531,0.971859852472941,0.7887578010559082,0.524203230937322,0.3475104371706645,0.32616456349690753,0.27398721128702164,0.2853722920020421,0.32112326224644977,0.396549920241038
0.5-0.25-0.0-0.75-0.5,0.17724300672610602,407.49783438535616,3229.988234156925,0.008705361319395402,7385.888671875,-89.27864837646484,111.73899332682292,-23.775452931722004,38.47228240966797,-5.547743638356526,26.095415115356445,-0.655066728591919,18.080198287963867,2.0692137082417807,8.822171688079834,-2.068596839904785,5.30078387260437,-4.524241367975871,0.32173821081717807,0.30665925828119117,0.35161274671554565,0.434123915930589,0.3816096658507983,0.39623967309792835,0.5078774119416872,0.8259134689966837,0.9399846394856771,0.5068644881248474,0.32910404975215596,0.3120832492907842
0.5-0.25-0.0-0.75-0.75,0.008725384715944529,382.74188811803674,4051.8211585703298,0.02037714421749115,8476.904296875,-331.1680094401042,107.80276489257812,-38.781569163004555,28.91312026977539,-20.341755231221516,17.008047739664715,-17.942226886749268,5.983536561330159,-8.300788243611654,12.763838450113932,-8.233038584391275,-1.9452232519785564,-5.916510581970215,0.48052700360616046,0.3486142158508301,0.712973564863205,0.6827054719130198,0.3788901170094808,0.5314216613769531,0.8205884695053101,0.8456200758616129,0.6101679603258768,0.4556963046391805,0.5102287232875824,0.7588931918144226
0.5-0.25-0.25-0.0-0.0,0.13104833165804544,7440.834305590091,2232.6858527434833,0.0020852173135305443,5067.48046875,-161.06964111328125,152.22764587402344,-6.63144048055013,40.36200078328451,-0.45116440455118817,24.62424914042155,1.6937007904052734,15.387771606445312,-0.30090173085530597,9.66667620340983,-0.4292599360148112,5.374029159545898,-1.0624586741129558,0.9829770723978678,0.9343096017837524,0.9165659546852112,0.9599441687266032,0.884311298529307,0.8184113303820292,0.7389812072118124,0.7522622148195902,0.643159011999766,0.5971379578113556,0.7452585895856222,0.8529331882794698
0.5-0.25-0.25-0.0-0.25,0.06372128302852313,255.0986740814344,3707.1297070259593,0.01441797986626625,8118.017578125,-153.82706705729166,116.76962280273438,-29.82613754272461,31.09516779581706,-4.914165774981181,20.733386993408203,-12.936977704366049,-5.353025595347087,-9.662391980489096,10.978663126627604,-8.033130804697672,-5.9356704751650495,2.3631500800450644,0.9999230702718099,0.7079744140307108,0.3273141036430995,0.21694166958332062,0.2791965380311012,0.3095907097061475,0.2605341399709384,0.35971317688624066,0.25018155574798584,0.22219504167636236,0.35514754553635913,0.5434074699878693
0.5-0.25-0.25-0.0-0.5,0.05146786570549011,337.83258157819597,2787.2193852266932,0.006587972321237127,6172.8515625,-185.5124715169271,149.06674194335938,-18.146569569905598,31.24328104654948,-18.22953732808431,14.328109741210938,-11.002068837483725,14.340656916300455,-7.137133638064067,7.544721603393555,-2.4196036656697593,8.741042931874594,-2.087944666544596,0.5144847929477692,0.5084173679351807,0.48977553844451904,0.44523032009601593,0.47147048513094586,0.5761057535807291,0.7540167371431986,0.7182726363341013,0.6471441487471262,0.9136447111765543,0.9030718207359314,0.4806618591149648
0.5-0.25-0.25-0.0-0.75,0.16365846494833627,117.70456873647068,2116.266242998003,0.002764565705244119,4730.126953125,-141.30852254231772,158.0972900390625,-9.9107457002004,42.44828542073568,-4.3900580406188965,25.195241292317707,-1.5168863733609517,14.925909678141275,-1.8207046836614609,6.383462111155192,-2.8201936880747476,3.8219645023345947,1.3824928998947144,0.7852103312810262,0.8505034446716309,0.8520501852035522,0.8737408717473348,0.8003465930620829,0.7239102721214294,0.710557758808136,0.67293714483579,0.6722585757573446,0.7778437733650208,0.85165802637736,0.8006160457928976
0.5-0.25-0.25-0.25-0.0,0.1095820168654124,100.0,1792.1953763264435,0.0007862908241804689,3804.19921875,-252.8454335530599,150.20040384928384,5.36597220102946,39.87998835245768,8.902822335561117,22.534737904866535,9.6492067972819,13.958096186319986,8.337773958841959,9.37130355834961,6.775133768717448,6.762120882670085,5.523474375406901,0.6405330995718638,0.6813013752301534,0.772418737411499,0.8848780790964762,0.9942898750305176,1.0,0.9163528084754944,0.8686316212018331,0.8444387515385946,0.7990183631579081,0.6822314163049062,0.6100170711676279
0.5-0.25-0.25-0.25-0.25,0.025195511989295483,14760.392428207759,1628.8919896858108,0.0031213220250757936,3445.3125,-456.047119140625,171.11790466308594,18.18092664082845,16.250287969907124,18.541341145833332,11.915279706319174,11.681108474731445,10.553146044413248,7.2685322761535645,8.07210922241211,6.249618689219157,5.749048074086507,5.837196032206218,0.8316197792689005,0.8727905551592509,0.9210554361343384,0.9644747972488403,0.9967483878135681,0.9872281551361084,0.9397422870000204,0.8987854321797689,0.86195174853007,0.8210052847862244,0.7762218713760376,0.7618505954742432
0.5-0.25-0.25-0.25-0.5,0.12223767985900243,145.52011428583646,3058.2288240304256,0.005231280035028855,6840.380859375,-113.45552825927734,138.20325724283853,-19.633946736653645,49.32092030843099,-5.623226324717204,18.976821899414062,-15.531423568725586,27.10397783915202,0.7080079714457194,2.029311180114746,-9.742671330769857,19.89424991607666,-2.320220390955607,0.7172015706698099,0.6398529807726542,0.6498874227205912,0.7221114138762156,0.7727742989857992,0.7954658269882202,0.8251842856407166,0.8802328507105509,0.857610026995341,0.8626456260681152,0.7156099677085876,0.6980541944503784
0.5-0.25-0.25-0.25-0.75,0.14508973310391107,160.95459568813487,2414.8841372771476,0.003942791877004008,5246.923828125,-120.05364227294922,156.34868876139322,-11.085676829020182,35.26178741455078,-5.613182147343953,22.827541987101238,-5.6381418108940125,11.967232704162598,-2.9275513887405396,9.1050386428833,-3.830319881439209,3.371158758799235,-8.673395792643229,0.753084123134613,0.6614946126937866,0.7341517806053162,0.7701677680015564,0.6604996720949808,0.6279614766438802,0.6705096860726675,0.6593842208385468,0.6815088391304016,0.847907304763794,0.7807343999544779,0.79274915655454
0.5-0.25-0.25-0.5-0.0,0.20085354149341583,108.45874098006156,2459.7334666903,0.004266034016230454,5591.455078125,-99.59390004475911,150.64453633626303,-7.727091153462728,41.09374237060547,-1.5483048756917317,21.00630251566569,-3.717897097269694,13.098262468973795,-0.4363883336385091,8.591672738393148,0.7705740133921305,4.645146528879802,-2.0649430751800537,0.8810087045033773,0.8204226692517599,0.7616678873697916,0.795283834139506,0.816404660542806,0.8267426292101542,0.7668570280075073,0.6361529429753622,0.6446989973386129,0.7089895407358805,0.8096845547358195,0.8685955802599589
0.5-0.25-0.25-0.5-0.25,0.04914305234948794,105.08751800844375,2420.3506728699444,0.005912816190781693,5720.654296875,-259.8626302083333,148.3507283528646,2.3169506986935935,37.69543329874674,2.8707545399665833,23.43657938639323,1.090647538503011,10.610570033391317,-3.775300661722819,3.9817355473836265,-0.4780029058456421,7.998148282368978,4.980319658915202,0.8663737972577413,0.8393909931182861,0.7335169315338135,0.7107903758684794,0.7758790453275045,0.8680253823598226,0.8227667212486267,0.8732370535532633,0.8859133919080099,0.8549630641937256,0.8465363581975301,0.8344744642575582
0.5-0.25-0.25-0.5-0.5,0.22714323798815408,22050.0,2367.0767587068513,0.0020883497005949416,5534.033203125,-125.41550954182942,138.2413126627604,8.124268531799316,32.20337168375651,5.511215527852376,19.259570439656574,4.458298365275065,13.11131223042806,4.179008324940999,9.457382520039877,3.5161585410435996,6.509221235911052,2.5219226082166037,0.9453971982002258,0.9062098662058512,0.9024884303410848,0.9156644543011984,0.9280645052591959,0.9346351822217306,0.9451019167900085,0.9358640909194946,0.9446262319882711,0.935491700967153,0.9131810466448466,0.9028480251630148
0.5-0.25-0.25-0.5-0.75,0.2062614212433497,7456.495524366991,1946.3690392255073,0.002882670540808855,4084.130859375,-133.1216303507487,171.7814178466797,-6.731405258178711,26.52107524871826,5.428637186686198,15.95846939086914,9.574984391530355,11.738788922627768,7.124770323435466,6.786640326182048,2.4215184847513833,0.6736026207605997,2.25717830657959,0.6404281854629517,0.517053614060084,0.44637438654899597,0.4769085496664047,0.5664929151535034,0.6371544798215231,0.6937789420286814,0.879524310429891,0.9461724559466044,0.9460416436195374,0.7914120356241862,0.7086167931556702
0.5-0.25-0.25-0.75-0.0,0.013842771217847863,22050.0,1713.5729715811474,0.0018032714114421349,3675.0,-513.1352132161459,146.64756774902344,14.492391109466553,28.01159413655599,21.632436752319336,14.089398384094238,15.532890955607096,12.167623519897461,9.91408363978068,9.90831724802653,7.471938927968343,7.522237459818522,6.541061083475749,0.8217173417409261,0.8776459296544393,0.947301427523295,0.9751870036125183,0.9973611235618591,0.9801485141118368,0.9350423018137614,0.8889647324879965,0.8498590588569641,0.8088653087615967,0.7567198475201925,0.7502496043841044
0.5-0.25-0.25-0.75-0.25,0.008670405329515537,321.9806583686143,1628.399247804871,0.001279340313544708,3273.046875,-512.3078308105469,189.1272939046224,-22.508870442708332,13.360392808914185,5.415535926818848,1.0210840702056885,2.095308303833008,0.0540773073832194,3.013440569241842,-1.7933992544809978,-2.7049376169840493,0.5532668133576711,-1.2550397713979085,0.16930144280195236,0.14842486505707106,0.2782466858625412,0.6464184522628784,1.0,0.5699804524580637,0.1924473618467649,0.11860947559277217,0.11616289553542931,0.11207834351807833,0.13953690292934576,0.216459592183431
0.5-0.25-0.25-0.75-0.5,0.0651286207139492,14733.333333333334,2059.0084977904594,0.0012914149168257911,4873.681640625,-255.39224243164062,149.49862670898438,-6.657547235488892,43.39596303304037,-3.6472572684288025,27.254562377929688,-1.306263009707133,17.602888743082683,0.26355167229970294,11.439633051554361,1.3698984384536743,8.049654006958008,2.417108396689097,0.7268864015738169,0.8341133197148641,0.8977981408437093,0.9450856645901998,0.9768412510553995,0.9278068343798319,0.8233904441197714,0.8007609049479166,0.7937924067179362,0.7598094344139099,0.6670075058937073,0.6424287259578705
0.5-0.25-0.25-0.75-0.75,0.07049516960978508,22050.0,1883.4007108305968,0.003731309280606327,4521.97265625,-421.8376770019531,103.87390391031902,31.95251973470052,32.05812454223633,23.144678751627605,19.641394297281902,14.80312728881836,12.020370483398438,9.535060087839762,8.393847783406576,7.67022180557251,7.6059807141621905,7.576736927032471,0.7808545033137003,0.8436335325241089,0.9115347464879354,0.9646571079889933,0.9967254797617594,0.9946880141894022,0.961758534113566,0.9216835896174113,0.8705215851465861,0.8104785482088724,0.7407751878102621,0.705395519733429
0.5-0.25-0.5-0.0-0.0,0.13317582259575525,7473.050025666518,1438.5856773824007,0.003555974434429269,2971.58203125,-289.75597890218097,148.22686258951822,25.012736002604168,16.06671206156413,15.257359186808268,16.421929995218914,10.871062596638998,10.470776240030924,11.249883015950521,11.025280237197876,10.865308225154877,9.832746823628744,4.974332809448242,0.8317039211591085,0.8610241611798605,0.8911855022112528,0.90684046347936,0.9160815080006918,0.9182003935178121,0.904482920964559,0.9257241090138754,0.9650670091311137,0.8663202325503031,0.8072596987088522,0.7777640620867411
0.5-0.25-0.5-0.0-0.25,0.01641554261247317,22050.0,1905.2992600271036,0.0025430804291040054,4694.23828125,-529.3977457682291,96.94786834716797,26.12954330444336,28.1207701365153,21.52028210957845,20.30278778076172,17.330080032348633,15.735488255818685,13.667809645334879,12.238088289896647,10.702608585357666,9.54678201675415,8.388067881266275,0.7957308491071066,0.8526690999666849,0.9150499105453491,0.9650448560714722,0.9980060656865438,0.9935633341471354,0.9496092200279236,0.9059570630391439,0.8565112153689066,0.8017306526501974,0.7412792841593424,0.7166656653086344
0.5-0.25-0.5-0.0-0.5,0.15632317960262299,22050.0,2205.2898520722224,0.0014600302674807608,5275.634765625,-155.51183064778647,148.7490437825521,-8.529054959615072,48.32542419433594,-5.540390332539876,29.97429911295573,-4.46286956469218,19.106871287027996,-1.6847700277964275,14.001495679219564,-0.12709693113962808,9.19256846110026,0.4341105620066325,0.9926016926765442,0.9882962107658386,0.9421499967575073,0.9152225454648336,0.8605872988700867,0.7893026471138,0.6952609022458395,0.6457686026891073,0.7175400257110596,0.795443058013916,0.8325107296307882,0.8951274951299032
0.5-0.25-0.5-0.0-0.75,0.010720072702194253,14734.069184678772,1193.1577886756843,0.0006340996950644495,2246.630859375,-615.7353922526041,132.68073018391928,53.75062815348307,45.31501388549805,29.17615572611491,21.38228988647461,15.100253740946451,12.415142377217611,10.084393183390299,8.358383655548096,6.417989095052083,5.11979866027832,4.368427753448486,0.7990689873695374,0.8556725184122721,0.9210534493128458,0.9715568621953329,1.0,0.9888416330019633,0.9317113757133484,0.884308397769928,0.8400549292564392,0.7880128026008606,0.7292372783025106,0.7179182767868042
0.5-0.25-0.5-0.25-0.0,0.28797323008378345,111.98188568049723,2098.22468751835,0.0016573171014897525,4809.08203125,-125.62563832600911,146.7651824951172,-0.13999544580777487,44.38872400919596,7.358285586039226,30.034937540690105,2.4540284474690757,10.752176274855932,-2.5570046106974282,12.032801628112793,4.60975197950999,4.141046484311421,0.21316707134246826,0.8598822553952535,0.8373397787412008,0.8536252578099569,0.8358435233434042,0.7730075915654501,0.7469682693481445,0.7664612134297689,0.7480461001396179,0.7462668021519979,0.7438825766245524,0.794149915377299,0.8762328823407491
0.5-0.25-0.5-0.25-0.25,0.06809766218066216,360.11773487400797,2749.7405493949386,0.00594478496350348,6144.140625,-199.45077006022134,135.0813446044922,-16.678364912668865,41.12921015421549,-0.5109390517075857,16.885133107503254,-5.4563703536987305,6.359873453776042,-1.1409648259480794,4.867991765340169,1.6478056907653809,4.805225660403569,-1.1025456587473552,0.43991675476233166,0.464774414896965,0.42649877816438675,0.5033616274595261,0.5666800836722056,0.7537681659062704,1.0,0.7820033431053162,0.5281228621800741,0.4294286370277405,0.4229977031548818,0.39487674708167714
0.5-0.25-0.5-0.25-0.5,0.11229840914408366,978.0708497346619,4152.646184415057,0.01805359683930874,9165.966796875,-88.74927775065105,100.90648905436198,-29.250166575113933,21.168034235636394,-18.73931376139323,11.4167849222819,-10.239352862040201,17.16257095336914,6.6036412715911865,27.218716303507488,10.690890312194824,1.2993762890497844,-13.982094128926596,0.5493802229563395,0.1672959066927433,0.13749685883522034,0.18752582371234894,0.15640228117505708,0.16417951633532843,0.24498984217643738,0.2834845706820488,0.34155109028021496,0.44492289423942566,0.5172703663508097,0.9573278228441874
0.5-0.25-0.5-0.25-0.75,0.059474083284536995,15101.401291763299,1594.772057998042,0.0008700369009299417,3251.513671875,-375.61327107747394,131.83326721191406,5.225206057230632,22.8878657023112,15.506484031677246,10.891818682352701,10.772800127665201,11.619385719299316,10.662673314412435,13.3218781153361,12.755722999572754,11.327296415964762,8.629714409510294,0.7984781066576639,0.8521058162053426,0.9169187943140665,0.9708145062128702,0.9979520241419474,0.9904637734095255,0.9417766531308492,0.9060011307398478,0.87216184536616,0.8258704543113708,0.7528976996739706,0.7199721535046896
0.5-0.25-0.5-0.5-0.0,0.20393591622511545,22050.0,2018.147009329082,0.0022124893500100975,4285.107421875,-224.28360748291016,140.13995361328125,16.988322416941326,36.652445475260414,13.409486770629883,22.694725036621094,10.76400057474772,14.727868715922037,8.220088322957357,8.676175753275553,4.284568786621094,2.5376014709472656,0.14183704058329263,0.7864550153414408,0.7338557044665018,0.7539769609769186,0.7788758873939514,0.7836082379023234,0.7407628695170084,0.7362270951271057,0.7790625294049581,0.7789398630460104,0.7439358631769816,0.7254783709843954,0.7490995327631632
0.5-0.25-0.5-0.5-0.25,0.03499194296697775,8382.58220797394,2496.930618036156,0.00414108473584444,5842.67578125,-391.79169209798175,129.99915059407553,5.1337582270304365,37.2638308207194,10.303993225097656,18.646357854207356,16.887392044067383,16.886845270792644,10.575573444366455,0.4217963218688965,1.2831486066182454,8.745371341705322,12.892488161722818,0.8475067218144735,0.8703826864560446,0.9436721007029215,0.9903238415718079,0.9858553409576416,0.9482709765434265,0.9362186590830485,0.9515621860822042,0.8724312980969747,0.8195438981056213,0.7896329959233602,0.7701512972513834
0.5-0.25-0.5-0.5-0.5,0.03655813727527857,8389.931755130634,1787.2818444484299,0.0015869775335583351,3287.40234375,-395.07407633463544,165.4353485107422,-10.026390075683594,32.69025548299154,14.193898518880209,12.628785451253256,15.73956298828125,13.383697827657064,-0.7864717245101929,-5.390690962473552,9.724266052246094,16.061797777811687,10.355528752009073,0.3808337636291981,0.40718715637922287,0.48463846494754154,0.5032475193341573,0.5185515421132246,0.538890632490317,0.6078099807103475,0.9582462112108866,0.5449007153511047,0.4413384646177292,0.39995528012514114,0.37745364382863045
0.5-0.25-0.5-0.5-0.75,0.1735115870833397,7854.296017142479,2792.1722069433213,0.00436540770654877,5849.853515625,-131.95611572265625,133.62883504231772,-2.5609871546427407,28.331069946289062,-13.412457466125488,19.588128089904785,-6.153302510579427,8.510151068369547,-12.019991397857666,11.410465002059937,8.996078610420227,20.298805971940357,6.067761540412903,0.3994610272347927,0.381376339122653,0.4135234480102857,0.3924075358857711,0.37925010298689205,0.40232352912425995,0.6703345080216726,0.9410215020179749,0.502041220664978,0.4152594010035197,0.3729875137408574,0.40601513038078946
0.5-0.25-0.5-0.75-0.0,0.04492200476427873,14737.475666463868,1950.043384429369,0.003200582005471612,4529.150390625,-350.77733357747394,150.76747131347656,-2.0332603454589844,38.98357009887695,3.9524545669555664,20.57184410095215,6.677239418029785,11.930927594502768,6.559667105476062,7.903465906778972,5.615966995557149,6.079159577687581,4.736730535825093,0.8483874201774597,0.8855457305908203,0.9387069344520569,0.9769263863563538,0.998477041721344,0.9871301452318827,0.9405978918075562,0.9089997609456381,0.8764141400655111,0.8395838737487793,0.7968261043230692,0.7820082505544027
0.5-0.25-0.5-0.75-0.25,0.021369806801279385,22050.0,1189.0132443699888,0.000508975315105247,2196.38671875,-600.0003153483073,96.47396977742513,25.972269694010418,28.292630513509113,22.017242431640625,21.13778305053711,18.521936416625977,17.294992129007976,15.590721925099691,14.50262451171875,13.269362449645996,12.36153761545817,11.385776042938232,0.763150135676066,0.837914764881134,0.9094687501589457,0.9663024743398031,0.999968429406484,0.9988413651784261,0.9668304721514384,0.9179091453552246,0.8548963069915771,0.7838696241378784,0.7092028061548868,0.6755573352177938
0.5-0.25-0.5-0.75-0.5,0.006127806380391121,14733.333333333334,854.8981375768468,0.0002825286073028603,1291.9921875,-684.4967447916666,185.36144002278647,59.051256815592446,23.72880458831787,22.447348912556965,19.23977057139079,12.4432741800944,11.38853899637858,9.793924331665039,7.218337376912435,5.991807301839192,5.8478569984436035,4.96229902903239,0.9254719813664755,0.9006667335828146,0.8715999921162924,0.8617647687594095,0.874987781047821,0.8732945919036865,0.8058789769808451,0.7757989565531412,0.7962559461593628,0.8301790754000345,0.8429339329401652,0.8644211292266846
0.5-0.25-0.5-0.75-0.75,0.008342003139356772,1470.0648858812594,3935.7678550670885,0.006587437276418011,8591.748046875,-415.2503255208333,78.98353576660156,-37.6145273844401,32.80810991923014,-9.495346109072367,44.8857676188151,21.905900319417317,39.80508041381836,-4.953433513641357,-3.5297764937082925,-13.432521184285482,25.063595453898113,28.62301190694173,0.13884389897187552,0.17750909427801767,0.14467942714691162,0.17574943602085114,0.33806589245796204,0.6715517242749532,1.0,0.36691076556841534,0.178841566046079,0.12494847923517227,0.11650880922873814,0.10835638890663783
0.5-0.25-0.75-0.0-0.0,0.034904925152659416,7457.514139216881,2137.1139624509333,0.0018172477721236646,4837.79296875,-296.7539876302083,152.31213887532553,-9.302620713909468,41.565948486328125,-0.12951231002807617,24.30093987782796,0.34082945187886554,11.336026191711426,3.2593615849812827,10.69686508178711,0.3928385575612386,7.984083811442058,3.6636240482330322,0.6842052638530731,0.8011177778244019,0.8470156788825989,0.8881938258806864,0.9192958076794943,0.9209996660550436,0.7421106100082397,0.5846313536167145,0.5817114611466726,0.585480401913325,0.5797359446684519,0.5986483295758566
0.5-0.25-0.75-0.0-0.25,0.06181330854694048,3136.549581548376,6494.2375714677255,0.008316886029206216,11663.818359375,-251.18228149414062,15.51132615407308,-39.145364125569664,38.382896423339844,-9.45978053410848,13.940596262613932,-35.55633036295573,11.825035254160563,1.4541984796524048,-1.9300700028737385,-30.01638412475586,14.683761596679688,3.6453141371409097,0.002536939224228263,0.0069853742606937885,0.029234203820427258,0.010091833925495544,0.007450179352114598,0.009040903998538852,0.16017013291517893,1.0,0.1734459549188614,0.012546616606414318,0.0050102772656828165,0.0035480288012574115
0.5-0.25-0.75-0.0-0.5,0.08223678171634674,200.0362637985104,3547.357387700664,0.011021529984039566,8189.794921875,-158.69629414876303,104.19098154703777,-21.83878739674886,37.812618255615234,-7.705703576405843,15.180896679560343,-19.203488032023113,-2.3337246576944985,-16.87289532025655,-0.03602194786071777,-5.323961973190308,6.0122372309366865,-5.2656675179799395,0.09103757639726003,0.15536278982957205,0.47330448031425476,0.32889725267887115,0.14597214882572493,0.20643162727355957,0.48234004775683087,1.0,0.7850546638170878,0.35725850363572437,0.15631784250338873,0.16374226907889047
0.5-0.25-0.75-0.0-0.75,0.3068055808544159,7555.27343528327,2968.910428382562,0.008208815435258051,7062.890625,-57.62881215413412,134.99449157714844,0.022431055704752605,33.38630167643229,-1.6193188428878784,15.637534777323404,1.5449268817901611,16.270898183186848,5.80568265914917,11.454086621602377,-3.6232722997665405,0.7698016166687012,0.1984731654326121,0.7483666439851125,0.764183521270752,0.8592788577079773,0.914634128411611,0.8673917452494303,0.7188076972961426,0.5941528876622518,0.5423442423343658,0.5457667708396912,0.6103148659070333,0.6258430182933807,0.6442467371622721
0.5-0.25-0.75-0.25-0.0,0.1630819315711657,14733.333333333334,1989.2102456642685,0.0021707797956575328,4715.771484375,-197.5727742513021,157.90306599934897,-4.774283091227214,39.32973861694336,6.656667838493983,17.777571360270183,10.20177427927653,9.335172335306803,9.197691758473715,5.9952108065287275,7.4493818283081055,4.6046929359436035,5.967333952585856,0.9660664399464926,0.9615193804105123,0.9744196931521097,0.9873456756273905,0.9856393138567606,0.9427024722099304,0.8500045537948608,0.8113131125768026,0.8214281598726908,0.8422836263974508,0.8587781190872192,0.903323252995809
0.5-0.25-0.75-0.25-0.25,0.010075973657270273,140.26089552301553,1035.9362467668573,0.0007722672700083422,1830.322265625,-543.893564860026,220.94056193033853,36.693328857421875,20.90588442484538,10.019378900527954,7.6465442180633545,8.392147382100424,2.457862059275309,-0.9001098473866781,-1.8399247725804646,-1.1561930732180674,-1.4266838033994038,-3.859504426519076,0.8109552264213562,0.5747876564661661,0.44888561964035034,0.4470629245042801,0.42470766603946686,0.6453864375750223,0.8580272595087687,0.5860076347986857,0.38464553157488507,0.42074531813462573,0.6585573156674703,0.9277938604354858
0.5-0.25-0.75-0.25-0.5,0.1469144970178604,205.0831261998056,3172.2547999715134,0.005717005115002394,7091.6015625,-101.88944244384766,122.39256286621094,-33.090843200683594,38.75548807779948,-19.180546442667644,20.110159556070965,-16.741043090820312,12.913617769877115,-13.957660039265951,4.651930491129558,-14.575369834899902,3.7536041736602783,-8.779688040415445,0.3231205679476261,0.22771692151824632,0.3005543400843938,0.5366638203461965,0.3192159831523895,0.21493293096621832,0.35130731264750165,0.6414497892061869,1.0,0.6725948651631674,0.3570222854614258,0.29090849434336025
0.5-0.25-0.75-0.25-0.75,0.003589227640380462,14733.333333333334,2272.984620681966,0.0067807158267185015,5828.3203125,-630.8174641927084,100.24066925048828,29.070929845174152,30.463293075561523,22.913893063863117,20.553089141845703,16.488760312398274,13.89451821645101,11.08735958735148,9.18305746714274,7.486345926920573,6.422377268473308,5.559596220652263,0.8743971784909567,0.9025659958521525,0.9465347727139791,0.9768637816111246,0.9988945126533508,0.9922441244125366,0.9551106691360474,0.935401459534963,0.9119614760080973,0.8803772131601969,0.8360903064409891,0.8177958329518636
0.5-0.25-0.75-0.5-0.0,0.001969865794914464,22050.0,1446.8961321908657,0.000918373296225757,3057.71484375,-822.5275472005209,98.12086741129558,27.481530507405598,29.47533416748047,22.710837999979656,21.235780715942383,17.981486002604168,16.133717854817707,13.877767562866211,12.344944477081299,10.80238135655721,9.734193801879883,8.74427350362142,0.7658902208010355,0.8390829165776571,0.91211865345637,0.9678439497947693,0.999913771947225,0.9983100096384684,0.967322568098704,0.9228310585021973,0.8625005483627319,0.7918586333592733,0.7160807649294535,0.6812209486961365
0.5-0.25-0.75-0.5-0.25,0.016808529384434223,443.31010448411143,3041.0701172075114,0.00783044402487576,6467.138671875,-314.10548909505206,136.48353322347006,-30.459453582763672,24.628179391225178,-11.816007296244303,16.576648076375324,-8.905281861623129,9.91244633992513,-6.567942063013713,7.815020541350047,-4.487319827079773,3.6657859484354653,-7.337963342666626,0.3056547890106837,0.24368503938118616,0.22588612387577692,0.2418938328822454,0.2774511327346166,0.30175778021415073,0.32600699613491696,0.4110462466875712,0.5954537093639374,1.0,0.6925975481669108,0.3405794749657313
0.5-0.25-0.75-0.5-0.5,0.16167066991329193,22050.0,2350.3737264825845,0.002528285597994303,5534.033203125,-167.88140869140625,143.94634246826172,-1.4445459047953289,35.879791259765625,4.4652665456136065,19.399420420328777,5.850627760092418,11.207460721333822,5.361921429634094,7.083293437957764,4.715300639470418,4.958652337392171,4.342382272084554,0.8474629124005636,0.8760869304339091,0.9332578976949056,0.9331458608309428,0.9366125265757242,0.8930209279060364,0.844977617263794,0.7868583798408508,0.6891340414683024,0.6503250400225321,0.6740603844324747,0.7391689817110697
0.5-0.25-0.75-0.5-0.75,0.08512748281160991,4426.629550493998,4367.732160104127,0.006372518449400862,9819.140625,-197.35672505696616,100.74692026774089,0.7813220024108887,50.859415690104164,1.1046894391377766,14.614859739939371,-5.718254407246907,28.05458704630534,-8.822511196136475,6.634878953297933,14.146764755249023,4.507114251454671,-13.307575225830078,0.41294122735659283,0.972990870475769,0.6146336098512014,0.3782856899003188,0.4070211984217167,0.43937888368964195,0.46538318196932477,0.4978429414331913,0.48190339530507725,0.4381988023718198,0.33333135892947513,0.3046580106019974
0.5-0.25-0.75-0.75-0.0,0.16691200931866965,189.21661464496495,2706.7979646655763,0.004109993305367728,6567.626953125,-135.23827616373697,137.9571278889974,3.6819963455200195,35.79135386149088,3.9931166966756186,20.137042999267578,0.6531442105770111,9.57344921429952,-1.9470965067545574,5.339101095994313,2.0523436864217124,8.12714433670044,2.3304009437561035,0.9645916620890299,0.937796155611674,0.9071040948232015,0.8401261766751608,0.7642682592074076,0.752570907274882,0.7229804992675781,0.71204541126887,0.7146189709504446,0.6908511022726694,0.72922283411026,0.8421291510264078
0.5-0.25-0.75-0.75-0.25,0.05024896406879028,14733.333333333334,1277.472486525026,0.001933137259237346,2598.33984375,-407.546625773112,177.79047648111978,66.24250157674153,39.95093091328939,22.33539390563965,18.49498176574707,12.020597457885742,6.036079565684001,2.6740607221921286,2.527255654335022,1.5515414079030354,-0.04662529627482096,-0.5229169527689616,0.8650057315826416,0.8552427291870117,0.914239505926768,0.9469074408213297,0.9949053724606832,0.971621592839559,0.8703128695487976,0.827308197816213,0.8070712685585022,0.8071276148160299,0.8273058334986368,0.8398207823435465
0.5-0.25-0.75-0.75-0.5,0.24065339068571726,14733.333333333334,2041.8472671369484,0.0012922401850422223,4715.771484375,-160.12069193522134,144.76439412434897,-2.7081645329793296,41.065494537353516,1.307942231496175,27.300208409627277,3.5566590627034507,17.229284922281902,1.7623704175154369,9.192174911499023,1.518839160601298,6.153314590454102,2.093990465005239,0.6914806962013245,0.7091153264045715,0.7646583716074625,0.8545467456181844,0.9740731914838155,0.9943547050158182,0.9528617064158121,0.9313522378603617,0.8767660657564799,0.8329071998596191,0.7629704475402832,0.680899182955424
0.5-0.25-0.75-0.75-0.75,0.020391341609259445,22050.0,1931.0348758567532,0.0032793377714394425,4758.837890625,-499.9010518391927,108.70523579915364,35.189823150634766,33.21313603719076,22.369189580281574,17.626869201660156,12.498050053914389,10.279227574666342,8.836698849995932,8.729336102803549,8.624021053314209,8.575111230214437,8.02536678314209,0.8234911362330118,0.8729813893636068,0.927945097287496,0.9713957707087199,0.9992611606915792,0.9935806592305502,0.9551606178283691,0.9181889295578003,0.8757735292116801,0.8274915417035421,0.7722408970197042,0.7501721779505411
0.5-0.5-0.0-0.0-0.0,0.15770390133062998,113.83592432210044,2591.83263278191,0.004620338867728909,5792.431640625,-97.18268076578777,148.77236938476562,-14.000257809956869,33.19703165690104,-8.098510483900705,21.82937240600586,-3.6221911112467446,13.872788747151693,-3.0655572712421417,7.660896738370259,-2.7218284904956818,4.583433151245117,-5.301355520884196,0.6752867499987284,0.6112796465555826,0.5759539206822714,0.7107942899068197,0.7845054070154825,0.8692776163419088,0.8662843108177185,0.817659835020701,0.7541972796122233,0.7208641469478607,0.6449278990427653,0.6675967673460642
0.5-0.5-0.0-0.0-0.25,0.12538673480351767,121.20023640951905,1830.0500331475087,0.0022257834704457005,3531.4453125,-254.38308715820312,150.22977701822916,9.549151738484701,36.188328425089516,19.726320266723633,23.289936701456707,10.734881401062012,18.22384516398112,2.236212730407715,-5.088272571563721,-1.449401358763377,1.435460885365804,9.340970039367676,0.6217202494541804,0.7255201538403829,0.9172666867574056,0.9534745017687479,0.8221209446589152,0.662417083978653,0.4825065533320109,0.4280928721030553,0.47045272092024487,0.5147182047367096,0.5747183362642924,0.5903479009866714
0.5-0.5-0.0-0.0-0.5,0.11174120008945465,554.2818701513157,3244.674498217544,0.005633166797148685,6804.4921875,-151.20556640625,111.77431996663411,-33.084864934285484,34.106404622395836,-20.843074798583984,16.170115152994793,-2.225945830345154,20.425888061523438,-5.320176720619202,-0.4533263047536214,-11.084095319112143,0.23874616622924805,-2.068568011124929,0.324810470143954,1.0,0.7955318689346313,0.29347462952136993,0.18188226719697317,0.17118431627750397,0.1539782484372457,0.15370552303890386,0.3270418643951416,0.3513052860895793,0.1532939343402783,0.19279961039622626
0.5-0.5-0.0-0.0-0.75,0.08441960687438647,100.0,1621.670356032304,0.002127728380420043,3151.025390625,-295.00299072265625,186.26415506998697,31.170582453409832,15.00490066409111,14.577967405319214,15.955500602722168,15.645200729370117,9.427355766296387,4.922434369723002,7.732113838195801,6.3526225090026855,2.2775988777478537,1.0620982646942139,0.5759154260158539,0.5070484578609467,0.5075109601020813,0.6174329519271851,0.7674220403035482,0.9127898216247559,0.8809752066930135,0.8463062445322672,0.7793609499931335,0.6300894618034363,0.583289901415507,0.5767548779646555
0.5-0.5-0.0-0.25-0.0,0.12005256364742915,2288.1294076761046,3744.8656901228665,0.008210551847393313,8196.97265625,-142.0825653076172,101.27288818359375,-10.787823994954428,35.91675694783529,-13.101367950439453,17.123694737752277,-5.7013734181722,12.807306289672852,-5.373363176981608,3.9587668677171073,-6.630216280619304,8.585759480794271,6.568088849385579,0.3307132385671139,0.3562417191763719,0.5454229911168417,1.0,0.5982755323251089,0.37422119577725727,0.30474361901481944,0.3034476339817047,0.2682646866887808,0.2940727286040783,0.41576888660589856,0.3203048122425874
0.5-0.5-0.0-0.25-0.25,0.23689701159795126,14733.333333333334,2027.7541095412037,0.002749189159658272,4880.859375,-138.06049601236978,160.27461751302084,-11.961267471313477,46.263876597086586,1.2458857893943787,21.95777193705241,4.526805500189464,12.611013094584147,6.203959941864014,8.484748204549154,5.132895628611247,5.656260251998901,5.786747137705485,0.8449454307556152,0.8723922173182169,0.8941527009010315,0.9092244307200114,0.9237026770909628,0.9108205835024515,0.8777761061986288,0.8863848646481832,0.8490543762842814,0.8118596076965332,0.7905011971791586,0.7894503275553385
0.5-0.5-0.0-0.25-0.5,0.06481317430734634,14733.333333333334,1657.7664560173998,0.0006418775252920265,3086.42578125,-275.5315348307292,170.70015462239584,-0.4058081309000651,32.88703854878744,-1.122910976409912,23.977197011311848,1.4398483037948608,15.042046229044596,2.111677328745524,9.74444580078125,2.558865785598755,6.791934649149577,3.092761735121409,0.8974497318267822,0.9598056276639303,0.9312196969985962,0.9296624263127645,0.9192615548769633,0.8799497286478678,0.8104711572329203,0.7968681454658508,0.740774909655253,0.6801861127217611,0.6456800103187561,0.7396159172058105
0.5-0.5-0.0-0.25-0.75,0.009659882945319017,22050.0,2418.033454240439,0.0028367716343685365,5770.8984375,-502.38446044921875,134.4261016845703,4.881406307220459,33.967217763264976,5.01683235168457,19.811901410420734,4.979878266652425,12.386831919352213,4.21125574906667,8.250691413879395,3.8933887084325156,5.965783913930257,3.8531197706858316,0.7320266564687093,0.7833912571271261,0.7942950129508972,0.8798665801684061,0.9709898233413696,0.9928461114565531,0.9309071898460388,0.927787164847056,0.8633580803871155,0.7649358510971069,0.701151450475057,0.6494801243146261
0.5-0.5-0.0-0.5-0.0,0.047282748545209564,22050.0,1685.8879194251924,0.001097341981963149,3990.8203125,-467.93792724609375,94.2644271850586,23.94579315185547,26.416676203409832,20.24107297261556,19.423606872558594,16.84501361846924,15.63922119140625,13.946274757385254,12.86443297068278,11.637628078460693,10.741029262542725,9.785042603810629,0.8026589155197144,0.8597431977589926,0.9197109540303549,0.9682778120040894,0.9993402163187662,0.9972439209620158,0.964363694190979,0.9235410094261169,0.8736773133277893,0.8165538311004639,0.75340203444163,0.7263126571973165
0.5-0.5-0.0-0.5-0.25,0.020792993406454723,22050.0,1504.8756325792754,0.0007266073064725967,3237.158203125,-532.0916239420573,116.85460662841797,31.256083806355793,24.88291358947754,17.564571380615234,16.24384530385335,11.716038386027018,10.036772092183432,9.331191380818685,7.9943850835164385,5.227201223373413,3.7887149453163147,4.462274630864461,0.7822005351384481,0.8242546916007996,0.8902865052223206,0.9566890994707743,0.9963871041933695,0.9940219124158224,0.9502189755439758,0.8882068792978922,0.8072042465209961,0.7203841010729471,0.650795042514801,0.6583467125892639
0.5-0.5-0.0-0.5-0.5,0.06763406408329804,3987.1558997123116,3049.6280297061035,0.0027084295676710704,7149.0234375,-255.0561981201172,120.61160024007161,-3.3849290211995444,46.58593622843424,-2.701078494389852,25.384937922159832,3.6372897028923035,15.102782249450684,-3.708504835764567,14.991262435913086,9.785412708918253,-1.4831188122431438,1.0036685665448506,0.4977942059437434,0.5575465063254038,0.9439144929250082,0.7268250584602356,0.6182082990805308,0.6283048888047537,0.596274271607399,0.550214022397995,0.5274525980154673,0.5464656800031662,0.5255348136027654,0.49835514028867084
0.5-0.5-0.0-0.5-0.75,0.11438192923863728,1368.5060589471404,3075.496021174025,0.0035818399677130706,6287.6953125,-192.66881306966147,141.98637898763022,-38.438053131103516,27.169055302937824,7.187680562337239,15.859583536783854,-14.591777801513672,8.447120348612467,-4.676993052164714,17.465346773465473,-1.2091283798217773,15.297874132792154,23.718346913655598,0.04358056249717871,0.08595787547528744,0.056915501753489174,0.09026878575483958,0.4392509882648786,0.3523644308249156,0.6816337443888187,0.24173830139140287,0.053039342164993286,0.04130649628738562,0.04597554666300615,0.03863249532878399
0.5-0.5-0.0-0.75-0.0,0.17625078310569128,349.5417165157898,2956.9130397757713,0.009048798742393652,6294.873046875,-88.29873530069987,134.7880401611328,-25.61523501078288,31.431517283121746,-9.9736377398173,16.378727912902832,-18.43234634399414,10.260852336883545,-4.3440011739730835,8.469018936157227,-5.019469579060872,-4.103187719980876,-14.45742384592692,0.47941645979881287,0.4443589945634206,0.8583797216415405,0.7657454609870911,0.36603764196236926,0.3428475608428319,0.3954857687155406,0.4030093103647232,0.5250412970781326,0.8259370525677999,0.8859090606371561,0.61692347129186
0.5-0.5-0.0-0.75-0.25,0.104311586668094,22050.0,2132.2525807720012,0.002389314851219145,4758.837890625,-245.50262451171875,145.16637674967447,5.741033554077148,31.969648996988933,10.242163181304932,17.9300750096639,9.140682220458984,11.395248730977377,9.641775767008463,9.914920171101889,10.3780730565389,8.452616373697916,7.322312672932942,0.9120141863822937,0.8780747453371683,0.8274129629135132,0.8089912533760071,0.8763363560040792,0.9068549871444702,0.9072826306025187,0.922721266746521,0.9770829876263937,0.9381682078043619,0.8201279640197754,0.8368016282717387
0.5-0.5-0.0-0.75-0.5,0.03265950952967008,22050.0,1213.0049822860926,0.0021135397690745425,2763.427734375,-529.4603780110677,122.37606302897136,58.20049285888672,37.87480672200521,25.76947244008382,21.69911066691081,18.527348518371582,17.5079288482666,15.407939275105795,11.883030891418457,8.970423698425293,8.202219645182291,8.189043998718262,0.789695938428243,0.8473743796348572,0.909583846728007,0.9633423686027527,0.9971718788146973,0.9885894854863485,0.9370419581731161,0.8873802224795023,0.8360368410746256,0.7831205526987711,0.7273587584495544,0.7090025146802267
0.5-0.5-0.0-0.75-0.75,0.08982507387797038,186.58158320038783,2470.960548983664,0.004943137483981748,5476.611328125,-173.2410634358724,155.24716186523438,-10.5332932472229,36.803513844807945,-9.001967827479044,25.277074813842773,-5.045355399449666,9.52630058924357,-9.456114013989767,4.964201291402181,-8.894008795420328,2.3575547536214194,-1.6426154772440593,0.5979859630266825,0.8200304706891378,0.8295551538467407,0.536431223154068,0.5618755320707957,0.7579306960105896,0.8468391100565592,0.9004869858423868,0.7602378924687704,0.5895906190077463,0.5070471465587616,0.5011129826307297
0.5-0.5-0.25-0.0-0.0,0.13519648959239325,358.0823922086615,3651.8849103471453,0.00971949709734569,8426.66015625,-122.02527618408203,100.9268086751302,-14.92448616027832,35.1378599802653,-15.910745620727539,13.729825496673584,-15.439940770467123,3.045254945755005,-14.728086153666178,-7.10745898882548,-19.026912689208984,-4.7649738391240435,-0.5115095476309458,0.16760733226935068,0.28294030328591663,0.19656437883774439,0.17664826878656945,0.26169733082254726,0.6303865909576416,1.0,0.5798761149247488,0.2334571753938993,0.10744328408812483,0.07481202529743314,0.09871505309517185
0.5-0.5-0.25-0.0-0.25,0.10423940420150757,333.9745700278897,3905.54018472767,0.013132084161043167,8448.193359375,-98.6276117960612,116.43041737874348,-31.945295333862305,30.07593536376953,-31.24579366048177,8.384256998697916,-26.873767217000324,12.968284289042154,-6.138448715209961,13.673023223876953,-9.923996448516846,7.451629479726155,-1.891208012898763,0.6187253768245379,0.7084871033827463,0.3395030399163564,0.2840432673692703,0.1791990747054418,0.22635143995285034,0.1626629779736201,0.26793518165747326,0.3940226783355077,0.24998655915260315,0.45078826944033307,0.41730878750483197
0.5-0.5-0.25-0.0-0.5,0.0070508625358343124,1270.7332589733678,5358.874107097884,0.008014525286853313,10020.1171875,-420.27452596028644,49.17002296447754,-24.420595169067383,38.90403366088867,-18.209678014119465,9.256927967071533,-14.508708000183105,17.367366472880047,-6.390310168266296,20.419151306152344,22.907352447509766,22.963149388631184,-1.0902290344238281,0.7443539748589197,0.6279209752877554,0.08142824098467827,0.09057246490071218,0.08070733056714137,0.10654769527415435,0.1966757234185934,0.29541083580503863,0.36280960713823635,0.3066430191198985,0.16731422891219458,0.11333337053656578
0.5-0.5-0.25-0.0-0.75,0.08444331834713618,7519.985514332021,2094.3850940555335,0.002680936386847558,4148.73046875,-275.4413350423177,134.0296147664388,-1.6039708455403645,31.344313939412434,-0.6659825642903646,17.31055959065755,-3.5357176462809243,13.487153689066568,-1.3084092140197754,8.81219736735026,2.3805214961369834,5.043759028116862,-0.13709735870361328,0.7738122741381327,0.6408415834108988,0.5751126905282339,0.5518427689870199,0.5454380611578623,0.5721065104007721,0.6167527635892233,0.5572011768817902,0.5554092129071554,0.5731507241725922,0.7221221129099528,0.8391499320665995
0.5-0.5-0.25-0.25-0.0,0.03654225977758566,701.3545340232936,3732.112050192904,0.013829522610952457,7995.99609375,-208.90587870279947,114.9699223836263,-32.972845713297524,29.037694295247395,-25.21182632446289,13.584629933039347,-16.485531489054363,9.742907524108887,-9.47200357913971,11.828182220458984,-0.0734097162882487,20.449769973754883,12.14420493443807,0.22869362557927767,0.3945079433421294,0.38264434536298114,0.2762221669157346,0.40741774688164395,0.3288523852825165,0.3138895283142726,0.46703144907951355,0.37207800646622974,0.15547682593266168,0.09731986373662949,0.17850850398341814
0.5-0.5-0.25-0.25-0.25,0.030702569832404453,100.0,2784.2713914432065,0.0043638195299233,6646.58203125,-288.0344746907552,135.67405700683594,-3.3563830852508545,35.737548192342125,0.46695788701375324,21.30906867980957,0.30361413955688477,12.473567962646484,0.8755288124084473,8.686550776163736,2.1958187421162925,6.774860858917236,2.32773224512736,0.8221859931945801,0.8112088044484457,0.7878141204516093,0.8658684094746908,0.9040868481000265,0.88620392481486,0.8193025787671407,0.7577284177144369,0.7529729008674622,0.8082712491353353,0.9022607405980428,0.8888515035311381
0.5-0.5-0.25-0.25-0.5,0.0015091006256019075,161.72010273822025,1848.628971309741,0.0032720180024625733,3359.1796875,-583.5362955729166,194.89464314778647,-27.896046956380207,17.83431879679362,5.209905624389648,12.549965063730875,0.7557581663131714,5.9136544068654375,-0.16853498419125876,0.919150710105896,2.821187376976013,3.8265737295150757,-0.4826194445292155,0.7528182665506998,0.8279144962628683,0.7519648472468058,0.47639790177345276,0.43186599512894946,0.49165530999501544,0.556241512298584,0.6794583400090536,0.6598937114079794,0.7372226615746816,0.6680731574694315,0.6900850733121237
0.5-0.5-0.25-0.25-0.75,0.025802164648969967,9223.149213952733,4511.836955192598,0.011139155210306248,9503.3203125,-283.22092692057294,104.58847045898438,17.109328587849934,39.878363291422524,-14.330421129862467,35.22459729512533,-3.2670894066492715,11.848832130432129,5.9434724648793535,-3.3385382890701294,6.816891193389893,8.363368312517801,-4.95765495300293,0.6434592803319296,0.6462267835934957,0.8623419801394144,0.8094163735707601,0.8556822141011556,0.8491783738136292,0.7449090977509817,0.8501866459846497,0.9001888235410055,0.8494809865951538,0.7118234634399414,0.6405649582544962
0.5-0.5-0.25-0.5-0.0,0.005486242317905028,215.78845041757202,2033.3743024868284,0.003077728485853489,3926.220703125,-497.3679606119792,157.86453755696616,-26.387226740519207,22.60674985249837,10.862689971923828,7.061151027679443,4.0614808400472,3.4244133631388345,2.443549156188965,-1.2058861255645752,-4.406396647294362,-10.751173496246338,-8.306155681610107,0.2577876038849354,0.22982666144768396,0.14425349545975527,0.15575060993433,0.1837384800116221,0.14746097289025784,0.20709148173530897,0.36529084543387097,0.654036949078242,1.0,0.6883513927459717,0.43357929587364197
0.5-0.5-0.25-0.5-0.25,0.10599834471940994,136.9895264083389,1600.6926230174802,0.0018925556219393513,3129.4921875,-282.7791798909505,183.30821228027344,45.44337844848633,19.089587529500324,12.991477330525717,8.746944904327393,2.3262566725413003,3.9439260164896646,3.7911454836527505,1.6298039356867473,0.9080665310223898,0.6038577258586884,-0.1033950646718343,0.9209494193394979,0.9829163948694865,0.9137407541275024,0.7663872639338175,0.5426737169424692,0.38335902988910675,0.2619421035051346,0.2999425505598386,0.3890674163897832,0.36906572182973224,0.46046114961306256,0.6987388928731283
0.5-0.5-0.25-0.5-0.5,0.04597297062476476,938.4510502162702,5546.551664300168,0.010993273967566589,10694.82421875,-241.14559936523438,53.34640757242838,-30.23879623413086,25.868412017822266,-8.625831604003906,10.289188067118326,-10.118596076965332,29.112651189168293,14.582900047302246,19.170983632405598,16.5513916015625,15.118378639221191,-23.48439089457194,0.020506950560957193,0.013471303197244803,0.016786780829230945,0.011559237260371447,0.022940282399455707,0.06446650251746178,0.016562039963901043,0.010856001482655605,0.02037534521271785,0.1703908791144689,1.0,0.21199475725491843
0.5-0.5-0.25-0.5-0.75,0.004719348081077139,14921.825713666134,1504.1995638713763,0.0014330493654597376,3201.26953125,-591.1206665039062,172.43544006347656,4.015259901682536,16.39873202641805,15.264259974161783,9.80049180984497,11.227542877197266,7.12476380666097,2.279317478338877,3.094953417778015,4.9708685874938965,7.111223777135213,10.586191336313883,0.5355067352453867,0.5126805106798807,0.5321878840525945,0.6441630919774374,0.9861579140027364,0.7040849129358927,0.555526077747345,0.5260377029577891,0.5190895795822144,0.5022349754969279,0.5037843783696493,0.5985373655954996
0.5-0.5-0.25-0.75-0.0,0.2518968383471171,837.6656844401678,3259.488077394406,0.0072763181912402315,6962.40234375,-38.99076716105143,119.73093922932942,-40.00493367513021,26.573771794637043,-17.035887400309246,13.200813929239908,-14.080852508544922,11.746439933776855,2.245067596435547,31.07284164428711,24.539236068725586,29.402483622233074,10.717900276184082,0.30139827728271484,0.2672802855571111,0.3074998656908671,0.39103368918100995,0.5557965437571207,0.6638653874397278,0.6395390133062998,0.55048006772995,0.8653842608133951,0.7712485392888387,0.41562628746032715,0.33228063583374023
0.5-0.5-0.25-0.75-0.25,0.0782559576133887,610.8519739677739,2081.4193769347708,0.0022238106224297858,4299.462890625,-277.3324228922526,137.88406117757162,1.140599250793457,35.95363235473633,-1.7958920796712239,15.600526571273804,-3.9266786575317383,11.658888657887777,6.430454572041829,17.137828191121418,8.555166681607565,9.209059397379557,3.70210870107015,0.5560207366943359,0.6026507963736852,0.6399146318435669,0.7105711102485657,0.7366227308909098,0.7524165312449137,0.8062745134035746,0.8633305430412292,0.887554923693339,0.7976850271224976,0.6318199336528778,0.5097012023131052
0.5-0.5-0.25-0.75-0.5,0.019664505496621132,1075.2887972351207,6805.32919601366,0.01379027838508288,10666.11328125,-309.6938781738281,28.544946034749348,-26.403774817784626,25.674339453379314,-31.843407948811848,18.79103660583496,-3.864144961039225,13.817612012227377,18.188805898030598,4.775001525878906,0.15405694643656412,-4.292391141255696,-20.407687505086262,0.5194667379061381,1.0,0.21228735148906708,0.08358323822418849,0.0475586981823047,0.03861456550657749,0.029328031465411186,0.05563706221679846,0.06594535708427429,0.0470938254147768,0.11804143836100896,0.07465404147903125
0.5-0.5-0.25-0.75-0.75,0.018909103547533352,190.94583216382284,2583.6926505140204,0.006202348236305018,6036.474609375,-342.1665852864583,147.92833709716797,-5.658719062805176,35.78430366516113,-0.9322916666666666,21.557855288187664,0.2598181515932083,14.389582633972168,-1.7751601537068684,6.696859002113342,-1.3362493515014648,4.509404261906941,-2.6811603903770447,0.4367811679840088,0.371544748544693,0.36150026321411133,0.4050390621026357,0.6457835336526235,0.785437802473704,0.8217626214027405,0.8769563833872477,0.6900632580121359,0.639395609498024,0.5616008440653483,0.4859501173098882
0.5-0.5-0.5-0.0-0.0,0.10355079174041748,7484.848702598589,2657.7046696498496,0.005845025123562664,6122.607421875,-168.61044311523438,144.70667012532553,-3.5385541915893555,32.93012491861979,0.06605776151021321,14.477951049804688,-3.9948862195014954,7.546869277954102,-0.14859342575073242,6.0461152990659075,5.341179847717285,7.996957778930664,-0.8014679352442423,0.5069113274415334,0.5244777947664261,0.5559166570504507,0.5631984273592631,0.578339954217275,0.6397937337557474,0.7490577300389608,0.9594610134760538,0.9242473045984904,0.7128612796465555,0.5713206926981608,0.5150917420784632
0.5-0.5-0.5-0.0-0.25,0.02624853327870369,454.82954237300765,4843.874807137224,0.029186633725961048,9955.517578125,-229.57958984375,89.90945943196614,-12.224077701568604,48.353930155436196,-15.643784681955973,10.667442003885904,-13.920703252156576,13.069739977518717,-26.621838251749676,-8.237171490987143,-2.0664338866869607,-0.9619290828704834,-6.226297537485759,0.5442933787902197,0.6307690938313802,0.400666410724322,0.2637168765068054,0.2226299693187078,0.2254150484999021,0.22563641766707102,0.32497379183769226,0.6737827956676483,0.8555147449175516,0.5770180523395538,0.40381846328576404
0.5-0.5-0.5-0.0-0.5,0.038374967873096466,7418.349893773913,2258.4561223392643,0.03209154403233091,5117.724609375,-345.9352569580078,182.0876235961914,-19.898736317952473,9.326264341672262,19.516576766967773,1.6238168080647786,5.928641160329183,2.6419175465901694,5.812083880106608,8.237499237060547,2.4301201502482095,5.1696815093358355,1.3771014213562012,0.5630269050598145,0.5672301749388377,0.6090282797813416,0.6152900805075964,0.6600790669520696,0.7343227167924246,0.723928322394689,0.6168990731239319,0.5072565426429113,0.5136525730292002,0.7527106602986654,0.7846134702364603
0.5-0.5-0.5-0.0-0.75,0.1491721123456955,642.8650860376363,2988.720366930979,0.0027917321131099015,6294.873046875,-162.9390614827474,112.46255493164062,-46.59967803955078,31.852330048878986,-36.92421849568685,1.2897764841715496,-20.71697235107422,-0.2420196533203125,-9.980559468269348,-1.5415652592976887,-1.742770830790202,13.351136525472006,18.719860076904297,0.022594851286460955,0.02100370987318456,0.05474845909823974,0.4037858446439107,1.0,0.36011122663815814,0.04871587470794717,0.024777300655841827,0.030438407557085156,0.014324436041836938,0.02423997006068627,0.0699204516907533
0.5-0.5-0.5-0.25-0.0,0.076549481600523,7438.622443296715,2543.653919394855,0.003484751815752437,6072.36328125,-199.1883341471354,140.9340616861979,-3.847029685974121,41.5274855295817,-0.8544283707936605,25.222201029459637,-0.4076978762944539,15.709993044535318,0.5884846647580465,10.734375953674316,2.0230778058369956,8.072869618733725,2.0504887104034424,0.9693869948387146,0.8941428462664286,0.8116960922876993,0.8172027468681335,0.8732412854830424,0.8684278329213461,0.7806232770284017,0.7596788009007772,0.8292051355044047,0.8825037479400635,0.8904661933581034,0.9173727830251058
0.5-0.5-0.5-0.25-0.25,0.1825173298517863,14733.333333333334,1650.0116515563705,0.0005669296563913425,3244.3359375,-214.38297017415366,161.53926595052084,9.53583828608195,30.94300587972005,3.488771438598633,21.332082112630207,4.769185543060303,13.727082252502441,4.046874205271403,9.680950482686361,3.9556676546732583,6.9303657213846845,3.3518048326174417,0.6353006164232889,0.7244028647740682,0.8428940773010254,0.9013226429621378,0.9278227289517721,0.9833627144495646,0.9201755324999491,0.8389549652735392,0.8957332770029703,0.897395670413971,0.8344178795814514,0.7007231513659159
0.5-0.5-0.5-0.25-0.5,0.055798852195342384,22050.0,1068.0189590635273,0.00048254380816814546,2052.83203125,-409.1097819010417,195.60746002197266,37.5575319925944,14.332407156626383,15.565802892049154,13.180475552876791,9.88863722483317,11.27998129526774,8.290667057037354,7.214370886484782,7.252177397410075,5.7013217608133955,5.22071647644043,0.7887605230013529,0.8430160681406657,0.9032881855964661,0.9565954804420471,0.9831886688868204,0.9738533099492391,0.9197035034497579,0.8607657154401144,0.7968718409538269,0.7572561899820963,0.7165865699450175,0.708722194035848
0.5-0.5-0.5-0.25-0.75,0.03318602591753006,22050.0,2098.029321440744,0.0012037288785601656,4916.748046875,-318.28074137369794,149.35211181640625,-5.569731712341309,42.81056340535482,-2.652429739634196,26.553747812906902,-0.9529631932576498,16.864655176798504,0.29103899002075195,11.657189210255941,1.6769620875517528,8.639744758605957,1.7838902374108632,0.9579850633939108,0.9526301423708597,0.9378095666567484,0.9303956429163615,0.9524091879526774,0.9459577202796936,0.8987898429234823,0.8476186990737915,0.8662160237630209,0.8624938527743021,0.8232529759407043,0.8559650381406149
0.5-0.5-0.5-0.5-0.0,0.016741396238406498,14733.333333333334,2407.432895176242,0.0037931905778047317,5885.7421875,-418.1687520345052,158.30603535970053,3.023278554280599,26.813050587972004,10.386887073516846,15.966588973999023,7.192066510518392,10.268126805623373,5.456714948018392,7.223344802856445,4.173057158788045,5.3819936116536455,3.449788212776184,0.9032230377197266,0.9204375743865967,0.9583385189374288,0.9840280810991923,1.0,0.983123242855072,0.9303232232729594,0.9090555508931478,0.8914631207784017,0.8727178573608398,0.851053257783254,0.8509389758110046
0.5-0.5-0.5-0.5-0.25,0.12815511971712112,4427.05022887983,6553.027395014785,0.005482101095064233,11584.86328125,-220.05036417643228,42.984554290771484,-13.841615756352743,69.28904596964519,-4.235729853312175,13.875598748524984,-1.5847172737121582,35.93218866984049,-12.72915013631185,2.3419552644093833,23.127072016398113,-0.3181387980779012,-13.79655933380127,0.23837979634602866,1.0,0.11339803040027618,0.00900967752871414,0.006798723712563515,0.006152596829148631,0.00572360132355243,0.007904135234033069,0.01728458081682523,0.007312824251130223,0.006815765130644043,0.011074881379803022
0.5-0.5-0.5-0.5-0.5,0.05186053365468979,1047.7011635241138,3187.861671589264,0.012953616736922413,7400.244140625,-228.16342163085938,131.51359049479166,-9.339340845743815,35.5755672454834,9.464758038520813,15.788382530212402,5.937340021133423,12.293168067932129,8.190557479858398,10.949407895406088,-2.1627751886844635,5.798002560933431,10.65847905476888,0.7889841794967651,0.7775247693061829,0.7503149112065634,0.7596361438433329,0.8146842916806539,0.8909674684206644,0.890092154343923,0.8216362396876017,0.7689673701922098,0.7616998354593912,0.7530903816223145,0.7689612706502279
0.5-0.5-0.5-0.5-0.75,0.11845959474643071,650.8217877193603,3981.620501584171,0.015423170601328215,8613.28125,-87.92927678426106,108.36339823404948,-31.830151557922363,20.123645146687824,-26.585376739501953,18.449171384175617,-14.434229850769043,7.229098002115886,-10.624776105086008,6.363545656204224,-5.682955106099446,14.166558583577475,10.336898962656656,0.42839300632476807,0.5659290825327238,0.6612251748641332,0.670489658912023,0.7909055948257446,0.922596275806427,0.5009058564901352,0.21755707263946533,0.2127327024936676,0.2185112088918686,0.15472030391295752,0.2961847384770711
0.5-0.5-0.5-0.75-0.0,0.3415126899878184,368.5237762657002,2980.392595483742,0.0057666976160059375,6804.4921875,-25.823434829711914,133.789919535319,-21.65831184387207,31.95415433247884,-14.492332061131796,18.757415135701496,-11.852940559387207,10.527929544448853,-10.905070145924887,4.060605923334758,-10.401437759399414,2.188626289367676,-4.45638648668925,0.08876954143246014,0.16219944010178247,0.13529536624749502,0.14825576543807983,0.23205517729123434,0.5573058525721232,1.0,0.635711669921875,0.24358522395292917,0.13583381349841753,0.11197977264722188,0.08054632258911927
0.5-0.5-0.5-0.75-0.25,0.01032946586686497,7595.270446353495,2484.335176926112,0.004493637650739402,5885.7421875,-529.4090881347656,131.86138407389322,16.152202288309734,30.017679850260418,12.40719985961914,16.291739463806152,9.24882443745931,9.162655512491861,5.813124179840088,4.413009961446126,3.9202731450398765,2.804907957712809,3.818962494532267,0.7847004334131876,0.8141812284787496,0.8486241896947225,0.8928161064783732,0.9380291700363159,0.9859548409779867,0.9646351138750712,0.8963495095570883,0.8312722444534302,0.7962661385536194,0.7703779538472494,0.7480777899424235
0.5-0.5-0.5-0.75-0.5,0.04283067708214124,14733.333333333334,1399.4806770240486,0.0050793077364611845,2993.115234375,-462.4561513264974,140.6318817138672,60.79574457804362,44.8088493347168,31.3904972076416,25.693783442179363,19.982838312784832,14.416134198506674,7.890130360921224,4.109201113382976,1.7157880465189617,2.9610697428385415,6.448288281758626,0.9105036854743958,0.9247877796490988,0.9521734317143759,0.9729319214820862,0.9881038665771484,0.974998931090037,0.9234414100646973,0.8960169951121012,0.8738499283790588,0.850371797879537,0.8276623686154684,0.8418559034665426
0.5-0.5-0.5-0.75-0.75,0.09522693604230881,14733.333333333334,2481.4130275504044,0.0024037569916496673,5928.80859375,-234.53016662597656,133.62010447184244,7.09890874226888,32.49462381998698,6.101054827372233,20.24852180480957,4.7337900797526045,13.89742374420166,3.680104414621989,10.005617141723633,3.1994078954060874,7.598513285319011,2.836963931719462,0.8474219441413879,0.8686959346135458,0.8742948373158773,0.9163800477981567,0.9486573735872904,0.9219616452852885,0.8387153347333273,0.7873303492863973,0.7689507007598877,0.778847316900889,0.78577987353007,0.7890782952308655
0.5-0.5-0.75-0.0-0.0,0.07122358679771423,176.15764499151916,2897.1373100105243,0.00640310812741518,6818.84765625,-167.37699381510416,141.3036855061849,-11.911321322123209,38.95882670084635,-9.479470332463583,23.25018819173177,-9.545837243398031,9.972055633862814,-4.088194002707799,8.304039478302002,-5.219210982322693,3.6848119099934897,-2.6132189432779946,0.29235653082529706,0.382151335477829,0.5367229382197062,0.6672817866007487,0.8084480166435242,0.969593365987142,0.9282089869181315,0.748942494392395,0.5042454799016317,0.38888882100582123,0.33395125965277356,0.2858676115671794
0.5-0.5-0.75-0.0-0.25,0.09042242914438248,401.58543173362153,3207.170567988423,0.00517718552146107,7299.755859375,-186.98779296875,113.09395345052083,-20.229909300804138,29.81849479675293,-15.322141965230307,9.874101281166077,-13.328046639760336,1.898660659790039,-12.902163028717041,-5.5759657720724745,-13.343175709247589,-7.960394223531087,-13.058683713277182,0.05395258582818011,0.07097114684681098,0.11803070207436879,0.06716005286822717,0.07993868901394308,0.20672590658068657,0.6442214449246725,1.0,0.5725508729616801,0.17108934558928013,0.07890196749940515,0.06427867089708646
0.5-0.5-0.75-0.0-0.5,0.010194612511744102,14733.333333333334,1886.9795796964481,0.008966772173607751,4270.751953125,-528.5074259440104,156.05752563476562,51.64883931477865,31.46072769165039,20.392798741658527,18.798083623250324,11.089294592539469,4.867775281270345,3.0229965845743814,4.760599454243978,6.010461807250977,6.158054749170939,4.652110417683919,0.9041925470034281,0.9303347071011862,0.959351122379303,0.980014443397522,0.9927481611569723,0.9663362900416056,0.8680063486099243,0.7882262865702311,0.744611382484436,0.7517620722452799,0.7894436717033386,0.8225069443384806
0.5-0.5-0.75-0.0-0.75,0.006675917810449998,463.5140382743327,4004.542113213114,0.010320057471593222,8785.546875,-397.6786295572917,92.92855707804362,-24.738560994466145,33.406493504842125,-20.786710103352863,7.19064728418986,-18.804139137268066,7.000900894403458,-10.307952562967936,4.764519373575847,-13.72029717763265,-5.7218319574991865,-11.89547348022461,0.2971287692586581,0.21923168624440828,0.20046800126632056,0.09128766568998496,0.08382941409945488,0.1614807608226935,0.19083180651068687,0.24425813338408867,0.350416053707401,0.5060971428950628,0.9376810590426127,0.5639704366525015
0.5-0.5-0.75-0.25-0.0,0.15845626592636108,22050.0,2136.618102670584,0.006876619934625221,4916.748046875,-211.07041676839194,154.5702133178711,5.127021789550781,18.682840665181477,20.184336980183918,10.817699432373047,12.731746832529703,13.652179718017578,5.06098739306132,7.249696969985962,3.2828711668650308,1.8726974725723267,5.623923619588216,0.8094839652379354,0.8133406639099121,0.9088380932807922,0.9548290371894836,0.9774009585380554,0.9921244978904724,0.9498845736185709,0.8811094164848328,0.8016302188237509,0.714522103468577,0.7007257143656412,0.7618072430292765
0.5-0.5-0.75-0.25-0.25,0.16395514955123267,14733.333333333334,2025.9993910262212,0.0016123397751168038,4665.52734375,-177.83304595947266,149.0981699625651,0.9113988876342773,39.461609522501625,4.2715433438618975,20.432995478312176,4.831533034642537,11.67029889424642,4.839689254760742,7.08767827351888,3.676229258378347,3.134634256362915,1.8361331621805828,0.7692099809646606,0.7753756244977316,0.799946149190267,0.8445329268773397,0.881148894627889,0.8475765784581503,0.8152313431104025,0.8096676667531332,0.8335309227307638,0.8122391104698181,0.7721901535987854,0.7904561161994934
0.5-0.5-0.75-0.25-0.5,0.09461341301600139,226.16258790188635,2424.2946242673547,0.0031859618611633778,5225.390625,-181.5957997639974,150.6037572224935,-12.432777563730875,27.335999806722004,-4.6917470296223955,14.08326530456543,-2.380911191304525,7.487438678741455,-4.038440823554993,3.658799489339193,-2.377865513165792,1.7846717834472656,-6.32914670308431,0.41478775938351947,0.27621124933163327,0.21463792274395624,0.16851024143397808,0.20412402103344598,0.3036685312787692,0.3681960701942444,0.4567248672246933,0.6180059611797333,0.8564423123995463,0.896774411201477,0.7406082550684611
0.5-0.5-0.75-0.25-0.75,0.077111658329765,538.647699085116,2992.4042814833288,0.004924791350883122,5950.341796875,-219.71633911132812,129.3766072591146,-47.23395951588949,41.570719401041664,-9.56746737162272,6.535236994425456,7.303711732228597,10.134243329366049,12.083710511525473,7.8937350908915205,-4.943599144617717,-4.151443958282471,-5.345457752545674,0.3521163749198119,0.45009757578372955,0.9479870994885763,0.3789604703585307,0.22254794960220656,0.19246228163441023,0.20442295571168265,0.2244011697669824,0.28006327524781227,0.46295549472173053,0.37639986847837764,0.3512861772129933
0.5-0.5-0.75-0.5-0.0,0.034883310397466026,8010.809923036508,973.5364124146778,0.00024056808941471294,1464.2578125,-481.4452718098958,153.81011454264322,13.068928817907969,23.094868977864582,13.26005760828654,13.60208241144816,16.545928796132404,18.84106381734212,22.370399475097656,23.069302558898926,18.80083115895589,6.5567522048950195,-5.33811887105306,0.5856903791427612,0.5763535698254904,0.6293975959221522,0.6804374605417252,0.7124424427747726,0.710756758848826,0.670448844631513,0.6036489307880402,0.5400986075401306,0.5057225972414017,0.6989031235376993,0.8530703186988831
0.5-0.5-0.75-0.5-0.25,0.018588578328490257,371.63725684382194,2358.054775125965,0.0027954701896912106,5354.58984375,-348.11903889973956,149.74990844726562,-17.43712584177653,37.04654057820638,-12.331982672214508,24.615739822387695,-2.0797508557637534,12.903013547261557,-7.890624165534973,7.703481674194336,-3.286091923713684,3.9807565410931907,-1.8386932412783306,0.522022103269895,0.5805778900782267,0.584926038980484,0.6185982177654902,0.6414004017909368,0.7267958223819733,0.8452062408129374,0.8674018383026123,0.7127164006233215,0.49618689219156903,0.45796774824460346,0.4708634714285533
0.5-0.5-0.75-0.5-0.5,0.2121423284212748,2693.9340954983204,2093.5402978717525,0.0009618384865461849,4098.486328125,-193.6930898030599,137.9175567626953,3.076061248779297,51.01462046305338,14.468791007995605,26.850482940673828,-0.8468681971232096,12.633750597635904,12.620410283406576,15.028712590535482,-7.553979317347209,-2.494446118672689,13.515591303507486,0.5738086650768915,0.6382564902305603,0.6810313761234283,0.7625370621681213,0.9899589419364929,0.7406988441944122,0.664285143216451,0.6526008148988088,0.6041616300741831,0.5567193279663721,0.5139120221138,0.5243040223916372
0.5-0.5-0.75-0.5-0.75,0.061049316078424454,301.52463872025004,3260.7967268265165,0.008738710156952342,7249.51171875,-169.82999674479166,129.01421101888022,-29.404149373372395,30.70246124267578,-22.456923802693684,15.101065953572592,-20.63599904378255,7.9638902346293134,-7.672779719034831,18.51696014404297,3.802624225616455,15.063075065612793,1.5946200291315715,0.3331909626722336,0.2689577142397563,0.2284343217809995,0.2929648607969284,0.23590687414010367,0.3340817739566167,0.538654237985611,0.5584983627001444,0.7783781389395396,0.6819045146306356,0.5130319197972616,0.41527443130811054
0.5-0.5-0.75-0.75-0.0,0.12678725520769754,1292.1907229340115,5446.153875654759,0.008378799965915581,10479.4921875,-173.2552235921224,29.134875297546387,-43.25284957885742,12.0302734375,-33.986568450927734,20.524574915568035,1.2378322680791218,32.91376749674479,-0.5439545313517252,1.394327958424886,-25.228689829508465,-3.763371308644613,9.245868364969889,0.018888385811199743,0.0071086441942801075,0.015181464531148473,0.2229423721631368,1.0,0.2106093466281891,0.01166426227428019,0.00843956150735418,0.01718237530440092,0.005078734985242288,0.016034088097512722,0.09226500305036704
0.5-0.5-0.75-0.75-0.25,0.005498538880298535,100.0,2123.204497641201,0.0018809671746566892,4766.015625,-488.4811706542969,154.14210510253906,-4.5144392649332685,40.97205924987793,-2.4938066800435386,22.30870755513509,-0.415027379989624,15.661538441975912,1.0279582142829895,9.001739978790283,0.932060718536377,6.182733535766602,1.673582911491394,0.49741001923878986,0.5134259959061941,0.6483179728190104,0.8050696055094401,0.9583408633867899,0.974102775255839,0.8999960819880167,0.8414496580759684,0.7379166086514791,0.6901023089885712,0.6316113670667013,0.5744002064069113
0.5-0.5-0.75-0.75-0.5,0.1898266077041626,14733.333333333334,1717.6065931561852,0.0011962954013142735,3416.6015625,-193.01211547851562,165.1017812093099,4.786609649658203,28.201038996378582,14.243659973144531,17.065795580546062,15.899320920308432,14.318044026692709,12.21783701578776,6.3976240158081055,4.149916013081868,2.5759472846984863,5.381922801335652,0.9463445742925009,0.937911331653595,0.9497629801432291,0.9462724328041077,0.9145968556404114,0.8684246937433878,0.8402237097422282,0.8471607168515524,0.8693986733754476,0.8846055666605631,0.9160690506299337,0.9234230518341064
0.5-0.5-0.75-0.75-0.75,0.0682806670665741,7417.173339178742,2065.1676284806103,0.002412681043400274,4342.529296875,-243.54637654622397,164.99002075195312,-10.185136328140894,34.71165211995443,10.128008723258972,14.850202242533365,9.2517728805542,8.77764081954956,7.166795412699382,5.740747451782227,5.753396193186442,4.0693535804748535,4.7511303424835205,0.8047180771827698,0.7560328841209412,0.8188795248667399,0.9000979860623678,0.9221495191256205,0.8337058424949646,0.8425296147664388,0.8549024860064188,0.8679346839586893,0.8753618796666464,0.8567380309104919,0.8370768030484518
0.5-0.75-0.0-0.0-0.0,0.1455166613062223,22050.0,2043.9868703098098,0.00172516282327706,4385.595703125,-225.1367645263672,142.54550170898438,10.736828645070394,31.027469635009766,8.326371332009634,18.982943852742512,7.672567844390869,13.309331893920898,8.667464256286621,10.329924901326498,6.701091448465983,4.902316252390544,3.436861594518026,0.9244371851285299,0.8955809275309244,0.8452845215797424,0.9033740162849426,0.9470501144727071,0.9217611153920492,0.842077394326528,0.7944804231325785,0.8018992940584818,0.7980562647183737,0.8043705821037292,0.8331920504570007
0.5-0.75-0.0-0.0-0.25,0.09186050295829773,22050.0,2241.4454369447444,0.0023450401107159755,5282.8125,-248.46801249186197,138.0121841430664,2.9773473739624023,34.30229187011719,5.191335042317708,20.290443420410156,5.408920049667358,12.498333613077799,4.485287805398305,8.14443063735962,4.418000380198161,6.964090665181478,6.1126322746276855,0.8159115513165792,0.8258918523788452,0.8867513736089071,0.9093001484870911,0.9487396677335104,0.9393669962882996,0.9527283708254496,0.9189759294191996,0.8277163505554199,0.8018494248390198,0.7470715840657552,0.7248395880063375
0.5-0.75-0.0-0.0-0.5,0.12812956174214682,228.29986046203885,2922.5038361140246,0.004118762211874127,6754.248046875,-131.56218719482422,131.25847625732422,-18.409080108006794,33.979312896728516,-9.062347730000814,22.362723032633465,-2.917605717976888,13.57605775197347,-1.9682878653208415,5.899006326993306,-3.6074023445447287,1.9580361445744832,-4.971605102221171,0.46850615243117016,0.29815653959910077,0.2187993029753367,0.13598045582572618,0.1492271622021993,0.2369514455397924,0.23828587184349695,0.32412903755903244,0.5719765325387319,0.8617828687032064,1.0,0.845838725566864
0.5-0.75-0.0-0.0-0.75,0.18335822721322378,551.8791136469944,3828.4201806980604,0.007133430258060495,8240.0390625,-99.39949035644531,93.18445332845052,-22.620282649993896,30.82649103800456,-20.6084779103597,15.686492602030436,-16.284984747568767,3.3788771629333496,-13.413730144500732,7.158154328664144,4.078461408615112,23.73136329650879,19.873477300008137,0.1675258701046308,0.15211373567581177,0.1333043008732299,0.19867006254692873,0.38750381022691727,1.0,0.7128604253133138,0.20047718038161597,0.1296701884518067,0.1258731552710136,0.12483867475142081,0.12031730869784951
0.5-0.75-0.0-0.25-0.0,0.06740269996225834,14733.333333333334,1980.4857802950785,0.0042904738807856835,4859.326171875,-400.5006408691406,124.41009521484375,46.496131896972656,39.55185317993164,25.226689020792644,19.390470504760742,14.976285934448242,13.830377896626791,12.541312535603842,11.315356413523356,9.415062427520752,7.84268315633138,6.637502511342366,0.9265692432721456,0.9395627578099569,0.9651259183883667,0.9918431838353475,1.0,0.9676027894020081,0.8954945604006449,0.858016312122345,0.8452138503392538,0.8421332438786825,0.8395187060038248,0.862423817316691
0.5-0.75-0.0-0.25-0.25,0.30341804027557373,7438.255328760414,2109.711962394344,0.0021386526544423154,4809.08203125,-137.0015080769857,150.77116902669272,3.0589383443196616,40.27033233642578,1.8468520840009053,26.121788024902344,4.012291193008423,17.781432151794434,2.297296682993571,8.335395495096842,0.30257972081502277,7.833092371622722,7.30534013112386,0.6886042753855387,0.71397997935613,0.7447410623232523,0.8135580619176229,0.8865220149358114,0.9677813847859701,0.8738222320874532,0.7877365946769714,0.7156230012575785,0.6335082252820333,0.6289804577827454,0.6716991066932678
0.5-0.75-0.0-0.25-0.5,0.014078239910304546,111.00908828936012,2610.029720812272,0.0033043927202622094,6136.962890625,-344.70465087890625,146.00829569498697,-12.035540719827017,43.316636403401695,-8.600445826848349,29.274129231770832,-4.486325899759929,16.978429476420086,-6.615744799375534,12.365149974822998,-2.043601393699646,7.808695952097575,-2.0188094774881997,0.7505554954210917,0.8049367666244507,0.8009562889734904,0.6778588195641836,0.6507122119267782,0.6978098551432291,0.809411903222402,0.8923606077829996,0.9552261233329773,0.8943148454030355,0.7122014959653219,0.705621063709259
0.5-0.75-0.0-0.25-0.75,0.15494110186894736,8186.973793685008,1691.8216591388161,0.0014751710148933246,3100.78125,-234.98552958170572,159.57811991373697,0.2635046641031901,36.09926096598307,7.038174947102864,12.60193125406901,23.609539031982422,20.26343599955241,22.459850947062176,7.3730471928914385,-0.9322411219278971,-4.086415926615397,2.939697027206421,0.5684290950496992,0.6381472299496332,0.7930362224578857,0.9973312815030416,0.7421905398368835,0.5854538679122925,0.5071310351292292,0.4760693510373433,0.46723323067029315,0.48575692375500995,0.48302218814690906,0.500802700718244
0.5-0.75-0.0-0.5-0.0,0.15481451153755188,22050.0,1547.0126200864252,0.0013110170718086515,3373.53515625,-373.91900634765625,126.25037892659505,48.220785776774086,42.441169102986656,30.636404673258465,27.112752278645832,22.727712631225586,18.57672119140625,12.619301478068033,7.543275197347005,4.321277141571045,3.8208144505818686,4.632128000259399,0.8696029583613077,0.8888818820317587,0.9041045109430949,0.9270023306210836,0.935665508111318,0.9110950032869974,0.8610150416692098,0.8305524984995524,0.787355641523997,0.7514438629150391,0.7340035438537598,0.7783970236778259
0.5-0.75-0.0-0.5-0.25,0.009334024662772814,209.36012870570718,1662.169524265538,0.0014810644230844143,3208.447265625,-435.19191487630206,187.3216552734375,-30.26764742533366,24.477152506510418,0.9799898465474447,8.056138356526693,5.521416664123535,5.029634217421214,2.408416305979093,1.3607872327168782,3.6517865359783173,0.4536505540211995,1.174723466237386,0.27531131605307263,0.2599841008583705,0.3349684923887253,0.4692278405030568,0.4376976042985916,0.4094809790452321,0.5149364819129308,0.7636269330978394,1.0,0.8167159159978231,0.468393474817276,0.33318161964416504
0.5-0.75-0.0-0.5-0.5,0.013319214029858509,14773.091415367237,1753.4096228614044,0.0021416444405986113,3904.6875,-512.6076965332031,173.36940256754556,21.295876185099285,15.912122368812561,18.010440826416016,11.532744407653809,10.663306872049967,10.287923177083334,6.7725474039713545,7.430052598317464,6.016358057657878,5.1474339962005615,5.4840348561604815,0.8366877635320028,0.8861159284909567,0.9409156640370687,0.9792260130246481,1.0,0.9853967825571696,0.9405565857887268,0.9116031924883524,0.8720266819000244,0.832790732383728,0.7895125349362692,0.7683905164400736
0.5-0.75-0.0-0.5-0.75,0.02942900701115529,22050.0,1653.2891348727615,0.00038697933390115696,3072.0703125,-465.17417399088544,141.20746866861978,11.227282842000326,31.322492599487305,8.030022303263346,20.796273549397785,7.0335032145182295,14.28471310933431,5.601864417394002,10.27174154917399,4.848944505055745,7.89270559946696,4.563407063484192,0.7497966488202413,0.8229421377182007,0.8849606116612753,0.949966569741567,0.9985470771789551,0.9921761751174927,0.9331101179122925,0.865739107131958,0.8082325061162313,0.749849279721578,0.6757160425186157,0.6546256939570109
0.5-0.75-0.0-0.75-0.0,0.09420741597811381,22050.0,1874.2209915421888,0.000537219321510444,4012.353515625,-285.9362436930339,139.64053344726562,5.521856943766276,34.7479445139567,5.045601050059001,21.498226801554363,4.90870730082194,14.255004247029623,4.6025458971659345,9.8329226175944,4.292260607083638,7.2611134847005205,4.179820751150449,0.8694906632105509,0.912589450677236,0.9478077292442322,0.9668760498364767,0.9748196403185526,0.9829224745432535,0.9625134269396464,0.9329724311828613,0.8971046209335327,0.8630633552869161,0.7933587431907654,0.7762585679690043
0.5-0.75-0.0-0.75-0.25,0.12582219888766608,171.01032805662558,2760.463422315967,0.0038345466212679944,6546.09375,-122.81901041666667,145.89749145507812,-14.536774635314941,43.07887268066406,-13.375357945760092,27.614233652750652,-11.343509515126547,14.904704093933105,-10.379411379496256,11.074882507324219,-6.664046923319499,9.416037241617838,0.7716978788375854,0.579497754573822,0.4819072236617406,0.4938083589076996,0.561195840438207,0.7668877144654592,0.8820665876070658,0.811130146185557,0.7384260892868042,0.6588148077329,0.6367448021968206,0.610017309586207,0.6764028271039327
0.5-0.75-0.0-0.75-0.5,0.05731288529932499,100.0,927.2261138588707,0.0002520378939910491,1378.125,-385.1476338704427,202.53846232096353,7.987428029378255,26.687599817911785,17.058460235595703,14.218816757202148,10.66610050201416,9.40928586324056,6.372669219970703,6.774511655171712,4.456324100494385,4.50174355506897,3.2987053394317627,0.8471670349438986,0.8591349919637045,0.8527537186940511,0.8722851077715555,0.9265602032343546,0.9384686350822449,0.904868463675181,0.9327805836995443,0.9391889373461405,0.9445375800132751,0.9016928871472677,0.8526155551274618
0.5-0.75-0.0-0.75-0.75,0.07306940108537674,791.7117488841926,4357.443849408694,0.006903465643214683,9151.611328125,-195.65433756510416,69.03171666463216,-36.11463483174642,34.810723622639976,-29.051324208577473,17.510181427001953,-25.584749857584637,7.497067133585612,-9.434072971343994,23.880992889404297,14.896565755208334,31.60723622639974,9.499106566111246,0.04349950196531912,0.10867186759908994,0.15308912470936775,0.045341021846979856,0.0722723314538598,0.19631020103891691,0.7762587269147238,0.9600805640220642,0.22231036672989526,0.08024994982406497,0.05966501651952664,0.058175926096737385
0.5-0.75-0.25-0.0-0.0,0.041126287231842674,3882.317732783516,3629.568254359456,0.006523478853826721,8046.240234375,-260.9395243326823,113.16961924235027,-9.43074862162272,46.45517349243164,-0.8047826786835989,25.119843165079754,-1.3509375254313152,31.485577901204426,10.194411913553873,4.8125588695208235,4.615122963984807,15.92209529876709,-13.457966168721518,0.7610926032066345,0.7254857420921326,0.7139259179433187,0.7081358631451925,0.6877029140790304,0.6667896509170532,0.6073762973149618,0.6007851163546244,0.6085741718610128,0.6664643883705139,0.8541423678398132,1.0
0.5-0.75-0.25-0.0-0.25,0.014905155325929323,532.455117959248,2250.3487454959873,0.0062536892025188235,4464.55078125,-391.1610412597656,162.05536397298178,-17.526859760284424,33.21961911519369,7.340598901112874,15.38671080271403,11.681090513865152,13.903502782185873,8.10294500986735,0.4388891855875651,-4.007862329483032,3.706782042980194,14.118894577026367,0.7597343325614929,0.7168549299240112,0.7895066936810812,0.8177217443784078,0.9866517186164856,0.9466964999834696,0.6169883112112681,0.6142861048380533,0.7146148383617401,0.7630199591318766,0.7828740874926249,0.782149076461792
0.5-0.75-0.25-0.0-0.5,0.08365817740559578,19358.75518436154,1519.2004382636535,0.001051601476218374,3466.845703125,-370.7301432291667,114.99380493164062,24.44755474726359,38.50139300028483,20.541435559590656,21.701581319173176,15.378170331319174,10.821391741434732,11.288052558898926,5.244802474975586,9.323209444681803,3.932485739390055,8.70201333363851,0.7927152117093405,0.8501129349072775,0.9135046998659769,0.964513917764028,0.998012642065684,0.9941092729568481,0.9509850740432739,0.9072738289833069,0.8571164210637411,0.8010862072308859,0.7393590410550436,0.7141441106796265
0.5-0.75-0.25-0.0-0.75,0.1404773915807406,633.5107370375196,3771.2328343700624,0.010008132085204124,8031.884765625,-103.69169616699219,98.65039825439453,-40.581603368123375,29.874005953470867,-18.357351938883465,21.37267303466797,-12.823304335276285,8.301375230153402,-12.455682595570883,8.097050031026205,-0.025690237681070965,20.670786539713543,18.734577178955078,0.0686564954618613,0.14938451598087946,0.2916252613067627,0.7370965331792831,0.5908479491869608,0.4001530259847641,0.3784193272391955,0.19141909728447595,0.06375365518033504,0.07515313973029454,0.16780928273995718,0.11643805354833603
0.5-0.75-0.25-0.25-0.0,0.09385700151324272,7772.818103742473,2637.792234228595,0.004632704328590383,6223.095703125,-251.82642364501953,127.87136840820312,3.363056461016337,24.653170903523762,-2.2208210627237954,12.258262634277344,1.6955509583155315,9.18170134226481,1.984714150428772,3.699474334716797,3.414335389931997,8.713085492451986,13.714707692464193,0.5667450626691183,0.6658546229203542,0.8079702655474345,0.9789705077807108,0.9883336822191874,0.8598841627438863,0.7433690925439199,0.6496123721202215,0.5741866181294123,0.5294947177171707,0.49761347969373065,0.47622958819071454
0.5-0.75-0.25-0.25-0.25,0.06039112930496534,308.7155917736049,3187.174767226792,0.006911869122025867,6998.291015625,-212.4356689453125,111.8230463663737,-30.638046264648438,46.51130676269531,-18.152790387471516,8.568119843800863,-18.388694127400715,-0.5669395526250204,-8.80084486802419,5.3533196449279785,-3.0090223948160806,-1.4603838920593262,-9.07858113447825,0.07280259082714717,0.1772441491484642,0.430265337228775,1.0,0.6256051659584045,0.16980635250608125,0.05673404332871238,0.048876956570893526,0.03619822316492597,0.08053102840979894,0.30746912956237793,0.15316221366326013
0.5-0.75-0.25-0.25-0.5,0.025220582572122414,364.1521186043248,3098.7447654655566,0.007726324101289113,6660.9375,-255.06201171875,135.60965983072916,-34.26298395792643,19.274791717529297,-12.906742254892984,20.76719919840495,-9.897597193717957,-0.6342350641886393,-3.205516755580902,4.788358132044475,-8.439732074737549,12.476086298624674,7.879838784535726,0.21849425633748373,0.21683177972833315,0.37799883882204693,1.0,0.6716032922267914,0.37340620035926503,0.32741471628348034,0.23492543896039328,0.19563820709784827,0.23075092087189356,0.3010023236274719,0.24391257762908936
0.5-0.75-0.25-0.25-0.75,0.011671324570973715,475.25136809738734,2826.725027842974,0.005383283132687211,6682.470703125,-359.9361165364583,140.3069051106771,-11.510286251703898,36.782633463541664,-8.000713467597961,25.03635009129842,-8.380817413330078,10.507782558600107,-5.711588700612386,9.773809909820557,-5.46125332514445,10.948718388875326,8.450339317321777,0.38476712505022687,0.45554771025975543,0.576333612203598,0.9769738713900248,0.8730873068173727,0.6707747379938761,0.504503091176351,0.41245683034261066,0.3744669755299886,0.3479546805222829,0.3534748653570811,0.33661892513434094
0.5-0.75-0.25-0.5-0.0,0.14173486083745956,123.14071154281145,2231.545519665872,0.01216013053393302,4938.28125,-160.07269541422525,171.8196258544922,-12.413208981355032,28.7311913172404,1.6851946512858074,15.933310826619467,9.02735185623169,6.140052835146586,1.986102819442749,6.436732689539592,3.2129687468210855,0.14954650402069092,4.160619735717773,0.8060925602912903,0.8358562588691711,0.8548202117284139,0.8640879988670349,0.8106371760368347,0.7284620801607767,0.5926697055498759,0.4685724178949992,0.4910978674888611,0.5911238292853037,0.6751936276753744,0.7223174373308817
0.5-0.75-0.25-0.5-0.25,0.1646559238433838,164.56199550407425,2345.6389963940032,0.0027354149303088584,5376.123046875,-151.0448760986328,143.35078938802084,-2.6579952239990234,39.70937983194987,2.128397067387899,23.800378163655598,3.199630762139956,15.77264658610026,2.3631293376286826,10.163859049479166,1.725774884223938,6.777018706003825,1.7959488431612651,0.8149521946907043,0.8437303702036539,0.8965654969215393,0.9540295600891113,0.9078606367111206,0.8173941969871521,0.6838398973147074,0.6585497657457987,0.6557977199554443,0.7348151206970215,0.746277372042338,0.7879927158355713
0.5-0.75-0.25-0.5-0.5,0.2391956796248754,22050.0,2668.9323430587756,0.0043168048541701864,6373.828125,-145.69839223225912,142.81686401367188,-7.209094365437825,31.245203018188477,15.110898653666178,12.90330982208252,12.592960357666016,10.643367131551107,7.947454770406087,8.55440123875936,6.35504945119222,5.844451109568278,6.300380706787109,0.8481107751528422,0.8889821171760559,0.9346645474433899,0.9685002565383911,0.9821039040883383,0.9554999470710754,0.9041192332903544,0.8585663835207621,0.8290892243385315,0.8025143543879191,0.7688496311505636,0.768032968044281
0.5-0.75-0.25-0.5-0.75,0.05154300310338537,22050.0,2141.4429392310008,0.0035154051391235916,5376.123046875,-393.45482381184894,155.3990020751953,36.60342661539713,14.40330038468043,13.708659489949545,14.330429712931315,9.813875516255697,7.758043924967448,8.509780089060465,6.441494941711426,5.180574735005696,5.506044705708821,4.908700784047444,0.893776516119639,0.9303268194198608,0.9501074949900309,0.9538805286089579,0.9390012423197428,0.9372872710227966,0.9170471429824829,0.900637666384379,0.8764278690020243,0.8660623629887899,0.8160669803619385,0.8046496907869974
0.5-0.75-0.25-0.75-0.0,0.10694696009159088,251.12225432252777,2976.5470202156444,0.006790400172273318,6546.09375,-116.99898020426433,138.6358642578125,-26.195070266723633,25.99358876546224,-9.557118733723959,23.723674774169922,-9.943807601928711,10.14734172821045,-5.368692239125569,9.589757283528646,-2.710709889729818,2.6651605864365897,-4.449104070663452,0.910904069741567,0.6169804036617279,0.4312676091988881,0.37982771794001263,0.2632048726081848,0.2312752107779185,0.6124792695045471,0.706679125626882,0.6128312349319458,0.7697293361028036,0.8947082161903381,0.9094436367352804
0.5-0.75-0.25-0.75-0.25,0.06768773620327313,108.62677582946111,2799.074118587483,0.005246540841956933,6409.716796875,-184.5290985107422,141.09246317545572,-14.214857260386148,38.22491582234701,-9.744226813316345,19.968815167744953,-7.854502002398173,13.711060206095377,-1.4886080423990886,10.834263801574707,2.202686826388041,10.091096858183542,1.794940968354543,0.7567641039689382,0.7237420777479807,0.6233997344970703,0.524113267660141,0.5537629624207815,0.6405659715334574,0.6960806051890055,0.7718342940012614,0.8478524684906006,0.7676850159962972,0.6631806691487631,0.6895047426223755
0.5-0.75-0.25-0.75-0.5,0.1549594725171725,1020.1553686704327,2300.1582765142143,0.0015036151550399761,4378.41796875,-180.59845479329428,141.34994506835938,-17.680052439371746,26.349209835131962,-2.8513070742289224,12.367808024088541,3.069570223490397,6.95883830388387,-1.6958809693654378,2.507629076639811,-0.7808995246887207,4.529818137486775,1.6819653511047363,0.49796586235364276,0.8998702168464661,0.6115068892637888,0.3771165460348129,0.37059791137774784,0.3983505107462406,0.35650335997343063,0.3712300583720207,0.40533796201149624,0.2941911419232686,0.25097333701948327,0.26361410071452457
0.5-0.75-0.25-0.75-0.75,0.01472728435570995,22050.0,2121.665991008784,0.00403238207703301,4593.75,-439.2657979329427,151.0673828125,9.43155845006307,27.741934458414715,1.8830897013346355,23.398418426513672,8.886104583740234,4.958514372507731,8.850059032440186,8.7772749265035,2.997790495554606,8.220506032307943,-1.2190464337666829,0.9381524721781412,0.9329665899276733,0.925589402516683,0.9519410133361816,0.9859082698822021,0.9781283736228943,0.9247081478436788,0.9183802803357443,0.8908995389938354,0.8555537064870199,0.8511893550554911,0.8712950944900513
0.5-0.75-0.5-0.0-0.0,0.04345140606164932,7435.319706389183,2013.457832021238,0.0035151735889182114,4263.57421875,-274.88365681966144,172.22623697916666,-13.174274365107218,33.794952710469566,-2.7481181621551514,14.831823348999023,-0.8113803068796793,7.741054058074951,-5.1548506418863935,0.8827134768168131,2.4251096645991006,11.34370501836141,5.187324603398641,0.8346508344014486,0.8078377445538839,0.8948904871940613,0.9587334394454956,0.979211171468099,0.9197513659795126,0.8055563569068909,0.8039419452349345,0.7723243435223898,0.7292433977127075,0.7417753537495931,0.8322312235832214
0.5-0.75-0.5-0.0-0.25,0.025687660401066143,22050.0,1315.457609558992,0.0006064547338775483,2555.2734375,-528.9412333170573,106.97708638509114,34.90036710103353,34.771615982055664,25.63661766052246,22.013813018798828,17.20156733194987,14.571865717569986,12.294697761535645,11.316643555959066,10.617238362630209,10.381731669108072,9.984593073527018,0.7650342384974161,0.8373383482297262,0.9057356119155884,0.9632773598035177,0.998954693476359,0.9918699065844218,0.9404577016830444,0.8822067975997925,0.8190438151359558,0.7560283144315084,0.6931180556615194,0.6714294155438741
0.5-0.75-0.5-0.0-0.5,0.23434121906757355,22050.0,1901.5381495185204,0.0009042384432783971,4091.30859375,-170.75904846191406,144.38980611165366,2.0463958581288657,40.330865224202476,2.800713300704956,24.76354217529297,2.4376260340213776,16.00916862487793,2.4822104771931968,10.690814654032389,2.5005348523457847,7.597115834554036,2.6349697510401406,0.8975433707237244,0.8942907849947611,0.8930986722310384,0.8968995412190756,0.8698950211207072,0.8347132007280985,0.81795201698939,0.8307273586591085,0.7849365870157877,0.7606714963912964,0.76491912206014,0.8035233616828918
0.5-0.75-0.5-0.0-0.75,0.02926254893342654,22050.0,2047.0945705751146,0.003988955805101095,5153.61328125,-462.5826924641927,103.08531951904297,31.474449157714844,32.0378049214681,23.65072186787923,20.653221766153973,16.21625328063965,13.665313720703125,11.207438627878824,9.889221668243408,8.81663433710734,8.288956642150879,7.7524363199869795,0.8391972978909811,0.8832918405532837,0.9340758919715881,0.9730791648228964,0.9993520180384318,0.9911457498868307,0.9505497415860494,0.9162925680478414,0.8776698708534241,0.8365000287691752,0.7900178631146749,0.7717285553614298
0.5-0.75-0.5-0.25-0.0,0.09553078313668568,14733.333333333334,1667.3064939819653,0.003249578453202654,3696.533203125,-254.7638142903646,189.58594512939453,3.2740961710611978,24.02567990620931,16.70840072631836,10.01351261138916,9.546174844106039,5.9238362312316895,7.153636296590169,4.5940070152282715,4.98535402615865,4.4946097532908125,3.9754153887430825,0.9294857184092203,0.9204092820485433,0.9003212253252665,0.9167139530181885,0.9037188490231832,0.8587585091590881,0.739439050356547,0.6906901597976685,0.7838921944300333,0.8562601010004679,0.8726723392804464,0.8727930784225464
0.5-0.75-0.5-0.25-0.25,0.11199257522821426,175.17855390341288,3136.1211724198815,0.006835215414563815,7464.84375,-139.6025822957357,123.45399983723958,-13.806849161783854,29.37303288777669,-1.5639917453130086,22.845802942911785,-0.9156457185745239,11.109498818715414,-2.2364423672358194,6.243683576583862,0.7937813599904379,5.631590843200684,-1.6224556006491184,0.4598272467652957,0.45402942846218747,0.46861883997917175,0.5679975003004074,0.8091907898585001,0.9571742216746012,0.8147656718889872,0.5981052219867706,0.42278436323006946,0.3659842312335968,0.33700041100382805,0.3774646433691184
0.5-0.75-0.5-0.25-0.5,0.09682019054889679,781.3684559063599,3570.2790420855417,0.007990466818834344,7780.6640625,-160.2245127360026,102.9063720703125,-23.963302612304688,27.160846710205078,-25.598732948303223,7.605512460072835,-17.734852472941082,7.376075943311055,0.1124570369720459,16.330578327178955,16.2561461130778,29.26208750406901,18.77180512746175,0.052552364145716034,0.08298868065079053,0.06065415218472481,0.06940999751289685,0.12015759324034055,0.3365665227174759,0.6829634147385756,0.3503202175100644,0.25636475284894306,0.41171171764532727,0.18251854181289673,0.05804970363775889
0.5-0.75-0.5-0.25-0.75,0.05511382967233658,206.97761002130724,2217.19365515075,0.0018141028316070635,5081.8359375,-229.3364512125651,159.13182067871094,-13.814377466837565,31.082318623860676,-20.774842580159504,16.674254099527996,3.1342801253000894,6.165578881899516,-7.293126026789348,9.31307856241862,-5.58910612265269,-0.04251758257548014,-7.305983066558838,0.29535768429438275,0.2632123604416847,0.2731442339718342,0.3731196348865827,0.3101335068543752,0.2508690444131692,0.31541785101095837,0.5727850993474325,0.9086538751920065,0.8131304184595743,0.47315043210983276,0.326767069598039
0.5-0.75-0.5-0.5-0.0,0.07746229693293571,202.47592907658324,2873.641897698581,0.004960193065926433,6747.0703125,-158.26707458496094,143.22813415527344,-16.218102773030598,43.207069396972656,-12.809557437896729,26.91823450724284,-12.65802033742269,13.627124150594076,-8.390912055969238,13.122512181599935,-5.156481107076009,7.461633404095967,-6.381518920262654,0.7914469440778097,0.6427609423796335,0.5114619334538778,0.4896065791447957,0.43078334132830304,0.3607832193374634,0.461210697889328,0.7164586186408997,0.803430825471878,0.7565400004386902,0.6914972364902496,0.743083248535792
0.5-0.75-0.5-0.5-0.25,0.20641994973023733,3044.3704862683076,4508.7446569442445,0.01203493153055509,9417.1875,-82.46398671468098,84.49399185180664,-14.119897524515787,45.226080576578774,12.392828305562338,20.72936737537384,-8.848715623219809,25.044762929280598,16.388766288757324,9.000186920166016,-16.31704807281494,13.306589444478353,9.11156956354777,0.4365532621741295,0.42074396709601086,0.43511201441287994,0.4203774631023407,0.39606402566035587,0.41437899072964984,0.8377874493598938,0.9414075613021851,0.4730895310640335,0.37091876814762753,0.4025941441456477,0.4480227008461952
0.5-0.75-0.5-0.5-0.5,0.1085665871699651,14733.333333333334,2609.6776877109633,0.0034643566080679498,6359.47265625,-203.3889923095703,133.8859125773112,5.989748954772949,34.078267415364586,5.325815836588542,20.484888076782227,4.7683037122090655,13.332276662190756,4.256768147150676,9.170485973358154,4.038072963555654,7.089752833048503,4.25423800945282,0.773638000090917,0.8050981163978577,0.9016043543815613,0.9384186466534933,0.9537269473075867,0.9162209232648214,0.8104239106178284,0.7434352437655131,0.6988745331764221,0.6970187226931254,0.7230336368083954,0.7374219298362732
0.5-0.75-0.5-0.5-0.75,0.004457668459508568,11693.372502443994,4809.02853351416,0.013124498073011637,9194.677734375,-532.230214436849,84.89911778767903,4.6430314381917315,42.13147735595703,5.712585051854451,19.64593251546224,-7.558475494384766,14.082512855529785,12.926215807596842,7.0932533740997314,-3.556995709737142,12.034154891967773,8.348760922749838,0.42328084632754326,0.5600494047005972,0.8684637745221456,0.4892362306515376,0.5154667869210243,0.5580111195643743,0.714289794365565,0.8283458352088928,0.5854750871658325,0.5323775137464205,0.49493978048364323,0.46010874956846237
0.5-0.75-0.5-0.75-0.0,0.17483758429686228,243.50348274835005,3678.8212546055133,0.011612978453437487,8254.39453125,-44.92100461324056,120.99471028645833,-27.592572530110676,46.31002553304037,-12.19336724281311,25.861247380574543,-20.021682103474934,17.177474975585938,-4.465614557266235,0.9293126265207926,-14.969345092773438,8.6633669535319,-9.454785664876303,0.4404389560222626,0.5898916522661845,0.8236284852027893,0.5984020431836446,0.4965769151846568,0.4508187572161357,0.3735763380924861,0.33962764342625934,0.47017363210519153,0.4951968491077423,0.36727402607599896,0.339774211247762
0.5-0.75-0.5-0.75-0.25,0.11333134522040685,171.8636468495216,2422.2308607442346,0.004085703209663431,5383.30078125,-140.99242401123047,152.81890869140625,-10.768086036046347,39.723822911580406,-3.3364870908359685,18.889031092325848,-2.952894369761149,8.267014185587565,-5.108728249867757,5.794298807779948,-6.531551996866862,1.8285246690114338,-6.900238672892253,0.7164681156476339,0.7105366587638855,0.7995335459709167,0.7555959324042002,0.7399724125862122,0.7946829597155253,0.7820736567179362,0.7065076430638632,0.7594212094942728,0.8423255681991577,0.7460798819859823,0.7531465788682302
0.5-0.75-0.5-0.75-0.5,0.027740484103560448,151.64784450249277,3730.872754496721,0.021342186878124874,8175.439453125,-212.95369974772134,122.77332560221355,-29.035898844401043,29.022057851155598,-22.137038548787434,16.644986470540363,-8.727093249559402,12.208053906758627,-12.765143712361654,-3.701404651006063,-11.593083699544271,3.4139159520467124,0.2397313117980957,0.6936268011728922,0.5445875028769175,0.38690461218357086,0.3941279153029124,0.6745185057322184,0.7921687165896097,0.7062245706717173,0.5706180731455485,0.4757734735806783,0.47802142302195233,0.563653697570165,0.7092547416687012
0.5-0.75-0.5-0.75-0.75,0.10837272306283315,430.29229685910224,2939.664635660041,0.005987314584975441,6682.470703125,-131.7327143351237,139.41514587402344,-21.156471252441406,41.87431844075521,-14.344383398691813,19.415122032165527,-6.77421506245931,20.700052897135418,9.147674878438314,21.7244815826416,1.182496468226115,0.06895013153553009,-10.324832598368326,0.9554569919904073,0.9174305001894633,0.7737074891726176,0.6723785797754923,0.6760418812433878,0.6838941673437754,0.6687605679035187,0.6842087308565775,0.6553518374760946,0.5933999319871267,0.6118898789087931,0.8054386973381042
0.5-0.75-0.75-0.0-0.0,0.004870624902347724,283.6179252437676,2147.5127633088205,0.0040727772866375744,4170.263671875,-442.93621826171875,183.36758931477866,-45.80358759562174,35.501443227132164,-5.896384288867314,11.573017438252768,-5.932368675867717,1.0615872144699097,-1.545965274175008,6.692698160807292,3.796231190363566,5.68842347462972,-1.6049830913543701,0.6895323097705841,0.8243611554304758,0.8015432953834534,0.7650968035062155,0.6628029346466064,0.549025684595108,0.3756872018178304,0.31494203209877014,0.5669327974319458,0.7330087820688883,0.5164768894513448,0.49151138464609784
0.5-0.75-0.75-0.0-0.25,0.007042596737543742,14733.333333333334,1662.9333887249838,0.0022356791797205253,3596.044921875,-584.6466878255209,164.22111002604166,57.161316553751625,33.32368024190267,20.392032941182453,19.906609217325848,14.164586067199707,8.502306938171387,5.681158145268758,5.402844429016113,4.097690105438232,2.9427297910054526,2.968827486038208,0.8935765226682028,0.8790061473846436,0.8447272578875223,0.8400419553120931,0.8479992349942526,0.8351536790529887,0.7953075766563416,0.8209956089655558,0.8641203045845032,0.897657056649526,0.8842722773551941,0.8691540757815043
0.5-0.75-0.75-0.0-0.5,0.0749274914463361,2189.403411364445,7339.991735606483,0.008451746039402982,12482.080078125,-236.58008829752603,0.34744803110758465,-26.342795689900715,35.332942962646484,-23.525895436604817,26.77780596415202,-2.551107406616211,3.36953341960907,-14.796307881673178,9.612379550933838,-14.66305685043335,19.963074684143066,1.1841695308685303,0.008773728894690672,0.005933436642711361,0.026203327501813572,0.016890828187266987,0.008164751343429089,0.011395575478672981,0.019250195783873398,0.3800875047842662,1.0,0.10382944842179616,0.018341683472196262,0.0067119957723965245
0.5-0.75-0.75-0.0-0.75,0.12771017104387283,590.6134610880563,3115.939474291179,0.0072926064021885395,7005.46875,-104.04518636067708,133.93069966634116,-29.136734008789062,29.756932576497395,-19.472227732340496,20.333230018615723,-12.652042706807455,11.398701032002768,-10.219997723897299,4.322820544242859,-10.264774004618326,4.236378351847331,5.6982981363932295,0.4291928708553314,0.8176270922025045,0.9468226234118143,0.9468667507171631,0.5708253085613251,0.2992454469203949,0.20187695821126303,0.16906623045603433,0.1590204487244288,0.14425643036762872,0.20360945910215378,0.30221610764662427
0.5-0.75-0.75-0.25-0.0,0.19386724630991617,257.35688388593525,2479.214456171132,0.003711144575693955,5462.255859375,-101.79085795084636,147.82955423990884,-9.995126565297445,31.44426663716634,1.2675707737604778,22.199615478515625,-5.7359005610148115,5.801661769549052,-1.8819406827290852,7.425485531489055,1.3473336696624756,10.683466275533041,2.9780041376749673,0.7070048252741495,0.7654661933581034,0.9076792001724243,0.7554401159286499,0.788744588692983,0.7819262544314066,0.631716231505076,0.6634930074214935,0.7190710306167603,0.7068967819213867,0.6277656555175781,0.63634059826533
0.5-0.75-0.75-0.25-0.25,0.19220555822054544,724.8162992959464,3685.8736296321354,0.012920918952052792,8118.017578125,-60.871864318847656,107.65527852376302,-33.88720814387003,27.677818298339844,-11.453811327616373,16.914811770121258,-9.646772543589273,16.224828004837036,12.411519368489584,25.90616226196289,10.748927434285482,4.827582041422526,-7.776467442512512,0.5730946759382883,0.27608785529931384,0.33428222437699634,0.29387343923250836,0.25951672345399857,0.2656785001357396,0.284529281159242,0.3442939519882202,0.28666257858276367,0.2565205047527949,0.4468940993150075,1.0
0.5-0.75-0.75-0.25-0.5,0.09590829163789749,277.56918709955886,3089.1243354837857,0.008761769315848747,6811.669921875,-133.85232543945312,133.7263387044271,-22.526893615722656,32.35874811808268,-10.255513588587442,16.496446927388508,-4.478443741798401,10.688822746276855,-4.883180161317189,8.069310744603476,-2.798285802205404,2.4415404399236045,-1.27308185895284,0.7529280881086985,0.6078795691331228,0.5230736335118612,0.5183280656735102,0.3570841948191325,0.2427248681584994,0.3055708905061086,0.33178507288297016,0.26532835761706036,0.31199441353480023,0.4150235454241435,0.5277133136987686
0.5-0.75-0.75-0.25-0.75,0.20306302110354105,126.17310125719166,2068.4436961389306,0.0013741697960843642,4715.771484375,-140.5340372721354,148.88912963867188,0.5233709812164307,43.66521962483724,1.2552738189697266,25.9685115814209,1.1899507443110149,19.609145482381184,5.213379939397176,9.629261016845703,-3.3881672620773315,-0.13308199246724448,-3.7973889112472534,0.8274118701616923,0.8067050079504648,0.8213075200716654,0.8276908993721008,0.797424296538035,0.7578705747922262,0.8218780358632406,0.8840981721878052,0.8787557482719421,0.8553985357284546,0.8305374979972839,0.8255881071090698
0.5-0.75-0.75-0.5-0.0,0.10205720365047455,130.5530697122043,2183.5185127561645,0.0019409937085583806,4873.681640625,-167.77484639485678,157.66151428222656,-10.613279183705648,45.26899337768555,-5.036490122477214,27.312442779541016,-4.835059483846028,12.96171506245931,-5.226677894592285,9.853227774302164,0.33683347702026367,9.464877764383951,-0.39701221386591595,0.6282968074083328,0.5069903383652369,0.5347184042135874,0.658394475777944,0.7695050835609436,0.8771984179814657,0.8945661783218384,0.9241771499315897,0.8493255972862244,0.8283634980519613,0.7547134955724081,0.6820365786552429
0.5-0.75-0.75-0.5-0.25,0.043949779123067856,14858.173410974581,993.3158335473057,0.00012864478291400397,1751.3671875,-406.1427408854167,195.25926208496094,16.08316973845164,38.4121208190918,11.640075246493021,10.207684675852457,3.3007505734761557,3.8276084264119468,4.672126928965251,5.9821092287699384,6.599249362945557,4.185111204783122,4.368990182876587,0.8813254634539286,0.8734743992487589,0.8981327613194784,0.9110891421635946,0.8304092288017273,0.7703951795895895,0.7425673206647238,0.6510743200778961,0.6038333177566528,0.6373357176780701,0.7019632260004679,0.779121458530426
0.5-0.75-0.75-0.5-0.5,0.18279853463172913,133.00693748053868,2662.8050393315643,0.004544732936968406,6258.984375,-91.4692153930664,145.7251942952474,-10.164368708928427,43.9335568745931,-5.16287899017334,28.019791920979817,-5.968658844629924,13.680586179097494,-9.00399907430013,4.0406574010849,-10.223440408706665,2.060262123743693,-3.7227201660474143,0.829900880654653,0.7889297803243002,0.7170276045799255,0.6796168188254038,0.620149701833725,0.6212406555811564,0.5912296970685323,0.6457952211300532,0.6966544489065806,0.679882158835729,0.6505708396434784,0.7659017244974772
0.5-0.75-0.75-0.5-0.75,0.019216933598121006,22050.0,1861.4771303717216,0.0028266441011508916,4529.150390625,-518.9408671061198,107.7376225789388,34.12657483418783,32.189440409342446,21.675525029500324,17.576008478800457,13.251418749491373,11.73349698384603,10.640212217966715,10.424969037373861,9.847068468729654,9.206489086151123,8.222858746846518,0.8061577876408895,0.8618953426678976,0.9212340712547302,0.9682007630666097,0.9980362057685852,0.9933965802192688,0.9553117752075195,0.9155494372049967,0.8681991100311279,0.8141385118166605,0.7540502150853475,0.7290134231249491
0.5-0.75-0.75-0.75-0.0,0.14428701003392538,115.33455612910889,1253.7323113301084,0.0010085106999516331,1665.234375,-246.443603515625,205.20333353678384,24.222702344258625,19.300711631774902,18.01957098642985,10.301301638285318,9.737426122029623,5.765704313913981,3.4626733859380088,3.7066264152526855,2.9550561904907227,5.05888827641805,3.75577449798584,0.7837173442045847,0.6919548809528351,0.6145265301068624,0.603525330622991,0.6471768021583557,0.5787814259529114,0.5492316981156667,0.6929174363613129,0.7888872424761454,0.8711195985476176,0.8086082935333252,0.7738529443740845
0.5-0.75-0.75-0.75-0.25,0.07516031339764595,100.0,1442.7322089293102,0.0014741970242890072,2670.1171875,-307.69407145182294,188.78378295898438,25.317138671875,13.393531481424967,19.512793858846027,13.965150833129883,9.869274457295736,10.022541840871176,6.629664262135823,6.860533555348714,6.368107000986735,4.782052993774414,4.729149500528972,0.8320160905520121,0.7762581507364908,0.7508339285850525,0.7056337396303812,0.6680116057395935,0.6786012450853983,0.6597944895426432,0.656610369682312,0.6840597490469614,0.6971923212210337,0.7680370211601257,0.8224623401959738
0.5-0.75-0.75-0.75-0.5,0.015208217160155376,14792.274945174848,1983.4444514937788,0.0028021153909018417,4514.794921875,-437.7935791015625,165.67699432373047,-6.6993674437205,31.99347432454427,11.453184763590494,13.346739451090494,9.886391639709473,8.60378646850586,7.357785224914551,5.526670932769775,6.110450744628906,4.097528457641602,5.160152435302734,0.942474881807963,0.9450694719950358,0.9809437990188599,0.950179934501648,0.9179974794387817,0.8714624643325806,0.8491840958595276,0.8743758797645569,0.9009885787963867,0.8899408380190531,0.862274169921875,0.8870202898979187
0.5-0.75-0.75-0.75-0.75,0.018794503062963486,114.10370203779378,2758.009779772596,0.004317247774451971,6503.02734375,-323.7110188802083,140.4588877360026,-8.188560326894125,39.54160944620768,-7.358091980218887,22.381812413533527,-3.405189355214437,16.04329554239909,-1.1978749632835388,8.403635183970133,-1.7055857876936595,6.390666385491689,0.14635508259137472,0.7537028590838114,0.633402019739151,0.5477018455664316,0.4833150903383891,0.49875574807326,0.4976256191730499,0.4630024830500285,0.5443751116593679,0.7388795812924703,0.9544950723648071,0.9964879552523295,0.9298117359479269
0.75-0.0-0.0-0.0-0.0,0.17001484831174216,186.75124068334887,2861.0757768848366,0.00489952671341598,6510.205078125,-110.8500264485677,132.80260721842447,-12.856477578481039,37.083380381266274,-6.265491406122844,19.898511568705242,-3.4425910313924155,7.9921573003133135,-6.287795166174571,5.956438223520915,-1.9742660522460938,7.836199720700582,2.4635974168777466,0.3194939171274503,0.5271234611670176,0.5115713576475779,0.3651410937309265,0.49778950214385986,0.7840376098950704,0.9097553690274557,0.9860325654347738,0.7202610969543457,0.48780493438243866,0.34517257660627365,0.2798016294836998
0.75-0.0-0.0-0.0-0.25,0.07414208414653937,7472.582969909184,2389.1884009254222,0.0039334128620491056,5627.34375,-288.42726643880206,136.7684122721354,4.398823976516724,32.908590952555336,3.216764211654663,20.259177525838215,5.092400789260864,11.93222173055013,3.3116022845109305,8.943021138509115,5.521538813908895,4.907482822736104,3.736533800760905,0.8455069462458292,0.8890228668848673,0.8762355844179789,0.874884029229482,0.9271613558133444,0.9644620418548584,0.9648701151212057,0.8845566709836324,0.8331392208735148,0.7907850742340088,0.7530407905578613,0.7827362219492594
0.75-0.0-0.0-0.0-0.5,0.09603428064535062,14745.191889900505,1520.1630691337323,0.0008600274160635024,3179.736328125,-389.8229268391927,173.70374552408853,40.72827275594076,20.44145631790161,19.041024843851726,16.60260073343913,9.652446111043295,9.792277018229166,8.285118103027344,5.75143559773763,5.558289686838786,5.481530984242757,4.168111642201741,0.8090611497561137,0.849939227104187,0.9331514040629069,0.9831839005152384,0.9940033157666525,0.9765106638272604,0.9372145533561707,0.9031302531560262,0.8848297595977783,0.8342295090357462,0.75972847143809,0.7327235539754232
0.75-0.0-0.0-0.0-0.75,0.06138814240694046,214.03163822789347,2558.2743377763713,0.0026382372598163784,5828.3203125,-236.2847442626953,139.1568857828776,-15.662267843882242,37.380733489990234,-5.985463937123616,22.893054962158203,-7.425058364868164,11.033164024353027,-8.781262238820394,5.774203618367513,-3.4774903456370034,4.492610931396484,-6.648784478505452,0.2911806230743726,0.17351622879505157,0.10849102400243282,0.11900851875543594,0.16664507488409677,0.18298404663801193,0.3019598374764125,0.530993272860845,0.7432833909988403,1.0,0.8047686815261841,0.5481208761533102
0.75-0.0-0.0-0.25-0.0,0.2029030273358027,14770.500843556734,1706.791595650402,0.0014841072076402877,3452.490234375,-193.03231302897134,164.47978719075522,10.744142373402914,21.904268264770508,15.517141024271647,11.166941324869791,11.060529073079428,5.744965712229411,6.474256078402202,6.647956212361653,6.76714547475179,7.04340124130249,3.9269802570343018,0.7671119372049967,0.7986666361490885,0.8538479606310526,0.861701508363088,0.8724225958188375,0.8112607995669047,0.7532255053520203,0.805245041847229,0.8384405573209127,0.7842919826507568,0.7434871395428976,0.7525976896286011
0.75-0.0-0.0-0.25-0.25,0.024319009855389595,394.492236382822,2744.5385616573803,0.004634058723847072,6438.427734375,-302.08819580078125,136.46945190429688,-15.736066341400146,33.3016357421875,-9.05591368675232,20.92119598388672,-10.38999573389689,6.72709600130717,-7.167222301165263,2.279904027779897,-5.9326761066913605,1.0998751521110535,-6.364312847455342,0.21591954678297043,0.22051958615581194,0.2792840600013733,0.3331036816040675,0.34241217623154324,0.4860580414533615,0.8031879663467407,0.9889487028121948,0.5675293604532877,0.25680548946062726,0.19422154128551483,0.22508131712675095
0.75-0.0-0.0-0.25-0.5,0.03787544618050257,187.87369168456783,1812.1330987493318,0.001832016947446391,3201.26953125,-275.8146667480469,183.91244506835938,-24.149359067281086,27.685999870300293,9.046045303344727,11.894786854585012,2.0294734636942544,4.702218095461528,1.438715974489848,4.644623597462972,-2.2606035470962524,-3.7193780740102134,-7.161796410878499,0.7000101407368978,0.6661054690678915,0.7022696534792582,0.7477943996588389,0.572188158830007,0.4266600509484609,0.41469286878903705,0.5314690272013346,0.456778625647227,0.6383383870124817,0.9412247141202291,0.9190037449200948
0.75-0.0-0.0-0.25-0.75,0.050853983809550606,291.86575302325224,2695.08898305331,0.006733744715650876,5354.58984375,-186.24881998697916,152.64527893066406,-32.435845692952476,29.61940574645996,-8.460151414076487,14.647581418355307,-7.305708010991414,3.687008857727051,-10.24862798055013,1.9717448552449544,-0.7364118099212646,2.6433878342310586,-0.5030167102813721,0.7456573247909546,0.7147482633590698,0.9250201185544332,0.701421837011973,0.5586818059285482,0.4096847077210744,0.35594125588734943,0.36920997500419617,0.4652871936559677,0.7360631028811137,0.5904381076494852,0.5179042319456736
0.75-0.0-0.0-0.5-0.0,0.08076866716146469,141.36285228581878,2706.0372837763002,0.0064929635263979435,5641.69921875,-150.65865834554037,148.2178700764974,-17.652277946472168,24.774145126342773,-8.187224864959717,13.133965492248535,-7.63080358505249,1.7537244160970051,-9.127934058507284,0.7225812276204427,-2.7604811787605286,2.482605536778768,1.8654745022455852,0.7477243940035502,0.9178354541460673,0.8749359250068665,0.5732520620028178,0.42854758103688556,0.6106189886728922,0.8090605040391287,0.4480741818745931,0.40882112582524616,0.6250457167625427,0.5674475530783335,0.5217686941226324
0.75-0.0-0.0-0.5-0.25,0.07620069632927577,663.631265456885,2058.9420955425408,0.0034477402271780497,3459.66796875,-201.35051472981772,181.31188456217447,-34.70569292704264,3.528660774230957,-10.873801231384277,-4.932376702626546,-5.807422796885173,-0.8973007599512736,-0.7443201541900635,2.5150418877601624,3.6742753982543945,13.418519814809164,18.480226516723633,0.20487321416536966,0.25333896776040393,0.4724461038907369,0.959203819433848,0.8709951241811117,0.6492363413174947,0.4836583336194356,0.22010896603266397,0.1084498663743337,0.09209045767784119,0.09052216013272603,0.12939354156454405
0.75-0.0-0.0-0.5-0.5,0.11544872323671977,996.418408889781,2583.0462111512716,0.003770471395303806,5684.765625,-171.2481435139974,141.10389200846353,-12.935851256052652,26.861605008443195,-9.990952332814535,12.25888967514038,0.261371652285258,15.440042495727539,11.467848459879557,20.52977689107259,11.423871676127115,5.154141664505005,-6.177465279897054,0.8414884408315023,0.6368797918160757,0.5412073135375977,0.5748940606911978,0.5515279670556387,0.5280775030454,0.5423030058542887,0.5543674826622009,0.5893449982007345,0.6416057050228119,0.7455749809741974,1.0
0.75-0.0-0.0-0.5-0.75,0.12974397093057632,7580.5692532656185,2429.5414839695445,0.0038356148894915045,5756.54296875,-176.93214416503906,158.65884908040366,-8.47563107808431,25.389504114786785,5.71959924697876,12.950990676879883,5.029225031534831,9.901825269063314,4.194801648457845,4.6865800221761065,8.086765925089518,1.6586213111877441,5.029170672098796,0.6599171658356985,0.6229483435551325,0.6440417418877283,0.7715843617916107,0.9354819456736246,0.9413687785466512,0.7312624057133993,0.5561712880929311,0.5535931785901388,0.574075385928154,0.5840111325184504,0.6338848769664764
0.75-0.0-0.0-0.75-0.0,0.04105548436443011,8564.803451456648,3217.0820258748167,0.004339406683963413,6869.091796875,-304.1315663655599,109.48472340901692,-31.43464183807373,27.10245641072591,4.927375316619873,25.991014162699383,15.432223955790201,3.5493441422780356,-1.947912295659383,3.843731959660848,14.83031431833903,13.852376302083334,-0.07448128859202068,0.314539285376668,0.31604121004541713,0.3235235984126727,0.3344719068457683,0.34838973606626195,0.3864815682172775,0.34231241668264073,0.326611718783776,0.32017442894478637,0.46499251822630566,0.9987144072850546,0.4304131468137105
0.75-0.0-0.0-0.75-0.25,0.12443968653678894,22050.0,1127.5808844044452,0.00042283021225963946,2088.720703125,-354.56749471028644,125.97307840983073,33.352681477864586,31.13703219095866,25.632983843485516,23.541414260864258,18.606281280517578,15.443236351013184,12.352792104085287,10.372830390930176,8.694416205088297,7.751379013061523,7.047083059946696,0.85549529393514,0.9068092902501425,0.9525954127311707,0.9825182755788168,0.9973058899243673,0.9829357266426086,0.9405266046524048,0.9070787032445272,0.8708985646565756,0.831754187742869,0.7867241899172465,0.7728220025698344
0.75-0.0-0.0-0.75-0.5,0.06985604142149289,106.19756217453818,2092.813391361646,0.002079327910905704,4672.705078125,-243.54139709472656,151.5082753499349,-1.7621006965637207,40.179039001464844,0.31561438242594403,23.464000701904297,2.2766491572062173,16.97565746307373,4.503557602564494,9.982175827026367,1.1748823324839275,5.227768421173096,2.6513968308766684,0.8069485624631246,0.7605394522349039,0.7453616460164388,0.7928184072176615,0.8876291712125143,0.9056463638941447,0.8198398947715759,0.7738492687543234,0.8100828925768534,0.8221949736277262,0.827724277973175,0.8401878476142883
0.75-0.0-0.0-0.75-0.75,0.10146943231423695,22050.0,1539.641297289522,0.002751680228261222,3222.802734375,-342.3485107421875,172.16224924723306,47.4992790222168,22.663411458333332,16.662500699361164,16.462743759155273,9.669448534647623,7.980510075887044,7.911729494730632,6.33159605662028,4.962358554204305,5.365912755330403,4.809765179951985,0.8303740620613098,0.8705247441927592,0.9034976164499918,0.9027831355730692,0.9042885104815165,0.9507622718811035,0.9498667120933533,0.9231499632199606,0.8910378615061442,0.8436571756998698,0.7739576498667399,0.7592520912488302
0.75-0.0-0.25-0.0-0.0,0.2991350342830022,1042.5383812227676,3119.7890403815654,0.006181350133071343,7156.201171875,-48.6953976949056,129.8180898030599,-13.566390117009481,37.09884897867838,-18.369746526082356,17.601783752441406,-8.294614553451538,21.876043955485027,7.420651356379191,21.469265619913738,0.3216143846511841,-0.7472639878590902,-18.260399500528973,1.0,0.5950649480024973,0.3925584852695465,0.3827956070502599,0.3692242056131363,0.3683943872650464,0.45910561581452686,0.5151490271091461,0.3968474169572194,0.3341587136189143,0.42652594049771625,0.5856027007102966
0.75-0.0-0.25-0.0-0.25,0.010753122468789419,2233.4169133121036,3559.0691975859336,0.005019183658684294,8031.884765625,-406.1386311848958,107.10452016194661,-2.9207324981689453,32.03712018330892,6.842841545740764,26.734156290690105,4.386850833892822,8.62341864903768,0.48261070251464844,18.854041417439777,5.9684122403462725,0.6181164383888245,-2.3031038443247476,0.6649519056081772,1.0,0.6644373536109924,0.6051162555813789,0.6521294588843981,0.653300570944945,0.5847782890001932,0.5541380147139231,0.5137280548612276,0.4837554370363553,0.5280398602286974,0.5334732470413049
0.75-0.0-0.25-0.0-0.5,0.15547734002272287,14733.333333333334,2890.1008729765576,0.014057664782740176,6818.84765625,-140.41895039876303,135.60346476236978,-0.7207347551981608,28.53704007466634,-2.357400894165039,18.23914607365926,5.878254095713298,14.320143381754557,-0.3435819943745931,6.040141582489014,5.490874131520589,7.1042172114054365,-0.882292648156484,0.7651577790578207,0.8217991590499878,0.9197246233622233,0.8708532651265463,0.8765763243039449,0.9055015444755554,0.892805298169454,0.7478540738423666,0.7177928487459818,0.7406384348869324,0.7096112171808878,0.7066391309102377
0.75-0.0-0.25-0.0-0.75,0.07833276689052582,104.05523136254165,1448.5726152639136,0.0011168583090087243,2347.119140625,-259.5537618001302,198.28848266601562,0.9375985463460287,20.455650329589844,11.886044184366861,9.63524087270101,9.309845924377441,7.189190069834392,8.430267969767252,5.454913179079692,5.508643865585327,3.557088295618693,4.023203055063884,0.9357109268506368,0.8632586201032003,0.788824180761973,0.8455552657445272,0.879594107468923,0.8786829511324564,0.8470703363418579,0.7150851885477701,0.7562556862831116,0.7342513998349508,0.7495553493499756,0.8443000316619873
0.75-0.0-0.25-0.25-0.0,0.008321916994949182,117.24122704901971,1892.4405178962224,0.0027345480824199817,3919.04296875,-445.2119445800781,176.7109629313151,-14.694364428520203,38.11267979939779,13.843819618225098,13.991628964742025,4.404607534408569,7.524693012237549,7.689532279968262,6.331679979960124,3.030299345652262,4.5702972412109375,5.286399682362874,0.6936224699020386,0.7060083548227946,0.7995809515317281,0.972440262635549,0.9265589118003845,0.823512852191925,0.6487109859784445,0.5151069859663645,0.5165626804033915,0.6140799224376678,0.7253663539886475,0.7571197549502054
0.75-0.0-0.25-0.25-0.25,0.04908564810951551,22050.0,1920.1489354237904,0.0027603130710186128,4730.126953125,-411.2536366780599,106.25384775797527,33.64297358194987,33.0675843556722,23.8438138961792,20.46526336669922,15.90592892964681,13.117789586385092,10.047316074371338,7.801767190297444,5.856672286987305,4.966440200805664,4.830582777659099,0.7996004025141398,0.8547840118408203,0.9161641001701355,0.9656219085057577,0.9981783032417297,0.9940815766652426,0.9518113732337952,0.9097666343053182,0.861797034740448,0.8076105117797852,0.7471567193667094,0.7225536306699117
0.75-0.0-0.25-0.25-0.5,0.036353726560870804,4048.328583288446,5376.47727229621,0.01167285954579711,10508.203125,-283.7113494873047,62.94809595743815,-16.129720369974773,54.60126749674479,-4.806661009788513,12.205175399780273,-13.713541666666666,27.338313420613606,-9.253609498341879,-1.02141276995341,7.52305269241333,16.071573893229168,-20.858769098917644,0.6924951473871866,0.14461277735730013,0.12199072570850451,0.1163839353248477,0.11187252774834633,0.11564689657340448,0.1326083050419887,0.13288497800628343,0.13575157274802527,0.14070195704698563,0.19319903974731764,1.0
0.75-0.0-0.25-0.25-0.75,0.1017670805255572,14745.639076356965,1035.3203992598017,0.0005949830778331222,2246.630859375,-401.71889241536456,160.50673166910806,57.715189615885414,33.45182418823242,15.284138679504395,12.699925422668457,11.32336457570394,10.509814898173014,8.390670617421469,7.068972587585449,6.091297149658203,5.837538878122966,5.736333052317302,0.7939536174138387,0.8443957765897115,0.9035964806874593,0.9556408524513245,0.9961778124173483,0.9961873292922974,0.9484353462855021,0.9039121270179749,0.8540554443995158,0.7992000182469686,0.7382328708966573,0.7165849010149637
0.75-0.0-0.25-0.5-0.0,0.19472075998783112,492.27773038080574,3075.937645271611,0.00893445072385172,7120.3125,-73.37084325154622,133.66864267985025,-18.315677960713703,31.821190516153973,-17.5455109278361,19.29227415720622,-9.259682973225912,15.125463485717773,-6.9449842770894366,5.401039203008016,-2.390205224355062,9.68556547164917,-3.6633499463399253,0.3891723056634267,0.4266695777575175,0.4850154221057892,0.3800119509299596,0.3321782449881236,0.3725130458672841,0.412794624765714,0.5349513838688532,0.6972949902216593,0.9054107268651327,0.714720606803894,0.4565662443637848
0.75-0.0-0.25-0.5-0.25,0.1817796379327774,106.64164567249365,2520.445349527467,0.00561524562848111,5512.5,-104.79017893473308,151.9037831624349,-8.202834526697794,30.033573786417644,-5.417101860046387,17.13971010843913,2.1489996910095215,14.636064688364664,1.222495198249817,8.367210626602173,3.0120229721069336,4.102447072664897,-2.166656812032064,0.8113206426302592,0.7075116535027822,0.5943316022555033,0.5870293974876404,0.6114981671174368,0.6400246719519297,0.6394068996111552,0.7029396295547485,0.7215851545333862,0.7905253767967224,0.9331206878026327,0.924673855304718
0.75-0.0-0.25-0.5-0.5,0.009605884552001953,212.51026828869223,2818.041212606855,0.004576570043961207,6409.716796875,-378.1524658203125,136.58880360921225,-13.920504887898764,36.611732482910156,-4.791658937931061,22.82039960225423,-1.3901241620381672,16.34470796585083,0.4219452540079753,7.146864136060079,-4.786650498708089,-0.49826236565907794,-8.74583371480306,0.3333946218093236,0.2661788562933604,0.2038960481683413,0.21365424742301306,0.22003143032391867,0.2689701144893964,0.37809249262015027,0.5760283221801122,0.7784872651100159,0.9599947333335876,0.7081525921821594,0.4902005195617676
0.75-0.0-0.25-0.5-0.75,0.11086235692103703,252.77540495149506,1924.9216217089315,0.002814001230338666,4076.953125,-259.3850555419922,155.21236673990884,-3.1908880869547525,34.543556213378906,7.987662633260091,14.93537712097168,5.756476481755574,7.609722932179769,5.710208694140117,7.185198783874512,7.317869186401367,4.324265480041504,3.5261314709981284,0.7502816120783488,0.7891398668289185,0.864059587319692,0.874182939529419,0.8624988198280334,0.7979737917582194,0.732611616452535,0.7209245761235555,0.7204463879267374,0.7532069683074951,0.7338430285453796,0.7148892482121786
0.75-0.0-0.25-0.75-0.0,0.21146899461746216,112.26341708334007,2378.5999561882904,0.0020042842564483485,5555.56640625,-103.21031443277995,152.80118306477866,-16.656522750854492,42.672369639078774,-11.764367739359537,30.11060969034831,-4.362791538238525,20.635541280110676,-3.174814820289612,13.664032300313314,-2.6521762212117515,6.827857335408528,-5.900122165679932,0.5345192750295004,0.3548649251461029,0.2353515625,0.21352586150169373,0.28207892676194507,0.33597493668397266,0.40685321887334186,0.5396329859892527,0.7537628213564554,0.9527588486671448,0.9447250962257385,0.8024407823880514
0.75-0.0-0.25-0.75-0.25,0.07591652994354565,233.91951541786793,2545.7668214767177,0.0024606318523486457,5964.697265625,-188.61580912272134,147.19718424479166,-16.4133882522583,46.238241831461586,-10.247480233510336,26.065102259318035,-10.357999801635742,14.800718307495117,-6.786247253417969,9.683298428853353,-5.116543531417847,4.53296693166097,-5.805741786956787,0.7876567840576172,0.49750051895777386,0.30348679423332214,0.16330502927303314,0.18510939429203668,0.22844102730353674,0.24125711619853973,0.33330049365758896,0.49442556003729504,0.6592445423205694,0.736648624142011,0.7630784710248312
0.75-0.0-0.25-0.75-0.5,0.021788426364461582,22050.0,1474.4599617931246,0.0009611294807001514,2835.205078125,-485.7930094401042,147.24864705403647,39.11418088277181,27.38768704732259,19.55836232503255,14.115108172098795,9.137077967325846,10.904550870259603,12.47938330968221,11.766804377237955,8.779178778330484,6.549240748087565,4.063074986139934,0.8325641949971517,0.8759869933128357,0.9258584777514139,0.9672037561734518,0.9952171643575033,0.9874762694040934,0.9412187735239664,0.8968561490376791,0.8517538905143738,0.8038153449694315,0.7617551485697428,0.7521312435468038
0.75-0.0-0.25-0.75-0.75,0.1832853506008784,178.38909302855106,3895.304068026239,0.01559106990074118,8555.859375,-52.45042928059896,107.37166341145833,-34.70510228474935,31.72013982137044,-11.639760971069336,36.20433743794759,4.2223179936409,24.518643697102863,-9.791848480701447,2.880330483118693,-6.514407316843669,15.0785280863444,0.9293449719746908,0.3321623479326566,0.3082678367694219,0.4009648362795512,0.46510059138139087,0.5364322165648142,0.6181395302216212,0.7129734754562378,0.906559944152832,0.5353090961774191,0.3778468569119771,0.4247206697861354,0.41600707670052844
0.75-0.0-0.5-0.0-0.0,0.07805108278989792,100.0,2074.7895436232416,0.0024764058228659755,4256.396484375,-230.72208150227866,164.84260050455728,1.6350339253743489,32.70568339029948,7.258284568786621,16.903454462687176,7.676382382710774,9.818430582682291,4.443719466527303,5.020405530929565,4.280599117279053,4.93058180809021,5.495221455891927,0.8739796678225199,0.8229708870251974,0.8327733476956686,0.8825377623240153,0.9185016751289368,0.9552989602088928,0.7817641496658325,0.6572962005933126,0.6050837139288584,0.5714293718338013,0.6548853516578674,0.7921058336893717
0.75-0.0-0.5-0.0-0.25,0.10684258739153545,469.1648886012801,3815.5823805734785,0.02765086789925893,7995.99609375,-78.80523935953777,120.76508331298828,-28.851947784423828,28.27578862508138,-20.404171625773113,8.767195383707682,-6.5147325197855634,-0.607880433400472,-13.985158284505209,-1.9872439702351887,0.12796972195307413,-0.5562120278676351,-4.6657852331797285,0.7296568552652994,0.7567313512166342,0.7437300880750021,0.5826414128144582,0.5186604162057241,0.4239734212557475,0.3035363753636678,0.2881510059038798,0.4619183490673701,0.6543711324532827,0.6250469982624054,0.7819971442222595
0.75-0.0-0.5-0.0-0.5,0.13886569937070212,164.73829773296555,2744.16930399693,0.006775324931368232,6230.2734375,-114.74860127766927,143.0982411702474,-1.6717761357625325,32.937490463256836,0.29635000228881836,14.568475405375162,-3.384037673473358,7.583948214848836,0.2857627868652344,9.467076937357584,1.735500653584798,3.2253740231196084,-0.9039622942606608,0.5272621413071951,0.6161234378814697,0.7025159398714701,0.7447575926780701,0.7141677935918173,0.7787600755691528,0.6561186412970225,0.6324275334676107,0.5818825662136078,0.5189632773399353,0.3987516462802887,0.4158032238483429
0.75-0.0-0.5-0.0-0.75,0.15927484134833017,102.69246625989054,3422.8640824053205,0.010562773871545991,7708.88671875,-83.22585805257161,127.2980473836263,-20.18290074666341,38.69918441772461,-10.95996324221293,22.14685821533203,-4.11811230580012,24.815794308980305,0.9441872636477152,10.035567124684652,-15.840980529785156,-6.960683544476827,-3.290702740351359,0.7013529141743978,0.8147491812705994,0.7741329471270243,0.7674885988235474,0.8499253789583842,0.7834054629007975,0.6405321458975474,0.7063824931780497,0.7443990707397461,0.6830853223800659,0.5709839264551798,0.5803283254305521
0.75-0.0-0.5-0.25-0.0,0.17289457221825918,231.4332081366659,2413.0939264287467,0.004424013430252671,5569.921875,-134.41993204752603,150.38383992513022,-2.4321718215942383,38.56835810343424,-3.230726877848307,21.362102190653484,-6.940352201461792,8.52104107538859,-7.7961372534434,8.09887957572937,3.3350118001302085,12.40493901570638,-0.5808399319648743,0.7729131976763407,0.8865737716356913,0.8137108087539673,0.7076167464256287,0.7033594051996866,0.7369721333185831,0.6712232033411661,0.7256253163019816,0.7512766321500143,0.764884889125824,0.7165127992630005,0.6104975938796997
0.75-0.0-0.5-0.25-0.25,0.109219990670681,318.0856709447713,3690.017569615798,0.008652245354217788,8362.060546875,-147.19196319580078,94.34754180908203,-21.766053716341656,37.63915252685547,-9.624302903811136,14.98445192972819,-9.32722028096517,5.7026753425598145,-13.413346608479818,-2.317723830540975,-9.023516317208609,2.0742460091908774,-5.793443610270818,0.05953840290506681,0.09874768555164337,0.25524207452932995,0.6508668661117554,1.0,0.5533575912316641,0.19636181990305582,0.09895715241630872,0.09060028816262881,0.0489937054614226,0.09328548610210419,0.15132470428943634
0.75-0.0-0.5-0.25-0.5,0.042030218367775284,22050.0,1952.943193912457,0.0031825693742613217,4866.50390625,-430.5127766927083,97.70536041259766,27.70467185974121,29.499300638834637,22.885920524597168,21.493515332539875,18.19210147857666,16.394577662150066,14.012943267822266,12.396400451660156,10.668133099873861,9.406581242879232,8.190408865610758,0.8211323022842407,0.8713557521502177,0.9270328283309937,0.9708022872606913,0.9990031123161316,0.9933745265007019,0.9540055195490519,0.9169002771377563,0.8746944268544515,0.8261348207791647,0.7702591419219971,0.7475257913271586
0.75-0.0-0.5-0.25-0.75,0.10784428069988887,121.89194806109656,2425.4718573261684,0.002268987630183498,5885.7421875,-176.80116271972656,144.60009256998697,-10.011938373247782,48.00853983561198,-8.553386211395264,26.572134653727215,-4.2861935297648115,19.73568280537923,1.5534972349802654,13.414905548095703,-2.084181626637777,5.923020044962565,-0.007922093073527018,0.9678277969360352,0.991074283917745,0.8981846968332926,0.7744433681170145,0.7279102206230164,0.6825105945269266,0.6218696633974711,0.6320205728212992,0.6882506807645162,0.6621961196263632,0.6798984408378601,0.7726695338884989
0.75-0.0-0.5-0.5-0.0,0.1844775676727295,143.0896530392658,1414.7407314244438,0.0007633345164019071,2383.0078125,-213.49486796061197,172.77557881673178,15.645036379496256,44.16493606567383,5.045708616574605,17.489885965983074,6.709118207295735,11.476101557413736,8.269804159800211,6.526207288106282,5.500399748484294,1.9322173496087391,0.8801291386286417,0.8474753101666769,0.7709166010220846,0.7824364105860392,0.752908448378245,0.7179934581120809,0.6144859691460928,0.568415105342865,0.6467894117037455,0.7599225242932638,0.8062084118525187,0.853182872136434,0.8997373978296915
0.75-0.0-0.5-0.5-0.25,0.1291199897726377,200.51364851285555,3319.524080222772,0.00932069937698543,7601.220703125,-94.49488830566406,128.510617574056,-19.27429262797038,37.55193328857422,-14.584712346394857,19.60958480834961,-11.510402997334799,7.97316841284434,-8.537415027618408,8.659960269927979,-4.6686452229817705,1.2709727883338928,-9.724586168924967,0.3405497074127197,0.23734541734059653,0.18751616775989532,0.1322808414697647,0.15667741745710373,0.2625638047854106,0.6081505318482717,0.975960373878479,0.9378552635510763,0.7037010391553243,0.49374712506930035,0.47699885567029315
0.75-0.0-0.5-0.5-0.5,0.031365390556554,165.20414945420214,2091.113612734093,0.003041449390972654,4263.57421875,-323.3052164713542,163.7044474283854,-10.170210520426432,27.97741158803304,0.3929382960001628,10.275364398956299,2.2549208601315818,5.312551776568095,-1.085412820180257,0.32157808542251587,-1.2045025030771892,2.6147080262502036,3.468076149622599,0.5586925645669302,0.5833575228850046,0.957239548365275,0.9666037956873575,0.5622991224129995,0.4298279583454132,0.43575690189997357,0.5191489259401957,0.44615068038304645,0.46566272775332135,0.45929089188575745,0.4840361972649892
0.75-0.0-0.5-0.5-0.75,0.1644158810377121,246.20474537891263,2399.2817665690172,0.0032602743012830615,5067.48046875,-92.92943827311198,162.06876118977866,-26.789273262023926,35.5833625793457,-18.432385126749676,15.31861686706543,-14.352884928385416,11.74151611328125,-6.030472199122111,13.025040785471598,1.583729902903239,10.812164862950643,-1.007849136988322,0.5950438479582468,0.30348817507425946,0.22209228575229645,0.3387213299671809,0.35479774077733356,0.37277986605962116,0.6647707422574362,0.7009901503721873,0.5805271565914154,0.6133940617243449,0.7065760095914205,0.7715266148249308
0.75-0.0-0.5-0.75-0.0,0.041036540021499,940.3228875291925,1852.6181940568802,0.0015037687553558499,3258.69140625,-322.4460856119792,168.1071573893229,-5.715614318847656,18.193744500478108,-1.9842039744059246,8.698428412278494,9.613765239715576,16.838808059692383,14.312483469645182,15.21208381652832,10.907355944315592,5.254481832186381,-3.3270252545674643,0.74070805311203,0.7330340445041656,0.708278626203537,0.6760827302932739,0.6824165185292562,0.6927633285522461,0.7150154213110606,0.7657510240872701,0.8669719099998474,0.9593581755956014,0.8377817471822103,0.8353743155797323
0.75-0.0-0.5-0.75-0.25,0.16047578056653342,484.48433757314,2579.1054746180334,0.0038626086607109755,6093.896484375,-139.81145731608072,138.41238911946616,-3.363630930582682,39.096544901529946,-3.967567761739095,20.415058135986328,-2.5277220408121743,19.344597498575848,2.8669864336649575,12.644259452819824,0.08167823155721028,6.751897891362508,3.255023459593455,0.6296455264091492,0.801762580871582,0.8691461086273193,0.7872083981831869,0.8155799706776937,0.7792846659819285,0.7239153186480204,0.7308922211329142,0.7670897444089254,0.6569604674975077,0.6014402409394582,0.6022011935710907
0.75-0.0-0.5-0.75-0.5,0.10277295112609863,100.0,2747.2959723956224,0.005531623610295355,6589.16015625,-203.48127237955728,137.8215586344401,-0.1496286392211914,38.67340596516927,0.20695082346598306,23.202349344889324,1.4845869541168213,15.03112538655599,1.7994179725646973,10.30622927347819,2.138006051381429,7.412225246429443,1.95297638575236,0.9392095804214478,0.9214333693186442,0.878240962823232,0.8668225208918253,0.8573183019955953,0.752511739730835,0.7387871344884237,0.8115434249242147,0.930095354715983,0.9543178081512451,0.9764844179153442,0.9966052174568176
0.75-0.0-0.5-0.75-0.75,0.13584833095471063,4519.23622946252,2816.9378579893114,0.002077685790330482,6438.427734375,-195.2843017578125,125.64393870035808,-6.930879275004069,42.167277018229164,4.357222278912862,23.063997268676758,3.729774276415507,7.494141578674316,5.535945494969686,19.014800389607746,-9.199041604995728,7.488353570302327,0.7353670398394266,0.6993604501088461,0.7389398912588755,0.8740648428599039,1.0,0.9753621617952982,0.8809472719828287,0.7857599854469299,0.6929479638735453,0.6212266484896342,0.5693154831727346,0.5915849109490713,0.6591443518797556
0.75-0.0-0.75-0.0-0.0,0.20620517432689667,124.01779991193278,2334.0357598336846,0.0026804085549277565,5311.5234375,-109.9870122273763,143.14466349283853,-4.431374231974284,40.68503443400065,-0.9269022146860758,18.48237419128418,-3.2459089756011963,11.153305689493815,2.3897860447565713,10.20856777826945,3.7466090520222983,8.345853169759115,2.516752044359843,0.7234448790550232,0.7060511310895284,0.7828873594601949,0.8348261912663778,0.7901865045229594,0.7951133151849111,0.6981620341539383,0.6958096921443939,0.7347025871276855,0.6279489994049072,0.6228691240151724,0.7137066920598348
0.75-0.0-0.75-0.0-0.25,0.10259691129128139,100.0,1850.870045988003,0.001340558524437559,3875.9765625,-252.29889933268228,147.00958760579428,-5.5011528333028155,40.90785344441732,1.384555498758952,24.214224497477215,0.9719019730885824,16.609161059061687,3.656629959742228,8.694252490997314,3.118266741434733,6.411182959874471,3.636454383532206,0.7537638346354166,0.8026447494824728,0.8613081773122152,0.8597108324368795,0.8751199245452881,0.8181609511375427,0.7334403296311697,0.7276912132898966,0.7397326231002808,0.694142758846283,0.6832164724667867,0.6997042496999105
0.75-0.0-0.75-0.0-0.5,0.04426892660558224,151.4029853712938,3037.078548758052,0.009366620487223068,6826.025390625,-206.89520263671875,144.51087951660156,-24.391647338867188,32.361144383748375,-17.0496883392334,28.58160463968913,-13.744405428568522,16.008846918741863,-3.0834603309631348,8.205121755599976,-10.908176104227701,13.715514500935873,-8.3635573387146,0.839463452498118,0.8809761802355448,0.7357940475145975,0.7463579972585043,0.7738322814305624,0.9677316149075826,1.0,0.8126276930173238,0.7475354671478271,0.8220356305440267,0.7993954618771871,0.687920093536377
0.75-0.0-0.75-0.0-0.75,0.2205690691868464,14743.645358848958,2293.132461635593,0.002117619093041867,5390.478515625,-117.4395243326823,146.6560796101888,-2.7996193567911782,41.61226717631022,-1.383222262064616,26.741673787434895,-0.31556034088134766,18.551777521769207,2.114779233932495,13.75273577372233,0.4030218919118245,5.856446425120036,-2.7680582205454507,0.8277069727579752,0.7922985951105753,0.6996912062168121,0.6797429323196411,0.6417989134788513,0.6808916628360748,0.8163273135821024,0.8862733046213785,0.9287435412406921,0.8975287079811096,0.8589449922243754,0.8522320985794067
0.75-0.0-0.75-0.25-0.0,0.048470910638570786,4153.408481255834,3170.5355745595657,0.008107803742556522,6790.13671875,-256.92885335286456,125.67666880289714,-9.433812459309896,32.062100092569985,16.79086685180664,7.620069821675618,-1.7711060841878254,22.216951370239258,5.148638010025024,-1.8748989502588909,11.749762217203775,10.969307581583658,-10.397523403167725,1.0,0.8232201933860779,0.7430203358332316,0.6696819067001343,0.6359895070393881,0.5901750127474467,0.5778444111347198,0.5976741711298624,0.5501409471035004,0.6132449905077616,0.671373595794042,0.699522465467453
0.75-0.0-0.75-0.25-0.25,0.11299932251373927,22050.0,2121.347535178918,0.007258643417328514,4981.34765625,-260.6430918375651,167.5421346028646,37.16262563069662,17.262378056844074,15.799591700236002,16.181007703145344,9.581863085428873,8.497643311818441,8.102183183034262,5.9908952713012695,4.666352907816569,4.935173034667969,4.0353922843933105,0.8941226005554199,0.9252781867980957,0.9857441186904907,0.9700179497400919,0.9298031727472941,0.8454295992851257,0.7887895504633585,0.8042304317156473,0.8091514905293783,0.791650652885437,0.8071169455846151,0.8464418649673462
0.75-0.0-0.75-0.25-0.5,0.1779200086990992,22050.0,1418.835347708435,0.0007219253087626942,2878.271484375,-316.9180094401042,121.95122528076172,42.59109306335449,35.199144999186196,22.339693069458008,19.052228927612305,16.544870376586914,15.6487824122111,13.339644114176432,10.895315488179525,8.20936107635498,6.154759565989177,4.466815233230591,0.7339372038841248,0.7678674459457397,0.8314229846000671,0.8992834687232971,0.9711049199104309,0.9759831031163534,0.8725788195927938,0.8153239091237386,0.7640469670295715,0.714237650235494,0.6649491389592489,0.6644051969051361
0.75-0.0-0.75-0.25-0.75,0.05554423977931341,7446.063418092076,2666.5626427820857,0.004192719080795844,6244.62890625,-244.71678161621094,137.9955088297526,-8.333380460739136,36.568380991617836,-0.1128848393758138,24.67748260498047,0.44444886843363446,13.62937863667806,-2.4186842242876687,6.626449426015218,0.9829099973042806,2.581404685974121,1.8962167104085286,0.8946551084518433,0.8620239893595377,0.9310858448346456,0.8356417218844095,0.7056010961532593,0.6227662762006124,0.5955559015274048,0.6035515069961548,0.6720924774805704,0.7201963067054749,0.7043361663818359,0.8725600838661194
0.75-0.0-0.75-0.5-0.0,0.10876710961262386,100.0,2277.2402996245237,0.005207897583507777,4816.259765625,-198.1894327799479,166.49874369303384,-13.96867068608602,24.42966079711914,17.07046635945638,12.332695007324219,10.26840591430664,9.739744504292807,7.904229799906413,5.517946084340413,6.84500789642334,2.9762789408365884,4.363577266534169,0.4606972336769104,0.5036892096201578,0.6288993259270986,0.6293889880180359,0.5883950392405192,0.6311044295628866,0.7084274490674337,0.9517654180526733,0.9890427390734354,0.884979764620463,0.6713078220685323,0.5083726644515991
0.75-0.0-0.75-0.5-0.25,0.14996488392353058,1889.1112517758586,6353.014932223113,0.013269541435874999,11548.974609375,-146.01265716552734,22.386677940686543,-34.80812962849935,19.48317050933838,-13.622872670491537,28.720370610555012,-10.017714500427246,16.755995909372967,0.2711847672859828,27.531790415445965,-2.0792171160380044,-11.686383883158365,-15.489926973978678,0.17028951148192087,1.0,0.17734213173389435,0.011537741714467606,0.009578426834195852,0.01991176698356867,0.006002453466256459,0.016223442740738392,0.08470334857702255,0.018283127186199028,0.008006277106081447,0.014863143675029278
0.75-0.0-0.75-0.5-0.5,0.05346560478210449,115.87744625593996,2425.4129260059094,0.0034600750853617987,5383.30078125,-222.32171630859375,150.80197143554688,-6.8507035573323565,41.036367416381836,-4.2423655192057295,21.782723744710285,2.8673084576924643,10.098942120869955,-6.9946974118550616,4.13111670811971,-6.066885312398274,2.2468237479527793,-4.688596725463867,0.49038373430569965,0.4280337343613307,0.38697609802087146,0.39090923468271893,0.5727165440718333,0.867555836836497,0.7538808584213257,0.5383828779061636,0.5843512614568075,0.728983074426651,0.7075447142124176,0.6174667874972025
0.75-0.0-0.75-0.5-0.75,0.16407136619091034,8757.824258081422,2342.6685711895866,0.001791294972160055,4414.306640625,-189.3970947265625,146.83440907796225,-25.276931126912434,33.96213976542155,3.5071908235549927,24.6574281056722,13.243280728658041,2.923868974049886,0.04555122057596842,12.023727734883627,15.577330907185873,-1.2918787002563477,-6.424263874689738,0.9517995913823446,0.637153555949529,0.5732096446057161,0.5619842099646727,0.5861598153909048,0.6113356885810693,0.6086001979808012,0.6053454453746477,0.5272687524557114,0.5179861641178528,0.5023160191873709,0.5628239214420319
0.75-0.0-0.75-0.75-0.0,0.05618559569120407,110.61746480563927,2263.8969862669974,0.0023058457494092486,4665.52734375,-220.98989868164062,169.49473571777344,-34.81900850931803,42.267355600992836,-2.783295472462972,25.738577842712402,6.307674566904704,11.719972928365072,-11.048083305358887,-0.2709665298461914,6.907921036084493,9.53226407368978,-10.808011054992676,0.7261535326639811,0.5266565481821696,0.47329067687193555,0.5221413373947144,0.5454162359237671,0.5689315895239512,0.6441693305969238,0.703358381986618,0.8404081662495931,0.9135210712750753,0.9430110057195028,0.9695024887720743
0.75-0.0-0.75-0.75-0.25,0.0003116313212861617,7454.41611715809,1143.6929382079568,0.0006984330733151486,2246.630859375,-915.3393351236979,172.49276733398438,48.34882609049479,23.771825313568115,16.497233708699543,11.772086461385092,8.329807917277018,8.157329877217611,7.073493480682373,4.444506009419759,4.255972782770793,3.8845799763997397,3.428105195363363,0.7300322453180949,0.8178454637527466,0.9471968611081442,0.9620434244473776,0.9242171843846639,0.9132161339124044,0.8645002047220866,0.8441864252090454,0.831493099530538,0.7655838926633199,0.6888637542724609,0.6779849727948507
0.75-0.0-0.75-0.75-0.5,0.061298596362272896,122.32142696623276,1377.9637118199628,0.001222937781373427,2548.095703125,-289.191899617513,192.40551249186197,7.419396738211314,33.94792366027832,0.2583279609680176,13.083072026570639,3.1432646115620932,11.730968793233236,8.380058288574219,6.482951958974202,1.1472433507442474,1.6296646495660145,5.231945673624675,0.7766949832439423,0.6930864353974661,0.6915936370690664,0.6698125501473745,0.6414902110894521,0.6047232747077942,0.6050260861714681,0.6654221018155416,0.7532170216242472,0.8217960000038147,0.926119844118754,0.8863052725791931
0.75-0.0-0.75-0.75-0.75,0.04870331659913063,7416.666666666667,2195.6710343742957,0.007035746345839773,5067.48046875,-278.51336669921875,168.366943359375,-7.983158906300862,31.570363362630207,11.34178098042806,11.657894134521484,9.705970446268717,7.1720954577128095,6.778886000315349,4.2939982414245605,5.044183572133382,2.7842506567637124,3.6206063429514566,0.9564982851346334,0.9686191280682882,0.96680615345637,0.9488168160120646,0.9518294930458069,0.9346972902615865,0.8853998184204102,0.8938687642415365,0.9110768834749857,0.9161675373713175,0.9046743114789327,0.9113455017407736
0.75-0.25-0.0-0.0-0.0,0.11286198099454244,1199.264085552433,2760.2157810479403,0.00197129970183596,6266.162109375,-218.92042541503906,123.5129903157552,2.3651596705118814,39.867303212483726,7.572283943494161,28.26111602783203,4.176496744155884,14.246118863423666,-5.593662261962891,6.008792241414388,9.523119608561197,17.103765805562336,0.052021423975626625,0.34410011271635693,0.341959610581398,0.35675891240437824,0.415357584754626,0.4740685721238454,0.5087385773658752,0.5272593374053637,0.5533132205406824,0.9715200861295065,0.7604867418607076,0.36936770131190616,0.32808833320935565
0.75-0.25-0.0-0.0-0.25,0.2405860871076584,3617.482763296628,4367.797441149195,0.005121006164699793,10206.73828125,-83.08752059936523,88.58821614583333,3.5727986494700112,46.562435150146484,-2.7387178937594094,24.411593119303387,-8.384718259175619,28.762686411539715,1.047850529352824,6.35720282793045,-1.7541211644808452,19.21294657389323,-7.849330425262451,0.3725350039700667,0.3479861157635848,0.3446148745715618,0.39937571063637733,0.47690963248411816,0.4464313207815091,0.4075460899621248,0.39753403297315043,0.4889539082845052,1.0,0.4913042336702347,0.3855680425961812
0.75-0.25-0.0-0.0-0.5,0.09384680205645661,7416.666666666667,1652.7505968478908,0.000868389517563628,3603.22265625,-357.5062967936198,158.12596638997397,7.535994529724121,19.988788604736328,19.802357991536457,9.800257364908854,12.130007108052572,8.42188835144043,7.9473215738932295,7.016191323598226,5.245961983998616,6.170684814453125,4.501710414886475,0.92594975233078,0.9412624835968018,0.9598408738772074,0.9616981347401937,0.9702762166659037,0.9577312270800272,0.8782988588015238,0.8376160065333048,0.8129653533299764,0.8082949717839559,0.8248424132664999,0.8629403114318848
0.75-0.25-0.0-0.0-0.75,0.07367189973592758,289.60358030976795,3895.2288732862617,0.013160085150351128,8620.458984375,-153.21762339274088,109.51551564534505,-25.3559996287028,45.41892115275065,-10.455281853675842,24.681042353312176,-10.001978874206543,17.424499829610188,-7.971293290456136,7.169511477152507,-9.777782440185547,3.498912215232849,-10.504542350769043,0.6673691670099894,1.0,0.8045578002929688,0.5555031498273214,0.4203534970680873,0.400070716937383,0.3396078273653984,0.3403145869572957,0.33452286074558896,0.2759621242682139,0.3924507026871045,0.5024653375148773
0.75-0.25-0.0-0.25-0.0,0.010961696815987429,158.49937871614628,1185.3652375873173,0.00037388381133496296,2060.009765625,-457.0090026855469,214.90980021158853,-13.781010945638021,22.786328474680584,14.38832950592041,10.60790729522705,11.328014453252157,5.539158185323079,11.608709653218588,6.04702764749527,1.9825251897176106,-5.861285130182902,-5.715484778086345,0.8992507457733154,1.0,0.9081171353658041,0.7263139486312866,0.674134761095047,0.7605301141738892,0.6861854990323385,0.7308013439178467,0.8931650519371033,0.8774391214052836,0.7348058819770813,0.8037418325742086
0.75-0.25-0.0-0.25-0.25,0.24241885542869568,4063.721807490581,3753.507051979421,0.00312569426993529,8139.55078125,-99.17333984375,97.64005788167317,-14.604499499003092,56.68791071573893,6.785419940948486,11.079012552897135,3.3543505519628525,26.394893646240234,-1.3669615586598713,7.1405863761901855,5.8925778071085615,27.57712999979655,-9.278661727905273,0.9120739499727885,0.950835108757019,0.9035905400911967,0.8985179464022318,0.8569014072418213,0.8184183835983276,0.8151717384656271,0.8525828321774801,0.878588080406189,0.9305555820465088,0.81812983751297,0.8061988949775696
0.75-0.25-0.0-0.25-0.5,0.05125938355922699,14733.333333333334,2176.771238864978,0.0020009121120286486,5060.302734375,-269.91905721028644,144.2970987955729,-0.17446553707122803,40.464019775390625,1.305409053961436,24.863637288411457,1.535105029741923,15.88933022816976,2.004173755645752,10.741801261901855,2.47286065419515,7.723347028096517,2.4720685879389444,0.6676630775133768,0.7501958211263021,0.8180143634478251,0.8371988534927368,0.8345616062482198,0.8093166947364807,0.870369533697764,0.8584881623586019,0.7845414479573568,0.7016327381134033,0.6577435831228892,0.6482497851053873
0.75-0.25-0.0-0.25-0.75,0.05413579195737839,1004.6142842266396,2742.7729030547416,0.003385105745110195,5060.302734375,-248.71643575032553,137.61699422200522,-58.71745681762695,28.443289438883465,-11.084313233693441,8.68349560101827,-6.1500717004140215,20.430481910705566,15.436235745747885,29.43976084391276,16.786034901936848,0.3894052902857463,-14.260302861531576,0.40794822573661804,0.06367390851179759,0.04524417594075203,0.060867526878913246,0.04598089555899302,0.06648832062880199,0.24367198844750723,0.10830219338337581,0.04921789405246576,0.07059752009809017,0.253518079717954,1.0
0.75-0.25-0.0-0.5-0.0,0.04003800948460897,416.68744840008077,2624.1060391856613,0.00480473196754853,5785.25390625,-234.52206420898438,151.48125712076822,-16.82198365529378,33.53896458943685,-16.823524475097656,17.178205172220867,-9.625317414601644,12.181505839029947,-7.921704928080241,8.008411407470703,-6.306959470113118,2.0987269083658853,-7.953193108240764,0.3293505211671193,0.42436031500498456,0.42790813247362774,0.4158720076084137,0.4239639639854431,0.44909535845120746,0.496310090025266,0.588683287302653,0.809256911277771,0.8079386055469513,0.5614902228116989,0.3086061229308446
0.75-0.25-0.0-0.5-0.25,0.17205700278282166,287.6955687130171,3894.649753320335,0.017378972532848518,8764.013671875,-40.07728068033854,118.08518981933594,-15.247816522916159,46.44951502482096,-12.562837402025858,11.667803764343262,-4.253552834192912,19.643417994181316,-20.61109797159831,1.7423878113428752,3.654200792312622,-0.8161354859670004,-5.261672039826711,0.6562201082706451,0.7136647800604502,0.9392275412877401,0.6244364976882935,0.4520789086818695,0.45385000109672546,0.4413282871246338,0.4765340983867645,0.49271825949350995,0.6359124978383383,0.6319696307182312,0.6349642674128214
0.75-0.25-0.0-0.5-0.5,0.03744733023146788,433.8702553700787,3028.388057684238,0.008035461883991957,6940.869140625,-221.5606892903646,139.68602498372397,-16.522480646769207,34.906106313069664,-15.622913042704264,17.020880222320557,-12.92285124460856,9.677947680155436,-10.343909422556559,7.566903909047444,-4.99031796058019,13.838032404581705,2.8170729080835977,0.6457387308279673,0.739635169506073,0.7832867304484049,0.67225048939387,0.5993766983350118,0.7364658713340759,1.0,0.8855791489283243,0.5292084217071533,0.4442562361558278,0.5156920750935873,0.5878671507040659
0.75-0.25-0.0-0.5-0.75,0.08731098473072052,22050.0,1904.1970638723706,0.002520699461740309,4679.8828125,-364.08470153808594,102.58211517333984,31.07282320658366,31.744510014851887,23.407276153564453,20.347936630249023,15.71732266743978,12.86498737335205,10.064805348714193,8.45734977722168,7.241277694702148,6.77224063873291,6.494210879007976,0.7827371756235758,0.8419090708096822,0.9074195424715678,0.9611489574114481,0.9971461892127991,0.9941399296124777,0.9491230249404907,0.9023169676462809,0.8490950663884481,0.790690004825592,0.7275211612383524,0.7024387319882711
0.75-0.25-0.0-0.75-0.0,0.1766679584980011,101.2046011569525,2659.802438478078,0.004133098690848176,6215.91796875,-156.80846150716147,137.47387186686197,-14.71580441792806,48.48941548665365,-0.001338958740234375,24.99577744801839,3.9670678774515786,13.267531315485636,7.3577903509140015,10.671441396077475,9.528874238332113,7.138833999633789,6.269689083099365,0.7143510977427164,0.7176957726478577,0.7850175698598226,0.8790967067082723,0.9782357811927795,0.9771552085876465,0.927852988243103,0.8725067774454752,0.8143603603045145,0.7997587124506632,0.7558031479517618,0.6992348233858744
0.75-0.25-0.0-0.75-0.25,0.03676782796780268,102.12415457124108,2872.6915495571798,0.00531309493817389,6797.314453125,-255.13502502441406,133.44496154785156,-9.319648106892904,36.732845306396484,1.8959816694259644,24.107572237650555,0.6836151281992594,14.950757344563803,1.8147306442260742,10.99748675028483,2.9771092732747397,7.293186028798421,-1.5939946174621582,0.759341279665629,0.7686574856440226,0.7438527941703796,0.7409210006395975,0.7602544029553732,0.8052423199017843,0.755411316951116,0.7024686733881632,0.7958242495854696,0.8462012012799581,0.794008731842041,0.7566606601079305
0.75-0.25-0.0-0.75-0.5,0.13649723678827286,205.2222657177231,2088.1645364436285,0.002743678279027032,4464.55078125,-168.9743626912435,153.07949829101562,-15.345135052998861,38.021925608317055,2.4669083754221597,19.378504435221355,-0.8157769838968912,6.02543580532074,3.3149372736612954,8.550622145334879,6.260841528574626,6.883592287699382,6.6995756427447,0.9154173334439596,0.83823162317276,0.6979361375172933,0.6097536683082581,0.6103126754363378,0.6860390057166418,0.7739057838916779,0.8304722706476847,0.7376533647378286,0.7092813650767008,0.7084129452705383,0.7596080899238586
0.75-0.25-0.0-0.75-0.75,0.014606645330786705,15004.849254390247,1960.4340379029964,0.0025374301646057993,4665.52734375,-502.8660481770833,122.78511047363281,18.83489735921224,17.318387031555176,14.784092585245768,11.121845563252768,8.319943110148111,9.717775026957193,11.752423604329428,14.7031037012736,14.401306311289469,11.168356577555338,4.656385739644368,0.593785415093104,0.6288028955459595,0.6717715263366699,0.7091734011967977,0.7413408557573954,0.7341682116190592,0.6964985728263855,0.6720935304959615,0.6946223378181458,0.9618412256240845,0.7266594171524048,0.547408401966095
0.75-0.25-0.25-0.0-0.0,0.1595912973086039,608.5007681747866,3709.463054057223,0.009970541577786207,7960.107421875,-98.55342102050781,105.5233154296875,-37.530381520589195,26.97358187039693,-29.987024943033855,14.146742820739746,-16.420722007751465,1.8984646797180176,-13.059669812520346,4.97327454884847,-2.699498176574707,8.25906785329183,7.752422014872233,0.10143954198186596,0.1513335301230351,0.30351825555165607,0.915157417456309,0.5390006899833679,0.3542873828361432,0.26421851726869744,0.13691248434285322,0.07512769009917974,0.0694108996540308,0.15899534771839777,0.08075816929340363
0.75-0.25-0.25-0.0-0.25,0.25309614837169647,761.6099686296835,4395.583308342542,0.013650737392405668,9596.630859375,-59.84181912740072,79.20123799641927,-35.024923960367836,8.861310958862305,-30.628556569417317,6.460910439491272,-22.973390579223633,-0.11862834294637044,-16.361477851867676,11.74068832397461,11.506388346354166,25.341662724812824,15.342551231384277,0.018805815527836483,0.04487883144368728,0.10157141586144765,0.051922768354415894,0.05318048782646656,0.09856589448948701,0.44029568632443744,1.0,0.2550007849931717,0.03957134019583464,0.031515918051203094,0.023042015576114256
0.75-0.25-0.25-0.0-0.5,0.09625811874866486,100.0,3917.382463926733,0.009316775482147932,9804.78515625,-150.9939422607422,110.6050542195638,2.058729827404022,46.55491511027018,-3.698167403539022,21.731210072835285,4.189508040746053,14.53438949584961,-4.516012350718181,-0.39934686819712323,8.78173041343689,-0.9683707555135092,10.061030546824137,0.46351850032806396,0.5607621272404989,0.6020675798257192,0.6595748364925385,0.7378564675649008,0.8783752918243408,0.9732303818066915,0.8814965685208639,0.7759727040926615,0.6407683889071146,0.51590695977211,0.44220881660779315
0.75-0.25-0.25-0.0-0.75,0.02177366117636363,7559.847215797269,1300.7767644228354,0.0007276815880080297,2002.587890625,-450.59779866536456,176.68702189127603,24.520556449890137,9.99498716990153,12.845737139383951,8.133748054504395,4.870695273081462,9.285072644551596,10.23767375946045,8.632080713907877,3.3225619792938232,1.2660288016001384,6.70986795425415,0.7923340797424316,0.8567222952842712,0.850820263226827,0.8780977129936218,0.9376067320505778,0.9555155833562216,0.9539905985196432,0.8881495396296183,0.8316500782966614,0.8019465804100037,0.7687540253003439,0.720682700475057
0.75-0.25-0.25-0.25-0.0,0.22438705960909525,366.8964483881507,2423.0558345642585,0.0017695765806517254,5512.5,-133.36526234944662,144.92496744791666,-28.9790354569753,42.40136400858561,-1.7725939750671387,11.133248130480448,-9.639148871103922,5.566050211588542,-6.943548997243245,1.5233464241027832,-1.2385740280151367,-1.6061208248138428,-0.8402423858642578,0.10496737497548263,0.17014832297960916,0.1352846920490265,0.14878979045897722,0.23224661871790886,0.558743953704834,1.0,0.6073454817136129,0.20928018788496652,0.1071497763817509,0.11205958264569442,0.09123199339956045
0.75-0.25-0.25-0.25-0.25,0.11505254730582237,7432.23788533717,2000.898879830945,0.004922281301939317,4557.861328125,-222.39968872070312,152.19749450683594,-1.425761063893636,39.912291844685875,7.4329802592595415,19.928131739298504,9.694984594980875,8.528936703999838,4.254888534545898,-0.2892974217732747,0.16810321807861328,0.7261606852213541,6.544541041056315,0.8485046823819479,0.8462162613868713,0.8617521325747172,0.879827638467153,0.9020424882570902,0.8950186173121134,0.8631571531295776,0.8495036164919535,0.8610708912213644,0.8688025077184042,0.8461268941561381,0.8140528599421183
0.75-0.25-0.25-0.25-0.5,0.009877565006415049,117.93372273023652,2295.597861108988,0.004763529121798153,5440.72265625,-423.1701965332031,167.16442362467447,-1.9055079619089763,33.45065180460612,6.746668577194214,15.299861907958984,7.486345291137695,6.868196169535319,4.980408509572347,3.4832815726598105,4.689196149508159,1.9786974291006725,2.2269351482391357,0.8782939910888672,0.6491736570994059,0.5185259977976481,0.5429198741912842,0.5186127722263336,0.48960577448209125,0.6037700970967611,0.7093226710955302,0.7809137304623922,0.835069497426351,0.9193810423215231,0.9874565601348877
0.75-0.25-0.25-0.25-0.75,0.0753918041785558,22050.0,1440.2561765832236,0.002803457855719671,2433.251953125,-338.9860534667969,168.1272989908854,16.57063579559326,18.549996693929035,27.37337875366211,13.285842259724935,7.535969098409017,14.553984959920248,9.142603874206543,5.45636526743571,8.328133742014566,5.876633882522583,4.84838072458903,0.6828451355298361,0.7575556039810181,0.8599885304768881,0.951602836449941,0.9796825249989828,0.9328766266504923,0.8788805603981018,0.8235959609349569,0.7615509231885275,0.7321320176124573,0.7121510108311971,0.6715219418207804
0.75-0.25-0.25-0.5-0.0,0.08978314697742462,111.97531328647852,2413.268351646491,0.002768069311665992,5656.0546875,-180.14603169759116,147.06173706054688,-4.600307782491048,43.191907246907554,-2.9042908350626626,22.808371861775715,-3.3731689453125,14.343585968017578,-2.222550551096598,8.507824579874674,-0.914466142654419,4.373674472173055,0.16888801256815592,0.9152686595916748,0.8614830573399862,0.6907903949419657,0.6106506586074829,0.6178717017173767,0.6642526288827261,0.6886535584926605,0.724194864432017,0.7852421601613363,0.8480661511421204,0.8571632305781046,0.869117259979248
0.75-0.25-0.25-0.5-0.25,0.11706703652938207,1190.4269822477008,4840.021759946176,0.0059007685534500825,9926.806640625,-191.14139811197916,30.84786860148112,-50.09920120239258,1.6043090621630351,-33.38845189412435,17.85340166091919,0.6075949668884277,37.60942840576172,14.619614283243815,9.557011604309082,-24.315783818562824,-9.889536380767822,-3.244743982950846,0.01858949971695741,0.22613455851872763,1.0,0.24585400521755219,0.017895750313376386,0.010083640149484078,0.01658731698989868,0.005346282540510098,0.011423936036104957,0.05068245312819878,0.013947855914011598,0.00852895916129152
0.75-0.25-0.25-0.5-0.5,0.02876241070528825,100.0,2723.6522803215053,0.004645955593635638,6395.361328125,-274.9144236246745,143.2380167643229,-7.799352616071701,38.449432373046875,-7.979421854019165,21.54005750020345,-5.296448806921641,13.00600814819336,-4.065676371256511,6.022250096003215,-3.4387282331784568,3.1705083648363748,-4.315745135148366,0.38517163693904877,0.3873963803052902,0.44498570760091144,0.4290982981522878,0.4543190697828929,0.5294540524482727,0.6908509731292725,1.0,0.9478358626365662,0.6689519683519999,0.47068169713020325,0.4174899657567342
0.75-0.25-0.25-0.5-0.75,0.022716478444635868,1082.3252295750501,3077.2255935022617,0.006750209203649622,6086.71875,-356.4336853027344,113.77639897664388,-38.87917137145996,18.56058645248413,-14.558292388916016,10.826170603434244,8.443703174591064,17.651559193929035,26.826571146647137,21.151879628499348,2.212582508722941,-10.119412630796432,-11.118149360020956,0.39165431757767993,1.0,0.40985021491845447,0.2289054710417986,0.22455352203299603,0.23522450185070434,0.2046723437961191,0.19744540378451347,0.24475379288196564,0.19554091524332762,0.1805137696210295,0.19264043495059013
0.75-0.25-0.25-0.75-0.0,0.03978700563311577,14733.333333333334,3103.942949785703,0.013921850690773377,7062.890625,-256.61109415690106,133.2525431315104,-10.793216705322266,27.011009852091473,2.202536424001058,24.563283284505207,0.7087389628092448,11.832000255584717,5.047411282857259,7.739875316619873,2.7844557762145996,7.875715454419454,1.2163920402526855,0.9612306555112203,0.9342275261878967,0.9060719609260559,0.7968241373697916,0.7985531687736511,0.845091183980306,0.785570502281189,0.7511605223019918,0.7998761932055155,0.8726692001024882,0.9254559675852457,0.9595906138420105
0.75-0.25-0.25-0.75-0.25,0.12760372708241144,7416.666666666667,3228.805243913139,0.006669751834124327,7680.17578125,-141.49649556477866,124.9768549601237,-0.984472910563151,38.69502512613932,3.021334648132324,20.936927795410156,4.8962632815043134,10.99635648727417,4.261248747507731,5.520186225573222,2.8936450481414795,3.483720143636068,2.5558231671651206,0.8784632881482443,0.8783833185831705,0.952101985613505,0.9170304934183756,0.9311090707778931,0.9282630483309428,0.8478611906369528,0.7831633687019348,0.7316929300626119,0.7086919844150543,0.7648830413818359,0.8240824937820435
0.75-0.25-0.25-0.75-0.5,0.08447998017072678,168.5097976499834,2833.921371820783,0.006990616287415226,6431.25,-153.8175048828125,141.4696502685547,-13.839386940002441,31.61790148417155,-3.837447007497152,20.020026524861652,-4.845269997914632,12.050355275472006,-0.06738924980163574,1.077675501505534,-8.474632263183594,-1.2011909584204357,-4.4671415487925215,0.44207386672496796,0.5907138685385386,0.6032610436280569,0.45045670370260876,0.43191855152448017,0.6121736764907837,0.7712314327557882,0.8336163957913717,0.6640537083148956,0.483863964676857,0.4275544782479604,0.383636012673378
0.75-0.25-0.25-0.75-0.75,0.033769469087322555,119.88912182281484,2596.159499110264,0.0054344190284609795,5878.564453125,-248.09693908691406,148.59739685058594,-12.512827356656393,38.122426986694336,-6.330953578154246,22.164512634277344,-5.830652117729187,9.562418778737387,-4.354494035243988,9.195292949676514,1.206711694598198,9.355602423350016,1.709797203540802,0.6278731326262156,0.7214346130688986,0.616526742776235,0.5969494978586832,0.7791405022144318,0.727012574672699,0.7059554358323415,0.7407570083936056,0.6967097620169321,0.7623611092567444,0.7349538306395212,0.6751038730144501
0.75-0.25-0.5-0.0-0.0,0.07125111917654674,153.97774108127138,1573.104615563202,0.0017068647224126228,3409.423828125,-272.58754475911456,178.45650227864584,-22.39861297607422,44.6322135925293,2.1159037351608276,17.21030871073405,8.678300380706787,8.604867299397787,7.4297300974528,5.705401261647542,6.986993789672852,4.520950794219971,5.100415786107381,0.7685549656550089,0.7983982165654501,0.8749958674112955,0.9322832425435384,0.9355243245760599,0.9666147828102112,0.9199077288309733,0.9176761507987976,0.87459397315979,0.8525504072507223,0.7943371733029684,0.7375205159187317
0.75-0.25-0.5-0.0-0.25,0.08794510612885158,14737.570320788438,1145.4589533140495,0.0002382017267639943,2103.076171875,-380.6531575520833,134.0188013712565,18.12163480122884,40.75145594278971,7.180322488149007,26.649401982625324,7.737535158793132,17.664058049519856,6.206055641174316,12.50188128153483,6.122381528218587,9.097071647644043,5.497685790061951,0.7669597069422404,0.834278424580892,0.907666027545929,0.9657169580459595,0.9998577038447062,0.9937628308931986,0.9493129849433899,0.8995242317517599,0.8418429891268412,0.7784198125203451,0.7103899916013082,0.6822236776351929
0.75-0.25-0.5-0.0-0.5,0.08778209363420804,7419.382256520814,804.747530957626,0.00016428534391366156,1126.904296875,-349.0393371582031,226.92815653483072,14.695599873860678,17.168734550476074,21.510337193806965,8.722028096516928,11.954898198445639,8.021875222524008,6.883752981821696,7.1759467124938965,5.316881815592448,5.343236446380615,4.616575638453166,0.683215856552124,0.7679927945137024,0.8744969169298807,0.929953912893931,0.9699589411417643,0.9621188243230184,0.9387753407160441,0.9186338186264038,0.9514774878819784,0.8996368845303854,0.7557370464007059,0.7285173535346985
0.75-0.25-0.5-0.0-0.75,0.2912643750508626,14733.732191772307,1993.7936392214508,0.0012923363926044356,4565.0390625,-116.25664774576823,150.79945373535156,-7.350324471791585,36.87861760457357,-1.3906156222025554,27.561330159505207,-0.3425503571828206,14.919813474019369,4.139688923954964,12.435594240824381,3.4075262447198233,11.245648384094238,5.648152271906535,0.7186660567919413,0.7677355209986368,0.8411059776941935,0.874962329864502,0.8888453841209412,0.8543249766031901,0.850111722946167,0.8421301444371542,0.8967157999674479,0.8328219652175903,0.7635979652404785,0.7470625241597494
0.75-0.25-0.5-0.25-0.0,0.06262246643503507,184.4537585122351,1599.8789324307218,0.00112900403716291,2978.759765625,-260.8240509033203,180.20478312174478,2.7060982386271157,31.43622589111328,6.057061513264974,15.302512486775717,0.12099281946818034,7.508051077524821,0.900705099105835,3.3111274242401123,0.13361040751139322,4.133225639661153,3.969812750816345,0.5281003415584564,0.5939000248908997,0.6862222750981649,0.6735874811808268,0.6909835239251455,0.7824610869089762,0.8019433418909708,0.7423506180445353,0.633634994427363,0.6094435403744379,0.5844629655281702,0.5728822102149328
0.75-0.25-0.5-0.25-0.25,0.05597363660732905,14733.629652392461,1413.9228665252285,0.0006113109002399142,2727.5390625,-361.9754638671875,160.2228546142578,-13.12014897664388,24.907253901163738,23.75586700439453,11.749289353688559,10.69717025756836,16.771807034810383,5.920601735512416,8.657188812891642,12.590443929036459,3.2430946429570517,12.403833707173666,0.826967179775238,0.8460339307785034,0.8761918544769287,0.8763251503308614,0.889471173286438,0.8809513648351034,0.8807737429936727,0.8818207780520121,0.8549349705378214,0.7975624402364095,0.7557626763979594,0.7905579606691996
0.75-0.25-0.5-0.25-0.5,0.14566644529501596,7465.345425724248,2264.012731855728,0.0034237800379438945,5117.724609375,-144.59014383951822,154.43921915690103,-18.625425974527996,37.76543935139974,-3.7001123428344727,21.145215670267742,-0.8317152659098307,13.596178849538168,-2.0394161542256675,6.310453176498413,-2.6976701418558755,5.250473499298096,1.12517253557841,0.7275365392367045,0.6680744787057241,0.6792876223723093,0.6644036620855331,0.7206924657026926,0.8125656048456827,0.6964479188124338,0.6153346300125122,0.6499154071013132,0.7726026376088461,0.8926783998807272,0.8243786295255026
0.75-0.25-0.5-0.25-0.75,0.10543510069449742,127.72553594084354,3187.6041151554564,0.006278406983862321,7235.15625,-126.10042317708333,124.27630615234375,-25.167068481445312,41.974221547444664,-11.95061461130778,25.574899037679035,-7.813546737035115,14.669883728027344,-11.696861267089844,3.4749954541524253,-8.617428004741669,4.656246344248454,-4.779187738895416,0.21669340630372366,0.299053430557251,0.3496815313895543,0.3863811492919922,0.5164538621902466,0.5375843296448389,0.747392604748408,0.9723028540611267,0.6212036609649658,0.34621994694073993,0.2594902068376541,0.20586280028025308
0.75-0.25-0.5-0.5-0.0,0.184613103667895,291.3305731761772,3373.2511779119945,0.0077530912434061365,7378.7109375,-64.95801289876302,123.23567199707031,-31.214484532674152,28.48390007019043,-30.34741973876953,4.491117795308431,-20.602302233378094,12.902105649312338,-7.86856214205424,-0.693869431813558,-17.098005930582683,0.8193344473838806,-9.91774034500122,0.15881255269050598,0.3572807510693868,0.6691922942797343,0.5435484051704407,0.3208666294813156,0.20979415252804756,0.16780167197187743,0.15270490696032843,0.3053557326396306,1.0,0.5784351627031962,0.12563895309964815
0.75-0.25-0.5-0.5-0.25,0.08506545672814052,333.65086834012686,2571.05973044365,0.005437116449077924,5347.412109375,-169.95873514811197,158.6922607421875,-4.5198313395182295,4.474687119325002,-21.058519045511883,14.210552533467611,-15.6669282913208,2.62714284658432,-1.657100518544515,-8.029440720876059,3.202563007672628,-4.008380174636841,-1.1010932524998982,0.15346992388367653,0.16901424154639244,0.20282723009586334,0.287057489156723,0.22142269710699716,0.19113566974798837,0.3649558797478676,0.6981410384178162,0.8658280769983927,0.4599374830722809,0.19578231498599052,0.15471124897400537
0.75-0.25-0.5-0.5-0.5,0.11489665756622951,100.0,2442.1084619834323,0.0030557840752104917,5670.41015625,-163.6352971394857,145.81158955891928,-8.940766334533691,38.8362185160319,-3.984906037648519,25.52482732137044,-0.2037328084309896,15.662885665893555,-1.3325767517089844,9.757084210713705,1.0581159790356953,5.137722452481587,-2.090936462084452,0.837227443854014,0.8715373476346334,0.8377888003985087,0.7388883431752523,0.7369024157524109,0.8371785283088684,0.9658510684967041,0.9599961042404175,0.894555926322937,0.8083231250445048,0.7754054168860117,0.7747727731863657
0.75-0.25-0.5-0.5-0.75,0.013486015455176434,1043.2336095703693,1945.1264796657135,0.0013395469008704215,3732.421875,-476.51490275065106,146.53276824951172,-31.878647327423096,3.9584669272104898,10.437924067179361,11.39383331934611,14.309698740641275,11.550885836283365,17.189510981241863,7.7545692920684814,-5.683521509170532,-2.0579002300898233,12.597073554992676,0.2739124366392692,0.2857170595477025,0.45009850958983105,1.0,0.4290663500626882,0.29125382751226425,0.27778196707367897,0.2685180604457855,0.26367638632655144,0.2669023306419452,0.28656945129235584,0.263693667948246
0.75-0.25-0.5-0.75-0.0,0.11295393606026967,242.5633253397477,4350.460757483151,0.011990739963948727,9546.38671875,-106.00131734212239,99.9778340657552,-12.623550097147623,57.922620137532554,-10.285189628601074,23.308916091918945,-4.320426146189372,26.79301643371582,-27.262441635131836,5.303584098815918,-7.917489051818848,-15.432173411051432,-18.78439712524414,0.3203386316696803,0.27937110761801404,0.3138926674922307,0.3737139155467351,0.608848104874293,0.8837923010190328,0.7145264744758606,0.5009524722894033,0.3284547080596288,0.2101326808333397,0.16894644995530447,0.2408626824617386
0.75-0.25-0.5-0.75-0.25,0.05311440645406643,22050.0,1245.1783640019578,0.0014638709385460895,2770.60546875,-519.8089599609375,150.54950968424478,61.4064089457194,44.3294563293457,26.55441157023112,20.798491795857746,18.051687240600586,16.030717213948567,12.793505350748697,8.472321510314941,5.203280607859294,3.730041265487671,4.4288196961085005,0.8346174160639445,0.8953772981961569,0.9530317187309265,0.98624054590861,0.9878724416097006,0.9445126056671143,0.8656609455744425,0.816351572672526,0.7802659074465433,0.7536874016125997,0.7319032152493795,0.7462461590766907
0.75-0.25-0.5-0.75-0.5,0.07577819253007571,7427.5784895966435,2396.350472720293,0.008258597920454728,5490.966796875,-245.9106190999349,157.11992390950522,-10.030104955037435,39.9084587097168,-0.8347558577855428,13.598405202229818,-1.260984202226003,4.125775973002116,4.44587254524231,8.79734186331431,6.2658077875773115,0.2905993660291036,-2.2120936711629233,0.9534219106038412,0.9268925189971924,0.9534204800923666,0.942378302415212,0.8931494355201721,0.9029181003570557,0.879854142665863,0.8415180842081705,0.7869043747584025,0.7482718725999197,0.7834333380063375,0.8811545968055725
0.75-0.25-0.5-0.75-0.75,0.20885671178499857,151.37737284120536,3855.3520321411866,0.020993895828723907,8340.52734375,-23.905033270517986,114.88549296061198,-30.201516151428223,23.753040949503582,-16.84192403157552,16.73028564453125,-9.75534184773763,9.158921718597412,-6.667290687561035,6.84442925453186,-2.4727771282196045,9.83760658899943,6.806473940610886,0.3332854111989339,0.4726422429084778,0.6796818375587463,0.755247175693512,0.4793005386988322,0.5061523814996084,0.3655728797117869,0.2041430026292801,0.13889821618795395,0.2339993417263031,0.2485334873199463,0.20407437284787497
0.75-0.25-0.75-0.0-0.0,0.043127444883187614,277.80473504101934,3967.8945223270252,0.016040141073366005,8512.79296875,-187.4297078450521,104.73117574055989,-37.14092254638672,19.337438583374023,-30.45738156636556,6.814547856648763,-12.23874537150065,20.654117266337078,8.127067744731903,20.50219217936198,-0.888241320848465,6.523256063461304,-1.2624843915303547,0.37553421904643375,0.7789246042569479,0.5432567695776621,0.14670866231123605,0.1612237518032392,0.18683816492557526,0.16759584844112396,0.23570092022418976,0.8802780906359354,0.8027409116427103,0.318710021674633,0.3353089615702629
0.75-0.25-0.75-0.0-0.25,0.021309081465005875,2627.9147277057045,5198.4435786023705,0.0054716305652012425,11261.865234375,-354.3157043457031,56.38643137613932,2.6201213200887046,39.559590657552086,-14.549832026163736,16.213454564412434,1.0744868516921997,14.000003496805826,3.113820473353068,29.310890197753906,1.1684818267822266,22.045974413553875,18.788962682088215,0.32167617169519264,0.33453111226360005,0.3528157211840153,0.3292892488340537,0.3500308518608411,0.3628305767973264,0.6116973559061686,1.0,0.3779437815149625,0.353232704102993,0.31006603812177974,0.30854936068256694
0.75-0.25-0.75-0.0-0.5,0.033592079455653824,100.0,2638.042312198894,0.005690615352553626,6345.1171875,-279.9982401529948,143.8464813232422,-4.0287125905354815,41.7945982615153,-2.631901741027832,23.752566973368328,-5.869771798451741,11.62933095296224,-4.381174246470134,11.760583877563477,3.117406407992045,10.498102823893229,-1.151708761850993,0.9135252038637797,0.9322594006856283,0.9067780176798502,0.9554636677106222,0.8847347100575765,0.7431755463282267,0.7028180360794067,0.7048357526461283,0.7267584999402364,0.7806072036425272,0.8470403353373209,0.9118774135907491
0.75-0.25-0.75-0.0-0.75,0.06157842402656873,14733.333333333334,1914.620315260263,0.00417266246544538,4285.107421875,-308.3274790445964,162.4782257080078,30.90113067626953,20.73655954996745,19.3924617767334,13.569677352905273,9.553633689880371,9.631688435872396,6.298168341318767,5.421398162841797,4.924154758453369,3.782038927078247,3.8351303736368814,0.8526084621747335,0.8613578677177429,0.9328811764717102,0.9526432752609253,0.9447516004244486,0.8830844561258951,0.8238062659899393,0.8238303462664286,0.8327315052350363,0.8083303570747375,0.7963201999664307,0.8374130328496298
0.75-0.25-0.75-0.25-0.0,0.0031926687030742564,22050.0,1915.5290822366942,0.002520584252624284,4730.126953125,-689.5946451822916,96.6406987508138,26.158926010131836,28.367039998372395,21.84453837076823,20.616200764973957,17.586628595987957,15.914453506469727,13.764482657114664,12.257631460825602,10.65738026301066,9.453559875488281,8.266138235727945,0.7937124371528625,0.850964367389679,0.9138722817103068,0.9644937316576639,0.9978418548901876,0.9934932788213094,0.9491133491198221,0.9050520857175192,0.8551244338353475,0.7997479637463888,0.7388352751731873,0.7144391338030497
0.75-0.25-0.75-0.25-0.25,0.02994488241771857,167.26622456063424,3729.8994807259483,0.009927125026782354,7902.685546875,-241.6299794514974,103.86496988932292,-48.48225529988607,30.74612299601237,-14.129525820414225,33.97342904408773,7.518719206253688,31.763664881388348,1.9605395197868347,6.158681432406108,-10.135870615641275,10.682774225870768,4.657278776168823,0.338058998187383,0.2884293893973033,0.2948279306292534,0.467492272456487,0.5821474492549896,0.9873668948809305,0.651841551065445,0.5111337304115295,0.389987791577975,0.32959648470083874,0.2700785572330157,0.31542960554361343
0.75-0.25-0.75-0.25-0.5,0.06174539960920811,7475.895036745504,2079.615270919814,0.0020694138196025356,4722.94921875,-325.3434753417969,137.04723103841147,9.324350913365683,33.36042022705078,7.765265146891276,19.714680989583332,6.950058142344157,11.706364631652832,4.285645008087158,4.976025740305583,2.7395232518514,3.9961060633262,5.621472040812175,0.7368694941202799,0.7555861473083496,0.8138532241185507,0.8934182325998942,0.9554056922594706,0.9400950074195862,0.9349075158437093,0.9143322110176086,0.8841954668362936,0.8126939733823141,0.7351313829421997,0.7177316546440125
0.75-0.25-0.75-0.25-0.75,0.048256825655698776,108.44122041261785,3402.907442074856,0.012787488910059134,7378.7109375,-181.42078653971353,128.1565424601237,-32.46971066792806,29.198474884033203,-16.21086597442627,18.249234199523926,-10.436052997907003,11.937194168567657,-1.0006500879923503,17.11385981241862,7.482761780420939,17.89473565419515,4.173051754633586,0.342475747068723,0.2851458142201106,0.3547769586245219,0.38326555490493774,0.35224385062853497,0.40432120362917584,0.5370457371075948,0.7929707368214926,0.6403074264526367,0.6445863544940948,0.47781147559483844,0.4135068754355113
0.75-0.25-0.75-0.5-0.0,0.07008445759614308,14778.236024211403,1590.0653485606374,0.0018171522676790157,3423.779296875,-369.43800862630206,127.52198791503906,46.04925791422526,36.39969825744629,21.724864323933918,17.100560506184895,13.581844011942545,12.038061141967773,9.600372791290283,7.552138169606526,5.698436101277669,4.809065341949463,4.221525986989339,0.7312106490135193,0.7330195705095927,0.7701155742009481,0.8141301075617472,0.866912841796875,0.8898198405901591,0.9162235061327616,0.89914870262146,0.8460182746251425,0.7972818414370219,0.7708539962768555,0.7269364297389984
0.75-0.25-0.75-0.5-0.25,0.08963943272829056,100.0,1086.849327607697,0.00016660203497546414,2196.38671875,-289.7280578613281,184.755615234375,3.4678871631622314,63.12842051188151,22.920984903971355,13.173991521199545,-6.243284732103348,10.303890387217203,20.41148312886556,5.860673109690349,-10.10358715057373,8.39451120297114,11.865997632344564,0.5568538208802541,0.5712608496348063,0.6259024838606516,0.7180783152580261,0.8548223177591959,0.9444111386934916,0.8863567312558492,0.8363826672236124,0.7698207100232443,0.7464208404223124,0.690545896689097,0.5943336486816406
0.75-0.25-0.75-0.5-0.5,0.08040010680754979,7416.666666666667,2007.9835740037506,0.0013143024504339944,4701.416015625,-256.2586975097656,146.60030110677084,-4.4025737047195435,42.10662841796875,-1.2001091639200847,25.775305430094402,0.4888278643290202,15.488224029541016,0.6541302998860677,8.547386248906454,1.4053864379723866,6.347276369730632,3.9063488145669303,0.8781150778134664,0.8886169592539469,0.9500654538472494,0.9902892510096232,0.964776893456777,0.9075977206230164,0.8339576919873556,0.8323712944984436,0.8472104072570801,0.8433457612991333,0.8211358586947123,0.8240236639976501
0.75-0.25-0.75-0.5-0.75,0.0550785722831885,1179.3138760394884,2480.319141276816,0.001983680204527142,5038.76953125,-286.7936604817708,137.70919036865234,-26.20900233586629,36.356950759887695,-0.6759481430053711,17.090805053710938,11.113963762919107,16.102001825968426,11.35219701131185,12.221450169881185,-2.952756961186727,-8.917895952860514,1.1096858183542888,0.21026775116721788,0.38247179985046387,1.0,0.34923794865608215,0.18124846927821636,0.18624960134426752,0.19159707923730215,0.18371271838744482,0.19158628086249033,0.2743678589661916,0.19691883151729903,0.1828098651021719
0.75-0.25-0.75-0.75-0.0,0.03675445169210434,7417.313249294436,1933.233774603342,0.0017645808402448893,4220.5078125,-343.6335856119792,174.0176239013672,7.123908996582031,19.562800725301106,13.84481938680013,16.760934193929035,5.659052054087321,12.093768119812012,4.380453457434972,8.962588946024576,4.296852429707845,6.639909108479817,2.7805583477020264,0.7616231044133505,0.7669735153516134,0.842205544312795,0.9213480949401855,0.9562134146690369,0.9999425609906515,0.9238984982172648,0.856351375579834,0.851981004079183,0.860355019569397,0.8019957542419434,0.7654245893160502
0.75-0.25-0.75-0.75-0.25,0.004281925658384959,1259.7488252009891,7277.330388342466,0.01599315064959228,12833.7890625,-477.47381591796875,18.215957323710125,-19.76216383775075,25.921476046244305,-35.39242935180664,20.5733642578125,0.07004300753275554,23.24161211649577,7.623956004778544,4.452435811360677,-30.007495880126953,7.789281368255615,-9.284555514653524,0.0562079002459844,0.09383848682045937,0.18505089481671652,0.6587037046750387,0.20325960218906403,0.04626959686477979,0.03792002610862255,0.18973270058631897,0.18863062063852945,0.05054903030395508,0.8372679352760315,1.0
0.75-0.25-0.75-0.75-0.5,0.1436855966846148,7612.8285116659235,2709.4279333254394,0.004701887626045694,6424.072265625,-125.05949401855469,138.5145721435547,-13.10996182759603,34.64456303914388,-18.474511464436848,20.730086962382,-4.049450000127156,19.266911188761394,-5.539566993713379,7.288189649581909,1.002525806427002,9.277053276697794,-7.025163014729817,0.5845508972803751,0.5670126428206762,0.5722195853789648,0.6036682426929474,0.7427531282107035,0.9292575915654501,0.9648804267247518,0.9054129322369894,0.7508429884910583,0.5832573175430298,0.5214726080497106,0.587383970618248
0.75-0.25-0.75-0.75-0.75,0.05506325885653496,193.30144197877803,2780.205949321698,0.004765533066044251,6531.73828125,-203.56791178385416,140.83519490559897,-10.097353299458822,35.06785202026367,-8.642758587996164,22.81732114156087,-2.372335195541382,14.238828976949057,-1.163801630338033,10.683753649393717,-1.1683325171470642,5.147149085998535,2.7281033992767334,0.5787567396958669,0.5086954832077026,0.538819432258606,0.6447607378164927,0.6477126677831014,0.7329074144363403,0.8651569286982218,0.8996387918790182,0.7246941725413004,0.5742373069127401,0.5156420767307281,0.5236087739467621
0.75-0.5-0.0-0.0-0.0,0.04433761164546013,7418.240685621046,1682.8979375901051,0.002997038380205671,3409.423828125,-350.64817301432294,173.38509114583334,38.5042724609375,23.72990353902181,21.06753094991048,14.933632214864096,8.847746213277182,8.849165598551432,5.926826159159343,3.6859334309895835,2.5679864088694253,0.771033763885498,0.09796913464864095,0.8775558471679688,0.8608555595080057,0.8281767169634501,0.8237799207369486,0.8398320078849792,0.8799702525138855,0.842440108458201,0.8769790927569071,0.889888326327006,0.8854477405548096,0.8168447812398275,0.8178597489992777
0.75-0.5-0.0-0.0-0.25,0.04610567229489485,291.54494522110076,1915.303205233017,0.0029236432757594835,4378.41796875,-296.05901590983075,188.29984029134116,-13.705310821533203,19.26980749766032,6.330619017283122,2.0301183064778647,9.346648534138998,3.772101799647013,-1.0402150948842366,0.5454490184783936,0.27638258536656696,-0.3130335807800293,-0.6490899324417114,0.7294407288233439,0.7772385875384012,0.7829561134179434,0.810871402422587,0.614327092965444,0.46788827578226727,0.437641774614652,0.45988402950267,0.4181959057847659,0.40670062353213626,0.45710934698581696,0.5321601952115694
0.75-0.5-0.0-0.0-0.5,0.012771733570843935,126.66610101344746,3111.215118623695,0.013384677935391665,6416.89453125,-358.8972880045573,134.89446512858072,-28.076881671945255,41.60785929361979,-12.20614189406236,19.16009744008382,-8.209376295407614,11.921039263407389,-5.797079245249431,12.818557739257812,-6.791815280914307,14.1884126663208,-5.79441233476003,0.7852003375689188,0.767163465420405,0.9465237458546957,0.8051579793294271,0.6979625920454661,0.7808392445246378,0.6926049590110779,0.8828650116920471,0.7685215075810751,0.6476441323757172,0.6292188366254171,0.8342130780220032
0.75-0.5-0.0-0.0-0.75,0.025148596614599228,582.3976884776604,1782.7079151440882,0.0009287924614606405,3000.29296875,-399.1479085286458,184.39326985677084,-48.7817268371582,-1.8425944646199544,-2.0712550481160483,-13.95425566037496,-12.291314919789633,-4.933343172073364,-1.5033078988393147,-10.446950594584147,-7.193817615509033,-1.9263367652893066,5.6016489664713545,0.050647829504062734,0.3557194223006566,1.0,0.4046376446882884,0.05492788522193829,0.02485933139299353,0.030486492440104485,0.013224457312996188,0.02621625146518151,0.09074952080845833,0.03004819092651208,0.02038457690893362
0.75-0.5-0.0-0.25-0.0,0.040843382477760315,1251.422973847997,2853.9479783777574,0.0037519821210783753,6273.33984375,-282.7733561197917,131.5389404296875,-15.164875666300455,29.033910115559895,-2.3283499081929526,11.221679051717123,1.421218027671178,6.253392656644185,2.1340696811676025,4.8321263790130615,9.935433069864908,15.236154874165853,2.609371542930603,0.30013056968649227,0.3002186696976423,0.30306328150133294,0.3041831615070502,0.31442859830955666,0.32176607350508374,0.2846675794571638,0.2954952760289113,0.29047153890132904,0.39918898542722064,1.0,0.3596847355365753
0.75-0.5-0.0-0.25-0.25,0.0410623773932457,22050.0,640.5200787791317,0.00019864371792640187,552.685546875,-544.1935017903646,132.93880716959634,60.57939020792643,44.317687352498375,31.45685323079427,21.980093002319336,18.024985631306965,16.811100323994953,14.880397955576578,13.48599116007487,10.850079218546549,8.646582444508871,7.574448903401692,0.8104319969813029,0.8665956854820251,0.9232832988103231,0.9703638156255087,0.9985771973927816,0.9855480988820394,0.9315979679425558,0.8849705656369528,0.839263379573822,0.7932362755139669,0.7431885997454325,0.7280868887901306
0.75-0.5-0.0-0.25-0.5,0.04504510387778282,136.17455387372894,2891.9325469339333,0.004440726052659254,6696.826171875,-213.17089335123697,142.51453653971353,-24.177738825480144,49.52831013997396,-15.594559669494629,20.133975982666016,-22.60339132944743,0.9002559979756674,-14.554550170898438,11.654601097106934,1.8705167770385742,7.445871035257976,-10.668985962867737,0.660552183787028,1.0,0.6409688194592794,0.33154148360093433,0.3345671047767003,0.43504805366198224,0.2159623776872953,0.39174779256184894,0.7539925376574198,0.4207875331242879,0.291995237270991,0.41002721587816876
0.75-0.5-0.0-0.25-0.75,0.028212734187642734,145.73274594234513,1702.2453468673366,0.0015603333231410943,3509.912109375,-360.1334635416667,184.89763895670572,-0.9902706146240234,37.220879236857094,5.5823319753011065,11.148399670918783,4.610003074010213,7.551585674285889,8.441061973571777,6.1646246910095215,1.6877694924672444,0.01731276512145996,4.795423110326131,0.4919343888759613,0.607087105512619,0.8585031032562256,0.9940390984217325,0.8840686678886414,0.914798895517985,0.6932841340700785,0.4887964924176534,0.5426005820433298,0.6178069114685059,0.588319460550944,0.5896888772646586
0.75-0.5-0.0-0.5-0.0,0.009629569016397,1664.7136875258936,3252.1076255615085,0.00289892372287189,6445.60546875,-448.64404296875,109.56327311197917,-7.3382720947265625,38.0247433980306,16.533096313476562,38.26369412740072,-6.355685551961263,4.6213902334372206,5.16677991549174,21.892308394114178,-5.88827387491862,-1.3456599315007527,1.338521162668864,0.3038399924213688,0.2933740261942148,0.41706840693950653,0.969934364159902,0.4812675714492798,0.3636174543450276,0.3044459540396929,0.27725209513058263,0.29281254826734465,0.303712021249036,0.3118441328406334,0.29596519221862155
0.75-0.5-0.0-0.5-0.25,0.11397895961999893,5376.13563563328,3807.980749161577,0.007340279563019673,8132.373046875,-192.63155619303384,104.47484334309895,-4.722692886988322,31.31698449452718,-3.286595185597738,23.508883794148762,1.880202015240987,11.060510118802389,1.4532289902369182,13.223433335622152,5.7041075229644775,19.3115660349528,1.8850547075271606,0.4176788677771886,0.4267166828115781,0.4621094614267349,0.4467107554276784,0.44475118815898895,0.46797747910022736,0.6168637971083323,0.7599461674690247,0.6336151758829752,0.49156258006890613,0.6701317007342974,0.5066126734018326
0.75-0.5-0.0-0.5-0.5,0.05396625647942225,169.22019664542918,1220.1718737375588,0.0006432187225679323,2016.943359375,-304.73145548502606,202.55547078450522,-8.146121978759766,32.62060038248698,5.172331929206848,11.206051190694174,13.870455423990885,13.172852198282877,5.924159049987793,-3.3372956911722818,3.310683250427246,4.840610186258952,-2.693276345729828,0.8805951476097107,0.836912473042806,0.9154160022735596,0.9740032156308492,0.8967999219894409,0.820924719174703,0.7293864687283834,0.7171106338500977,0.6655828754107157,0.6188761591911316,0.6178740461667379,0.7982141772905985
0.75-0.5-0.0-0.5-0.75,0.015411981381475925,15032.4523631885,1935.2767159570128,0.0031260277559492047,4349.70703125,-489.7291768391927,152.76985677083334,4.0858919223149615,16.434457461039226,7.437562704086304,11.909625053405762,14.30117130279541,14.013896942138672,18.001358032226562,16.894582748413086,10.838794390360514,-1.0222657521565754,-6.960848808288574,0.596724251906077,0.551615446805954,0.5825336277484894,0.6306381523609161,0.6766867140928904,0.6835072735945383,0.6599724988142649,0.6001416146755219,0.552671213944753,0.5761290788650513,0.8529009421666464,0.8327327768007914
0.75-0.5-0.0-0.75-0.0,0.14799373596906662,346.36110939451555,2714.3941428517555,0.0038258524145931005,5971.875,-112.32962163289388,153.75919596354166,-41.62111155192057,25.716015497843426,-25.37856928507487,18.495954672495525,-11.523157517115274,9.223530451456705,-4.600478808085124,16.37572209040324,-4.982974290847778,0.0030199686686197915,-6.210884730021159,0.30923040956258774,0.2331372226277987,0.1856486201286316,0.17007419591148695,0.21136600772539774,0.5032366762558619,0.7328291932741801,0.4788503746191661,0.20736672977606455,0.22945129623015723,0.37797293687860173,0.4329592523475488
0.75-0.5-0.0-0.75-0.25,0.10908179978529613,100.0,2261.6474531854624,0.0018186750433718164,5325.87890625,-178.7802480061849,148.16797383626303,-8.69155502319336,44.336989084879555,-3.5001916885375977,27.690038681030273,-1.9345088005065918,18.114378611246746,-0.7846004168192545,12.154855569203695,-0.1845794121424357,8.67384672164917,0.8725463151931763,0.6621344288190206,0.7700002988179525,0.8108500639597574,0.8588929573694865,0.9623894095420837,1.0,0.871719241142273,0.7855527202288309,0.7870273391405741,0.782236635684967,0.7289815346399943,0.6486777861913046
0.75-0.5-0.0-0.75-0.5,0.060467321425676346,22050.0,2173.93344127522,0.003048169437533943,4730.126953125,-311.3660380045573,147.86192830403647,-10.037178675333658,34.554840087890625,10.027258078257242,17.855039914449055,5.115758816401164,13.482912381490072,5.290821512540181,6.89976708094279,8.062878131866455,4.891027132670085,6.7121663093566895,0.7226519385973612,0.7858717441558838,0.8362624645233154,0.8931076725323995,0.9885370135307312,0.9768834710121155,0.917296846707662,0.8815527558326721,0.8482833902041117,0.7720587054888407,0.7005372444788615,0.6854240695635477
0.75-0.5-0.0-0.75-0.75,0.09052692850430806,8570.926920332346,2152.5065707650324,0.001713141239633842,4019.53125,-264.3096415201823,153.02405548095703,-27.733518441518147,33.36560821533203,4.855357487996419,24.688956260681152,9.540560086568197,7.694834073384603,-2.6422743002573648,2.9675976435343423,15.204169591267904,9.761747678120932,-2.1580238739649453,0.37563255180915195,0.3952362034469843,0.4496131297200918,0.5169360414147377,0.5202090914050738,0.5315923318266869,0.4820282037059466,0.4403993400434653,0.4061036358277003,0.5146638055642446,0.9146807591120402,0.4773781696955363
0.75-0.5-0.25-0.0-0.0,0.051201630383729935,22050.0,1180.535761130297,0.0006003203938057903,2454.78515625,-439.41637166341144,132.77530415852866,33.11687787373861,29.863295873006184,21.05501588185628,17.602762858072918,13.079921086629232,11.10436757405599,9.616567770640055,9.359657605489096,9.018585681915283,8.770289421081543,8.091142177581787,0.8182205557823181,0.8690152168273926,0.9254720012346903,0.9701888759930929,0.9991603891054789,0.9937680761019388,0.9540939927101135,0.9158973693847656,0.8724579612414042,0.8230433861414591,0.7666038870811462,0.743736187616984
0.75-0.5-0.25-0.0-0.25,0.13179949671030045,7873.841279303785,1792.5406370376202,0.002245440546782144,3545.80078125,-234.7596435546875,154.9145965576172,-1.6821080048878987,33.038901011149086,7.146191596984863,12.610701243082682,5.562235176563263,4.013485431671143,3.367595354715983,12.93858782450358,11.775725920995077,16.12803379694621,8.109750032424927,0.7080574830373129,0.7492504914601644,0.7635247310002645,0.8020655910174052,0.8418484330177307,0.8567724029223124,0.9480438828468323,0.9419427712758383,0.7780752976735433,0.7206800679365793,0.6821174224217733,0.6487919290860494
0.75-0.5-0.25-0.0-0.5,0.07526673500736554,7425.38795439924,2088.895145266335,0.004175213748264166,4471.728515625,-220.03946431477866,184.11043802897134,-4.919008890787761,18.091317176818848,10.29894765218099,12.643656889597574,6.283293724060059,8.911418914794922,12.227733612060547,3.380872798462709,1.386942704518636,4.839141249656677,-1.0235385398070018,0.8563820123672485,0.9315053224563599,0.9512184659639994,0.8928234775861105,0.7223013639450073,0.6885948479175568,0.6901356975237528,0.7122032443682352,0.7202935417493185,0.7237091958522797,0.6876046558221182,0.7221459150314331
0.75-0.5-0.25-0.0-0.75,0.043060253063837685,114.13780192660776,2501.9838081573603,0.004176309565082192,5670.41015625,-245.99218241373697,147.50947062174478,-5.728803634643555,37.46102396647135,-0.9109669923782349,21.276922861735027,-2.6214022437731423,16.233125527699787,-1.293857494990031,10.032111605008444,0.3899525006612142,5.030389507611592,1.0789366563161213,0.7239964505036672,0.5976073841253916,0.613133986790975,0.648410697778066,0.6031808058420817,0.5218783318996429,0.503517230351766,0.607093890508016,0.7841921051343282,0.9522622227668762,0.8981962402661642,0.845256487528483
0.75-0.5-0.25-0.25-0.0,0.17812778055667877,351.17638823499084,3706.9936470639673,0.009291166672483087,8613.28125,-99.30010223388672,97.84312438964844,-14.576782862345377,35.23673566182455,-11.129935503005981,16.141307830810547,-12.88209327061971,4.036829551060994,-8.648327827453613,-0.9483236074447632,-11.74283218383789,-3.6387807627518973,-8.879293441772461,0.19844359656174979,0.10718443989753723,0.10822226681436102,0.24657707661390305,0.5345074733098348,1.0,0.6933544079462687,0.26483948652942974,0.12963392911478877,0.11071798818496366,0.10632796197508772,0.11113734419147174
0.75-0.5-0.25-0.25-0.25,0.03319967972735564,22050.0,2173.7731282757195,0.004375682643266525,5397.65625,-377.87550862630206,147.42135620117188,27.793224334716797,13.136363506317139,12.199903806050619,12.666116714477539,8.77737840016683,8.196684042612711,5.475954055786133,3.8592053254445395,3.9095728000005088,2.7133527795473733,2.4917320807774863,0.9722553094228109,0.9776240388552347,0.8906977971394857,0.838858942190806,0.8210110267003378,0.7997548580169678,0.7775407830874125,0.7492953936258951,0.7479873696962992,0.75325475136439,0.7510163386662801,0.8323107957839966
0.75-0.5-0.25-0.25-0.5,0.16484124461809793,7429.220571460461,2301.3764222991763,0.003763993338604147,5203.857421875,-170.3897908528646,140.77599334716797,1.6757640441258748,40.13987604777018,2.3132238388061523,22.05189323425293,1.593862493832906,12.67596928278605,2.1399988333384194,9.622741063435873,3.048794607321421,6.239437580108643,2.4369962016741433,0.9606355428695679,0.9287252624829611,0.9355987509091696,0.8173708319664001,0.7014924387137095,0.678380290667216,0.6748109062512716,0.6662803788979849,0.717640608549118,0.827026883761088,0.9458833734194437,0.9623074332873026
0.75-0.5-0.25-0.25-0.75,0.010939009177188078,150.32078454481237,3092.8162671464434,0.006999197183176875,7522.265625,-370.6485188802083,135.68829345703125,3.0602477391560874,28.86676025390625,3.3678461710611978,15.245263735453287,-2.3201866149902344,8.283528010050455,-0.01786216100056966,8.484039783477783,2.9200253089269004,5.851540565490723,-0.30857038497924805,0.8582145969072977,0.7250746389230093,0.7619096537431082,0.7547671496868134,0.7508309284845988,0.7513687610626221,0.7001340786616007,0.6602846185366312,0.6511846482753754,0.6947791377703348,0.813488225142161,0.907938559850057
0.75-0.5-0.25-0.5-0.0,0.2620405654112498,345.05595994320106,3603.770022240277,0.012826483696699142,8017.529296875,-23.75016148885091,115.66497039794922,-24.395656903584797,29.582347234090168,-10.925469994544983,15.157249450683594,-15.302349408467611,-1.5428539117177327,-14.921341896057129,-3.6857735315958657,-8.91093667348226,5.41654618581136,3.221552014350891,0.21271402885516486,0.3134760434428851,0.35713057902952033,0.2928737973173459,0.44914183020591736,0.8990514079729716,0.694277266661326,0.31103760997454327,0.14949150631825128,0.16684087365865707,0.14300464217861494,0.12724913780887923
0.75-0.5-0.25-0.5-0.25,0.18427536388238272,100.0,1922.4304778714074,0.0034608572177224537,4428.662109375,-189.48931630452475,180.42107137044272,30.940494537353516,21.073386192321777,18.32575035095215,10.713191827138266,7.943064371744792,5.880401611328125,3.215475161870321,4.763976494471232,3.9916842778523765,3.3546849886576333,2.9907788038253784,0.3995039463043213,0.4902709225813548,0.633023718992869,0.7644622127215067,0.8524001042048136,0.84859699010849,0.8274065256118774,0.9013494650522867,0.8495238224665324,0.7489044268925985,0.6170297265052795,0.4861007531483968
0.75-0.5-0.25-0.5-0.5,0.021106995021303494,126.42216137540122,2534.3180415181664,0.006366936761575441,5239.74609375,-287.4887288411458,159.63911946614584,-25.874717076619465,38.621499379475914,-15.567113876342773,10.535089492797852,-9.664080381393433,16.965944290161133,1.2378926277160645,10.940972805023193,-4.0807390213012695,0.5964314440886179,-4.751646836598714,0.8490577538808187,0.7699229518572489,0.5098433196544647,0.4882398545742035,0.6061841448148092,0.7479791839917501,0.6516784429550171,0.6359667778015137,0.7302310864130656,0.7448488275210062,0.7581372261047363,0.6933608452479044
0.75-0.5-0.25-0.5-0.75,0.034808579832315445,116.87817752645776,2363.9459679902993,0.0018372594301278393,5534.033203125,-285.4273427327474,152.39677937825522,-16.5895938873291,49.05664825439453,-8.221935351689657,31.52794138590495,-10.428596496582031,19.392552375793457,-7.859368960062663,11.098756074905396,-3.8904985586802163,10.166040738423666,2.1549641291300454,0.6543567677338918,0.7721349000930786,0.8537285923957825,0.9149143298467001,0.8766929308573405,0.7810038129488627,0.6869878570238749,0.7215078274408976,0.7451892296473185,0.6805747151374817,0.6317474643389384,0.6062332590421041
0.75-0.5-0.25-0.75-0.0,0.12373288969198863,190.5887037028297,1509.1469698489616,0.002774455565789443,2828.02734375,-219.24996439615884,206.1523640950521,-14.003472089767456,15.805692672729492,6.857248544692993,1.59693177541097,4.984576324621837,3.3252326250076294,5.311038494110107,1.7952659527460735,1.8550482590993245,3.2365285952885947,3.8495194017887115,0.19465839490294456,0.2575865089893341,0.3025215069452922,0.3585795983672142,0.45737749338150024,0.6408324142297109,0.8760382533073425,0.9891643325487772,0.7651320099830627,0.5409863988558451,0.35567721724510193,0.22775700440009436
0.75-0.5-0.25-0.75-0.25,0.05154028038183848,750.9200789784367,5533.201753762772,0.013345115507642428,10795.3125,-235.76305643717447,32.70983282725016,-35.08352025349935,25.469709078470867,-31.7926508585612,11.969213485717773,-23.907032012939453,1.68255615234375,-16.820248285929363,13.84315045674642,7.697445551554362,28.106815973917644,15.893020629882812,0.05695761678119501,0.2893780122200648,0.05990166217088699,0.03520451827595631,0.06717508472502232,0.2893492132425308,1.0,0.2741648604472478,0.04659295020004114,0.03998706862330437,0.10352210017542045,0.021401777242620785
0.75-0.5-0.25-0.75-0.5,0.004896701662801206,22050.0,965.144485453834,0.0006571071794514438,2182.03125,-756.9456583658854,134.44781494140625,64.8812821706136,47.68664805094401,35.44210243225098,25.39354356129964,18.240723927815754,14.93274180094401,11.343345642089844,9.275370279947916,8.087591171264648,7.60223388671875,8.778265953063965,0.8115594585736593,0.8620612819989523,0.9187977313995361,0.9696313937505087,1.0,0.9873463114102682,0.9284577965736389,0.8797566890716553,0.8358290791511536,0.7899152040481567,0.7396989266077677,0.7303822239240011
0.75-0.5-0.25-0.75-0.75,0.07789629139006138,353.54892436756404,2969.5990604732724,0.0063962267789368825,6495.849609375,-211.41238911946616,127.3728535970052,-31.235637346903484,35.59957186381022,-15.912148555119833,22.176899592081707,3.113443652788798,12.11283270517985,-0.9460946520169576,11.832708517710367,3.3981103897094727,3.655909612774849,0.6215023199717203,0.6505056222279867,0.6372925440470377,0.801372746626536,0.7540042996406555,0.6539583404858907,0.7531574964523315,0.6858166058858236,0.546474446853002,0.6437413493792216,0.6776392857233683,0.9324363668759664,0.9514097968737284
0.75-0.5-0.5-0.0-0.0,0.04469706987341245,953.2312143599919,3974.754594943601,0.011423434441288313,8354.8828125,-207.64035034179688,96.36322021484375,-45.58811060587565,27.8080997467041,-23.751208305358887,17.722042083740234,-11.317740201950073,19.74635187784831,5.284939368565877,26.670874913533527,5.9977235198020935,6.222537557284038,-14.578417460123697,0.5540677408377329,0.1848896505932013,0.10482988134026527,0.10199194122105837,0.12269627892722686,0.1320547511180242,0.12223019202550252,0.09814491650710504,0.09200862298409145,0.270989070336024,0.7997784515221914,0.7558776338895162
0.75-0.5-0.5-0.0-0.25,0.10352749625841777,641.8238488792803,3859.7431736500644,0.014765244132528702,8476.904296875,-109.9030990600586,106.83758036295573,-31.45854314168294,22.454915364583332,-28.567847569783527,6.995016952355702,-22.718600591023762,3.0544118881225586,-9.152975082397461,8.696484684944153,-4.883089621861775,9.286353270212809,8.470042705535889,0.21228990207115808,0.2819213333229224,0.4193779453635216,0.5517947723468145,0.6283022463321686,0.5245661462346712,0.2594316179553668,0.1005598579843839,0.08911616976062457,0.13597875585158667,0.10703039169311523,0.15915168076753616
0.75-0.5-0.5-0.0-0.5,0.1538810282945633,107.79019379403145,1602.487124582578,0.002698925811500885,2971.58203125,-187.95596567789713,201.15299479166666,7.4747269948323565,17.296208381652832,13.507008870442709,8.795729319254557,8.652620116869608,3.8291524052619934,7.702186584472656,8.487077871958414,5.196045398712158,1.3233528931935628,-0.16705775260925293,0.9314939181009928,0.8262920578320821,0.7585851748784384,0.6908357540766398,0.67134557167689,0.7048554619153341,0.6938265959421793,0.7065675656000773,0.7593208154042562,0.8713763157526652,0.9868072470029196,0.962570309638977
0.75-0.5-0.5-0.0-0.75,0.08924795190493266,1513.5851354933159,2637.535832419024,0.0025616972998250276,5282.8125,-273.55735270182294,122.52680969238281,-9.383787393569946,34.690219243367515,8.015838623046875,25.221761385599773,17.927506764729817,23.34635861714681,6.318639417489369,0.8983484903971354,-0.7992941538492838,17.621495246887207,18.762744267781574,0.3753953625758489,0.42616016169389087,0.4003017122546832,0.40050580600897473,0.41845497985680896,0.5214166144529978,0.9743067622184753,0.47857822974522907,0.34044036145011586,0.31478426853815716,0.3053792640566826,0.3349302113056183
0.75-0.5-0.5-0.25-0.0,0.0031277145414302745,22050.0,2732.7366334268045,0.005016343687505771,6474.31640625,-541.2009480794271,139.72124226888022,3.6537609100341797,25.473732630411785,0.07269620895385742,14.437349677085876,5.256004651387532,14.342273076375326,1.6323575774828594,4.506384054819743,4.20712943871816,9.592899322509766,0.9586843351523081,0.9201433857282003,0.9035346706708273,0.9130381345748901,0.9146825273831686,0.9932462970415751,0.9868887066841125,0.9435795545578003,0.9188791116078695,0.9382073283195496,0.898000160853068,0.8524162371953329,0.8869547843933105
0.75-0.5-0.5-0.25-0.25,0.04172863314549128,163.98762550235566,1779.1054400390474,0.004177826032380001,4033.88671875,-323.1117451985677,200.20357259114584,7.003912607828776,8.485013961791992,19.960578282674152,10.559348106384277,3.210547606150309,5.873797098795573,3.6874140898386636,-1.3921571373939514,1.1458097994327545,1.5937096277872722,-0.7805056571960449,0.5566717237234116,0.5207466830809911,0.583693673213323,0.6300970315933228,0.8347246845563253,0.9524580637613932,0.8566080331802368,0.7950892845789591,0.6797658205032349,0.5660653014977773,0.49364589154720306,0.5668656527996063
0.75-0.5-0.5-0.25-0.5,0.21086432536443075,14733.333333333334,1370.2971715705826,0.00029044134619956213,2562.451171875,-205.69385782877603,166.35111490885416,-4.229306260744731,37.05584971110026,5.863519191741943,21.00697135925293,9.018815909822782,19.84938112894694,12.093676249186197,14.224785804748535,4.862567027409871,3.2936696211496987,0.8154035409291586,0.8371596336364746,0.852626899878184,0.8111697435379028,0.7807980179786682,0.8712925910949707,0.9384015997250875,0.9010276794433594,0.8893406987190247,0.8530641992886862,0.8219273487726847,0.7788655559221903,0.771914541721344
0.75-0.5-0.5-0.25-0.75,0.043254426370064415,142.57462320495998,3275.5227306342736,0.009489313854525486,7350.0,-205.46880086263022,127.5853042602539,-25.047775904337566,33.03446706136068,-11.712658564249674,19.69299856821696,-16.275609970092773,12.658747673034668,-8.286580085754395,9.288164774576822,1.3985178470611572,14.308687210083008,1.5743407607078552,0.43768106897672016,0.607854942480723,0.5827883581320444,0.775592029094696,0.6057750582695007,0.3513467013835907,0.5110489229361216,0.5155997276306152,0.5297314922014872,0.5756425162156423,0.5574813584486643,0.5112124582131704
0.75-0.5-0.5-0.5-0.0,0.11921939253807068,228.83108500935637,1937.611604310158,0.003146219729387667,3739.599609375,-183.56956990559897,181.4999033610026,1.118376096089681,23.765103658040363,7.821799437204997,13.31234359741211,6.18413112560908,8.044687747955322,2.932724714279175,3.680002212524414,0.9442188342412313,1.5813629229863484,-0.585803230603536,0.816262404123942,0.7633071144421896,0.6684710582097372,0.6563553214073181,0.6926713089148203,0.6001566996177038,0.5783549596865972,0.6655760407447815,0.6110370655854543,0.550490548213323,0.6026995678742727,0.6937939127286276
0.75-0.5-0.5-0.5-0.25,0.13158142566680908,928.5494206417267,3680.7115075926686,0.01586004951968789,8039.0625,-97.38590494791667,109.8643290201823,-31.251927693684895,18.58594004313151,-21.05916118621826,10.762239456176758,-6.319721062978108,22.28432273864746,17.806864420572918,28.22339630126953,10.696666558583578,7.920108417669932,-5.100327650705974,0.5689273476600647,0.3724410831928253,0.22603615621725717,0.24399971465269724,0.20852346469958624,0.15132001042366028,0.1456756740808487,0.22927305599053702,0.4362320303916931,0.7515206535657247,0.5216987629731497,0.3914134055376053
0.75-0.5-0.5-0.5-0.5,0.08440268784761429,823.8913309522044,3967.358861355304,0.013979597948491573,8304.638671875,-127.21630605061848,95.99139912923177,-51.24546813964844,10.366438706715902,-27.541605631510418,6.353794097900391,-17.891145706176758,16.758735020955402,2.1855599880218506,24.0772221883138,14.67526944478353,22.262720743815105,5.2306433369716006,0.2914226160695155,0.212656165783604,0.23755344500144324,0.19354024901986122,0.1558721171071132,0.193997194369634,0.3456033964951833,0.7234850029150645,0.4337589591741562,0.46156660964091617,0.6766260545700788,0.3809879484275977
0.75-0.5-0.5-0.5-0.75,0.09197615832090378,7874.505565245628,1319.3448425209724,0.0031595453284959754,2461.962890625,-364.4179229736328,123.80899810791016,27.798643271128338,36.558074951171875,9.710081736246744,22.178546905517578,9.591225624084473,11.990399837493896,6.662655035654704,11.6581662495931,15.22726313273112,18.254258791605633,15.997222900390625,0.5121508985757828,0.5928274542093277,0.6599413156509399,0.7243821571270624,0.8104653855164846,0.891659140586853,0.9355275829633077,0.8473835984865824,0.677483081817627,0.5287253856658936,0.4296453148126602,0.4447340667247772
0.75-0.5-0.5-0.75-0.0,0.057193463668227196,135.95286472990938,2250.750343092312,0.004709316010121256,4371.240234375,-226.9700469970703,176.75853474934897,-39.85412788391113,40.51901944478353,-10.162405570348104,8.63454532623291,-7.66038449605306,4.192710479100545,-4.467557430267334,7.052640477816264,-0.5842399597167969,5.110380053520203,-1.6471646030743916,0.524437407652537,0.5417996446291605,0.5685280164082845,0.9334056774775187,0.8505121072133383,0.5570985972881317,0.5675244132677714,0.7363713383674622,0.7364480296770731,0.7185789942741394,0.8279731074968973,0.7364833354949951
0.75-0.5-0.5-0.75-0.25,0.22527627646923065,243.82800716802913,3117.4226538426137,0.008977210149168968,7062.890625,-36.711426417032875,137.26103719075522,-14.87846072514852,41.84243138631185,-15.676062107086182,16.974719047546387,-15.059084256490072,4.288036286830902,-13.76037327448527,4.2852836449941,-5.536733865737915,2.231121301651001,-9.56194512049357,0.532198429107666,0.5039914945761362,0.5639447867870331,0.7472789287567139,0.9458706776301066,0.7613125840822855,0.6016480425993601,0.6241450707117716,0.535116026798884,0.511616716782252,0.6993004679679871,0.6440209150314331
0.75-0.5-0.5-0.75-0.5,0.2745012839635213,297.870325700322,3212.9738972958608,0.010305000624308983,7256.689453125,-21.38326613108317,129.79034169514975,-18.475592295328777,33.54109001159668,-8.602180739243826,15.949297587076822,-11.37930711110433,8.744837919871012,-8.743444919586182,4.895791530609131,-1.090333064397176,7.882550398508708,1.6582973798116047,0.8351775805155436,0.9018776615460714,0.6212318936983744,0.44764038920402527,0.33073880275090534,0.267164205511411,0.20333130160967508,0.18014417588710785,0.1968964139620463,0.24201575915018717,0.29693878442049026,0.3996223211288452
0.75-0.5-0.5-0.75-0.75,0.14730441446105638,7432.346365105557,2111.126448025198,0.005232416561436064,4507.6171875,-248.62395858764648,121.62386830647786,12.99079155921936,32.02491569519043,1.8604342142740886,20.23978900909424,3.6040258407592773,14.800669352213541,4.432915210723877,12.773888429005941,8.661629676818848,13.067256927490234,5.336151997248332,0.6667100191116333,0.6814543505509695,0.7540654639403025,0.7703180213769277,0.8132482171058655,0.8642060359319051,0.8745381633440653,0.8604084253311157,0.7756861646970113,0.6813007195790609,0.6143316825230917,0.6045434872309366
0.75-0.5-0.75-0.0-0.0,0.12823230773210526,22050.0,2179.530359293117,0.0016089494844588141,5182.32421875,-178.69064331054688,150.15479532877603,-6.983896096547444,43.558667500813804,-4.453683535257976,27.54678726196289,-2.2810322443644204,18.103185653686523,-0.7374645868937174,12.183982054392496,0.3254051208496094,8.665948232014975,1.0778436064720154,0.8879886666933695,0.9176461497942606,0.9765876730283102,0.9771090149879456,0.9596521655718485,0.9043052593866984,0.8531289299329122,0.8511634270350138,0.8794788519541422,0.8823753992716471,0.8783678412437439,0.875598669052124
0.75-0.5-0.75-0.0-0.25,0.11111966023842494,224.8206111453568,2944.2142486027938,0.007455065147951245,6861.9140625,-139.71033223470053,138.15217081705728,-10.078980922698975,35.542080561319985,-4.90883381664753,20.509981791178387,-5.511935154596965,6.415198087692261,-9.808949073155722,0.10490035514036815,-4.343267321586609,5.909036159515381,1.3913765748341878,0.40907174348831177,0.256648247440656,0.3142121285200119,0.3602133442958196,0.37761569519837695,0.4368916451931,0.4929400384426117,0.5864042639732361,0.7474883000055949,0.8395599126815796,0.7794575492540995,0.6617370943228403
0.75-0.5-0.75-0.0-0.5,0.1461118757724762,197.76277341351715,3387.6926910167654,0.009925742556030551,7787.841796875,-90.95567321777344,123.25333150227864,-19.58096218109131,31.87967872619629,-4.0632866223653155,25.729490915934246,-2.8461084365844727,13.473460833231607,-2.771299123764038,4.3125682671864825,2.4635887940724692,8.946070988972982,-5.464848319689433,0.21401854852835336,0.18838257094224295,0.22625588377316794,0.23069160183270773,0.2601771627863248,0.38839710752169293,0.5883048673470815,0.9205944736798605,0.9213263193766276,0.9219208558400472,0.6443659663200378,0.35803432762622833
0.75-0.5-0.75-0.0-0.75,0.16752505799134573,180.43746195018468,2264.862391702524,0.0030080169187082597,5189.501953125,-141.21096547444662,149.38721720377603,-1.4186356862386067,40.02706527709961,-1.9256208737691243,23.913284301757812,-0.9161553382873535,15.453140258789062,-0.23114093144734701,6.900295694669087,-4.748677909374237,1.5585169196128845,-0.6944082379341125,0.5817204415798187,0.6137732664744059,0.6340891371170679,0.6245657801628113,0.6593716641267141,0.650755763053894,0.6962859233220419,0.8202566703160604,0.8030230502287546,0.6701002915700277,0.5182513892650604,0.536260982354482
0.75-0.5-0.75-0.25-0.0,0.0210554792235295,732.2445218351662,3661.040064951507,0.008700634158837298,7113.134765625,-296.0413106282552,113.84484608968098,-50.51690673828125,29.332221349080402,-25.803063074747723,14.702392180760702,-14.131964365641275,7.667482137680054,-9.88621997833252,9.512024323145548,11.06089417139689,26.226030349731445,13.325711886088053,0.11388817677895229,0.3178424835205078,0.11543329060077667,0.07235664098213117,0.1705812979489565,0.5531962861617407,1.0,0.396272470553716,0.1759843478600184,0.1358459418018659,0.1397783284385999,0.05147914650539557
0.75-0.5-0.75-0.25-0.25,0.05848302443822225,145.1931868204772,2554.1626362205398,0.002487261551626337,5189.501953125,-213.77274576822916,147.79178365071616,-45.75367101033529,42.2376963297526,-23.47978973388672,3.1140419642130532,-15.673116683959961,-3.9248358408610025,-7.509512424468994,-2.9640167554219565,-5.089978218078613,-2.0972699324289956,-3.4412256876627603,0.1864787737528483,0.521449089050293,1.0,0.44361139337221783,0.08992503769695759,0.05599072886010011,0.054094223926464714,0.1763130451242129,0.23837033907572427,0.18830456833044687,0.13192029297351837,0.10997261852025986
0.75-0.5-0.75-0.25-0.5,0.07290787249803543,945.0012265803535,3894.559036625639,0.004771638506402572,8254.39453125,-199.82723490397134,88.12792778015137,-20.733695189158123,32.32294591267904,-20.076186656951904,11.245127280553183,-8.223285039265951,20.013070424397785,11.347926457722982,23.004892349243164,10.962118784586588,10.026548067728678,-7.8095589478810625,0.2632443925055365,0.28237703908234835,0.3286323106537263,0.3234276607011755,0.3491271020223697,0.39040663838386536,0.2962388296922048,0.28683417616412044,0.29521770123392344,0.4421514223019282,0.9412494500478109,0.4375384598970413
0.75-0.5-0.75-0.25-0.75,0.16113951802253723,14733.333333333334,1977.5203672755815,0.0022163613236140614,4507.6171875,-179.11100260416666,161.07176717122397,-0.449795405069987,35.02447636922201,9.846196492513021,17.685495376586914,6.78107217947642,9.290891806284586,6.4258599281311035,7.526618321736653,6.203538417816162,3.703643878300985,4.573732852935791,0.8117794791857401,0.8013103604316711,0.8752854863802592,0.9113892714182535,0.9260935386021932,0.9017190337181091,0.808311919371287,0.8302469650904337,0.8741135001182556,0.8343981305758158,0.766448458035787,0.7609143455823263
0.75-0.5-0.75-0.5-0.0,0.14410540461540222,231.09024626039,2970.6137026387682,0.006435225640113155,6581.982421875,-98.67223612467448,135.78270975748697,-24.300005594889324,24.671423594156902,-19.87793795267741,15.560151100158691,-2.5657894611358643,18.332084973653156,-4.003328084945679,2.348687340815862,-5.284891128540039,4.180324872334798,-2.910888353983561,0.8478827675183614,0.44444231192270917,0.22210467358430228,0.2019460623462995,0.2755577365557353,0.20843060811360678,0.16839714348316193,0.1748656928539276,0.19056961933771768,0.29169738789399463,0.5207469662030538,1.0
0.75-0.5-0.75-0.5-0.25,0.084610881904761,265.05063821253907,1706.1414219725284,0.002793158552473566,3337.646484375,-268.57329813639325,185.77738444010416,19.847270965576172,13.697788715362549,8.872942288716635,7.649761160214742,8.369009216626486,5.418831288814545,3.4903032779693604,-0.7918655872344971,-3.4493562380472818,-2.0832833846410117,-1.7318626840909321,0.9699210325876871,0.9939785003662109,0.7059521476427714,0.47895124554634094,0.3697689970334371,0.30123909066120785,0.3035460561513901,0.36862702171007794,0.3875691046317418,0.3982784648736318,0.47899172206719715,0.6508329113324484
0.75-0.5-0.75-0.5-0.5,0.10336358100175858,22050.0,942.4711135110538,0.0007960084827421573,1715.478515625,-348.1832326253255,181.77011108398438,40.75319639841715,24.41796366373698,22.296998341878254,16.695536931355793,14.20751921335856,9.50129222869873,7.3255157470703125,7.210043271382649,4.577848593393962,4.309369723002116,4.003918727238973,0.9168848792711893,0.9257949988047282,0.8914867043495178,0.9086275895436605,0.9135171175003052,0.871500829855601,0.8231699268023173,0.8087106545766195,0.7835909525553385,0.7695881923039755,0.7854030529657999,0.818053126335144
0.75-0.5-0.75-0.5-0.75,0.027344757070144016,536.4217694269483,3416.253612748988,0.005227814040457209,7766.30859375,-267.13116963704425,116.27002461751302,-28.781147638956707,34.69449933369955,-21.088735580444336,22.735936482747395,-10.828267733256022,11.05268669128418,-15.630728085835775,3.699623386065165,-10.168068130811056,7.130822082360585,1.6834259033203125,0.44854148974021274,0.4725697748363018,0.5914280290404955,0.46838561693827313,0.22971483940879503,0.19586417699853578,0.19211160639921823,0.1453377033273379,0.12801370956003666,0.22324174518386522,0.33406080553929013,0.5142127349972725
0.75-0.5-0.75-0.75-0.0,0.12165466696023941,121.12320824744471,1964.0364752745854,0.004291421564498836,4687.060546875,-274.0601857503255,157.59129842122397,52.11506779988607,29.712597529093426,17.600435892740887,17.777351061503094,13.079502741495768,8.506017049153646,6.031062285105388,5.321794509887695,3.634117841720581,2.7223991031448045,3.280893166859945,0.9747739235560099,0.8756177028020223,0.8192594846089681,0.739450216293335,0.6243885358174642,0.5506353775660197,0.5094479819138845,0.5617218514283498,0.635039210319519,0.6722145775953928,0.7456597089767456,0.8977123101552328
0.75-0.5-0.75-0.75-0.25,0.16309450566768646,367.46969271974854,3693.342122069616,0.013727280776947737,8125.1953125,-62.12640253702799,117.7336934407552,-27.659674962361652,25.38049856821696,-25.259385744730633,8.592202345530191,-18.605313460032146,7.197372833887736,-3.442448457082113,11.630924026171366,-3.7904366652170816,4.4314119418462115,1.7827436129252117,0.5679283241430918,0.6014587034781774,0.5840898429354032,0.5061489790678024,0.30162974695364636,0.3281411627928416,0.7299178143342336,0.515671377380689,0.16487969706455866,0.12707208593686423,0.22413011888662973,0.6539067725340525
0.75-0.5-0.75-0.75-0.5,0.036559199914336205,130.11483205505223,1845.240145824986,0.002722241758116676,3660.64453125,-330.3408508300781,169.9948476155599,17.056060632069904,31.434914271036785,12.938915252685547,14.355343500773111,7.836079120635986,8.295207977294922,5.444027105967204,4.255965908368428,1.7992979685465496,-0.06269296010335286,0.3546425501505534,0.713372528553009,0.6973512172698975,0.7666309873263041,0.8411469658215841,0.8746228814125061,0.8990736802419027,0.8865160346031189,0.9119934638341268,0.8867300351460775,0.8514782190322876,0.7563168108463287,0.7123638788859049
0.75-0.5-0.75-0.75-0.75,0.09372052550315857,286.4108224115112,3724.9666313947414,0.011705628441025814,8297.4609375,-124.28976694742839,111.34707641601562,-26.59806760152181,31.10827700297038,-15.75913111368815,20.00905164082845,-13.644666035970053,7.884580612182617,-6.986225843429565,4.462255775928497,-9.556329250335693,2.374462842941284,-5.7519378662109375,0.3359730194012324,0.5973803202311198,0.8853694796562195,0.6754077871640524,0.4417697638273239,0.47008753816286725,0.5925025244553884,0.31944500530759495,0.37590192010005313,0.5173078974088033,0.26452099283536273,0.19999596973260245
0.75-0.75-0.0-0.0-0.0,0.15492474536101022,227.20145074956076,2629.5028137361796,0.004883202607743442,6258.984375,-134.56586201985678,141.42023213704428,3.9022935231526694,34.37477238972982,1.039377212524414,20.4713773727417,2.0292763710021973,11.299347043037415,-2.190481742223104,2.5979433059692383,-2.4565087954203286,4.670291672150294,3.208271066347758,0.8408302068710327,0.9091161489486694,0.9613476991653442,0.9646749496459961,0.9032023350397745,0.8539647261301676,0.7933802803357443,0.727389931678772,0.7990914185841879,0.8844133615493774,0.8267215689023336,0.8038603067398071
0.75-0.75-0.0-0.0-0.25,0.040057869628071785,22050.0,1911.8777884750223,0.0029338839925253657,4708.59375,-434.937016805013,102.29460906982422,30.44826062520345,30.74402681986491,22.192732493082683,19.239009221394856,15.085437138875326,13.00371265411377,11.082984129587809,10.232942899068197,9.454375584920248,9.00822893778483,8.375969092051188,0.8110635280609131,0.8638473749160767,0.9221166570981344,0.9686031341552734,0.9988816380500793,0.9940708875656128,0.9537218610445658,0.9139214555422465,0.8683534860610962,0.8168994386990865,0.7589308619499207,0.7355436285336813
0.75-0.75-0.0-0.0-0.5,0.14383128782113394,22050.0,1182.5875627725102,0.0005948880875408236,2110.25390625,-318.7505696614583,193.67945353190103,36.03390375773112,17.04970978697141,17.29510720570882,12.244889895121256,9.146601994832357,9.792492548624674,6.274218559265137,5.821381251017253,5.491853555043538,4.3993003368377686,4.631847540537517,0.9585110147794088,0.9142334262530009,0.8376545111338297,0.7679702440897623,0.7597888509432474,0.7506775856018066,0.6905980308850607,0.7149908145268759,0.7206616004308065,0.7141474088033041,0.8005090157190958,0.8674431641896566
0.75-0.75-0.0-0.0-0.75,0.03721854773660501,135.63651893279447,3068.064643254105,0.004481889423914254,7019.82421875,-266.61439514160156,125.96065266927083,-20.51831563313802,52.25804646809896,-3.213236093521118,33.950096130371094,-9.695518970489502,7.794046719868978,-5.464855909347534,19.41581662495931,-4.035611708958943,-1.3726664781570435,1.8207213481267293,0.3144732639193535,0.3582472850879033,0.4675953189531962,0.536803791920344,0.5594380597273508,0.5679035286108652,0.6992878317832947,0.9512946208318075,0.9019689559936523,0.6576037208239237,0.4558994074662526,0.34508951256672543
0.75-0.75-0.0-0.25-0.0,0.0854866032799085,100.0,1436.1386274444521,0.0005695693089364795,3079.248046875,-251.2766316731771,185.61638387044272,-23.797218322753906,53.4111213684082,-1.6514493624369304,22.58215077718099,4.249764045079549,11.221906979878744,4.906743764877319,6.242970625559489,4.4269669850667315,3.8359738190968833,4.01978321870168,0.7539905309677124,0.7426761388778687,0.7766287525494894,0.8064631024996439,0.8294588327407837,0.8648743629455566,0.9229416251182556,0.9274433453877767,0.8588143587112427,0.7830613255500793,0.7690724531809489,0.7563011050224304
0.75-0.75-0.0-0.25-0.25,0.16100086892644563,22050.0,1844.513646272828,0.0013389776601494912,3868.798828125,-250.14278157552084,165.2312774658203,3.2064901987711587,30.928864161173504,9.841636498769125,13.073976516723633,9.756771723429361,7.745203495025635,7.130889097849528,4.653043826421102,6.37551752726237,4.624392986297607,5.872844696044922,0.7200417518615723,0.7378837366898855,0.7940070827802023,0.8365849057833353,0.880235493183136,0.9034071763356527,0.8905346989631653,0.8444886008898417,0.7985331217447916,0.7749251325925192,0.7409660418828329,0.7038118839263916
0.75-0.75-0.0-0.25-0.5,0.03246093230942885,22050.0,1461.5106600474676,0.0008703219396769176,2698.828125,-404.2856852213542,184.1314697265625,17.308954397837322,15.610470453898111,16.696113268534344,10.929028511047363,12.031722068786621,9.340607643127441,6.857519785563151,7.465077082316081,5.250238974889119,5.588315010070801,5.018163998921712,0.7825880845387777,0.8708468675613403,0.9287749926249186,0.9363759358723959,0.9771024783452352,0.9783666928609213,0.8746030926704407,0.7989774942398071,0.7347194949785868,0.715723474820455,0.7138622204462687,0.7043103873729706
0.75-0.75-0.0-0.25-0.75,0.08759472022453944,7619.130382683849,1848.1634195912022,0.0021264748356770724,3115.13671875,-247.0960489908854,153.3604736328125,-1.9527899424235027,29.03466796875,4.008143385251363,19.250264883041382,2.934680938720703,10.605524063110352,3.124058246612549,4.6118059158325195,-1.073938141266505,4.779079119364421,1.4219167232513428,0.513099397222201,0.5206369906663895,0.5197374820709229,0.5297186623016993,0.5384773214658102,0.6327763199806213,0.8746537764867147,0.9960118532180786,0.7922333280245463,0.5812997619311014,0.49378015846014023,0.5108566631873449
0.75-0.75-0.0-0.5-0.0,0.015178910146156946,448.38861045364297,3809.998192413032,0.006130467401817441,8720.947265625,-353.82541910807294,84.70939127604167,-20.471645673116047,31.14073435465495,-23.538633982340496,7.529128511746724,-25.88898468017578,-3.942617098490397,-19.3170903523763,-0.06059837341308594,-5.557767748832703,5.679858207702637,-7.272931893666585,0.038593783819427095,0.03883380567034086,0.01976183770845334,0.02517296513542533,0.056844073037306465,0.029692627334346373,0.043946270210047565,0.1266226110359033,0.5205866893132528,1.0,0.41568151116371155,0.09595371348162492
0.75-0.75-0.0-0.5-0.25,0.013307670131325722,457.7995463265897,3446.1765885022687,0.010200562110791603,7507.91015625,-327.3189392089844,114.1330083211263,-35.07026354471842,27.298624674479168,-16.02215067545573,14.936108589172363,-9.354090054829916,11.045777320861816,-6.06177298227946,6.7915111382802325,-2.462128241856893,4.461084882418315,-5.365833103656769,0.38792628049850464,0.40012868245442706,0.20697576304276785,0.13996779546141624,0.245297372341156,0.2837383101383845,0.20371654629707336,0.23889937127629915,0.3911191523075104,0.7849611043930054,0.9378031889597574,0.5023056964079539
0.75-0.75-0.0-0.5-0.5,0.1202114721139272,557.8038875777634,6097.027606157623,0.03119738462070624,12123.193359375,-92.71511967976888,65.16986465454102,-11.478244145711264,9.468310991923014,-39.33565012613932,12.042418479919434,-19.13234011332194,25.218809763590496,-0.4176260630289714,18.553377787272137,-1.6025233268737793,-0.2384363810221354,-6.5654119948546095,0.7627737323443095,0.2901802510023117,0.05987334996461868,0.056772973388433456,0.07973007236917813,0.08719687536358833,0.1455242708325386,0.11078058431545894,0.21193781743446985,0.3929518709580104,0.27440765500068665,0.3261336386203766
0.75-0.75-0.0-0.5-0.75,0.14206003894408545,155.94589303259832,1985.9086818535773,0.003975201742529559,3847.265625,-151.48397572835287,176.82666015625,-15.875847657521566,22.547484397888184,8.192070166269938,17.127395311991375,2.994801660378774,9.889941811561584,3.22986110051473,3.4138771096865335,3.096740245819092,5.489373246828715,3.6277435223261514,0.5603115955988566,0.6172637045383453,0.666163702805837,0.8265557090441386,0.8716001907984415,0.8204691211382548,0.9049578309059143,0.9227825800577799,0.8065180579821268,0.6450060904026031,0.5052441159884135,0.5002976755301157
0.75-0.75-0.0-0.75-0.0,0.08026345757146676,7416.666666666667,1943.3846860533924,0.0009881135920295492,4371.240234375,-340.1372782389323,138.322146097819,8.045852502187094,33.742026011149086,7.077922066052754,20.463734308878582,6.265613714853923,13.387393951416016,5.664685567220052,8.939688364664713,5.414751052856445,6.271196047465007,5.4104946454366045,0.8662619590759277,0.8591048717498779,0.8901189168294271,0.9255533814430237,0.9587718447049459,0.9648513793945312,0.9281455675760905,0.9240044752756754,0.9145891269048055,0.8886298934618632,0.8410594264666239,0.8276621301968893
0.75-0.75-0.0-0.75-0.25,0.09559783339500427,1296.5741731770438,8290.937579550946,0.016429389050851267,12632.8125,-178.0376739501953,11.911307493845621,-13.057921727498373,27.503699620564777,-23.97279103597005,20.70952320098877,-10.51406733194987,21.391767501831055,-8.58643913269043,14.884925325711569,-19.899118423461914,4.06986125310262,1.6414893468221028,0.06568778989215691,0.08800562098622322,0.137773131330808,0.14093546072642008,0.0981514888505141,0.2367473840713501,0.33317893743515015,1.0,0.2999119758605957,0.20289568603038788,0.055411663527290024,0.06396517157554626
0.75-0.75-0.0-0.75-0.5,0.11001810307304065,178.63380490257074,2586.2716774479018,0.006397573510184884,5254.1015625,-142.7881291707357,147.39852905273438,-20.343745549519856,44.15823618570963,-0.3687726656595866,15.050002415974935,2.688417116800944,0.4164698123931885,-5.943536241849263,-3.214672307173411,0.48477792739868164,3.7376254399617515,-5.9955925941467285,0.310634508728981,0.3522386997938156,0.4691074291865031,0.7678868969281515,0.9599283138910929,0.6439544061819712,0.512956420580546,0.40645670890808105,0.26326578358809155,0.326760155459245,0.5264021307229996,0.49453238149483997
0.75-0.75-0.0-0.75-0.75,0.2212237368027369,107.65120558262453,2728.6318401964413,0.005398370170344909,6208.740234375,-54.977194468180336,146.4991455078125,-14.222408612569174,39.69982401529948,-9.844176610310873,22.41305128733317,-7.981303850809733,15.670804023742676,-4.671826362609863,10.414403597513834,-3.540063420931498,4.280529181162517,-2.3019418716430664,0.6807190875212351,0.7239467799663544,0.6692096392313639,0.8641683260599772,0.8575071493784586,0.7172826131184896,0.7463353673617045,0.5604967772960663,0.6169059574604034,0.7601168751716614,0.821979433298111,0.7208773692448934
0.75-0.75-0.25-0.0-0.0,0.13021197418371835,154.9282597644128,1979.5780173163723,0.002872773499499696,4026.708984375,-179.05516560872397,167.63460795084634,-8.428656260172525,41.727551778157554,9.158609390258789,11.903224070866903,6.626714905103047,7.868725299835205,-0.0592497189839681,5.0544538497924805,1.9631249904632568,5.077061017354329,5.598421772321065,0.6152395208676656,0.6076951622962952,0.6436572472254435,0.740646501382192,0.8113030393918356,0.8369079033533732,0.7937826911608378,0.8146313428878784,0.7043631573518118,0.5520342389742533,0.4928041795889537,0.5345123807589213
0.75-0.75-0.25-0.0-0.25,0.039411049957076706,266.0596231465338,2081.096784079922,0.002610189141705632,4112.841796875,-250.11832173665366,175.3079630533854,-25.919967492421467,31.45057741800944,-7.831124464670817,2.661598285039266,-6.947722514470418,2.7238399982452393,3.0905181964238486,9.436861991882324,2.7610026200612388,2.7718071937561035,1.6037427584330242,0.6367220083872477,0.44050916532675427,0.5217601756254832,0.6939875682195028,0.5901919603347778,0.5394846300284067,0.48594919840494794,0.700152317682902,0.8570876916249593,0.7069842120011648,0.48721622427304584,0.5557144184907278
0.75-0.75-0.25-0.0-0.5,0.10341875006755193,227.68969607559234,2231.6222502943187,0.0021081191953271627,4694.23828125,-157.7481689453125,161.94416300455728,-25.32460117340088,37.62569808959961,-9.88581657409668,21.96224848429362,-4.954508384068807,15.220922152201334,-4.649848620096843,5.319572567939758,-7.533488909403483,2.472393035888672,-4.917176564534505,0.6851654450098673,0.6178144117196401,0.6051191290219625,0.589602400859197,0.6921258817116419,0.7036584466695786,0.5407236715157827,0.4312190314133962,0.5475430935621262,0.6236543754736582,0.7005539139111837,0.7530387043952942
0.75-0.75-0.25-0.0-0.75,0.19258725146452585,952.0303136164063,3727.217226882298,0.009160581976175308,8211.328125,-75.24709447224934,106.2454833984375,-24.19064712524414,19.420547167460125,-20.891265551249187,14.871837298075357,-17.283427238464355,10.64210033416748,7.411698182423909,25.807687759399414,10.599380334218344,12.885409673055014,-6.218646049499512,0.75858935713768,0.2040718048810959,0.11475326865911484,0.17856506475557885,0.17514715436846018,0.14133843531211218,0.16813683013121286,0.2560030321280162,0.352369274944067,0.5439246551444133,0.2860286918779214,0.40563418467839557
0.75-0.75-0.25-0.25-0.0,0.0720869426925977,1010.8296213874537,2098.3040629834336,0.0017679817538009956,3990.8203125,-256.0206247965495,150.10265604654947,-39.17264493306478,29.83856773376465,0.18733835220336914,5.312138319015503,4.87018346786499,11.264938990275065,24.591744740804035,28.19839032491048,23.059712727864582,2.0821852684020996,-12.13545290629069,0.6433590451876322,0.22317127883434296,0.18674801538387933,0.18543953945239386,0.18527078131834665,0.19375390062729517,0.255154882868131,0.22355536619822183,0.20093544572591782,0.2387835755944252,0.37891602516174316,1.0
0.75-0.75-0.25-0.25-0.25,0.016062725024918716,14733.333333333334,2092.2738504210606,0.0030280522211493612,4687.060546875,-398.3854471842448,160.69147745768228,-7.311576843261719,38.98340288798014,8.842781861623129,20.015789826711018,6.286043723424275,6.2920379638671875,3.00586199760437,6.015634258588155,3.656144142150879,-1.2999380826950073,0.03652799129486084,0.9418890277544657,0.9107063213984171,0.857143779595693,0.8503387173016866,0.8858282963434855,0.8782428900400797,0.8589370449384054,0.8726532856623331,0.8187115987141927,0.8547912240028381,0.937600314617157,0.9844273924827576
0.75-0.75-0.25-0.25-0.5,0.1128442461291949,14733.333333333334,1818.9025943560428,0.0039054694531917753,4033.88671875,-267.4351501464844,174.49652608235678,38.740013122558594,21.410964488983154,19.807443618774414,15.136191368103027,9.510991175969442,10.24928871790568,7.560696919759114,5.3020946979522705,4.690948565800984,3.5528268019358316,3.1114787260691323,0.6105316032965978,0.619418000181516,0.6570497155189514,0.7424517671267191,0.8152442971865336,0.8907647728919983,0.801956574122111,0.6627600789070129,0.5976664821306864,0.5644895831743876,0.5322813292344412,0.5391139835119247
0.75-0.75-0.25-0.25-0.75,0.1786072999238968,348.24073041366654,4111.675566596874,0.009217166264231006,8749.658203125,-90.32979075113933,76.46343739827473,-38.40293184916178,33.449075063069664,-19.58636728922526,19.00591786702474,-7.53861000140508,17.31725311279297,-1.7898059686024983,9.758085568745932,-11.921096165974935,-17.21677589416504,-30.584505081176758,0.8479120135307312,0.43164073924223584,0.13834542036056519,0.2827654778957367,0.42300411065419513,0.7342389076948166,0.4599631329377492,0.17388603339592615,0.08980388132234414,0.1810242235660553,0.10142122705777486,0.21170473843812943
0.75-0.75-0.25-0.5-0.0,0.07306557397047679,188.0423008558781,2982.8641471447686,0.007028467953205109,6230.2734375,-163.53326416015625,136.6259562174479,-23.746111551920574,30.69037691752116,-6.546469688415527,14.515329758326212,-7.877572536468506,2.7425483067830405,-14.20535977681478,3.420956532160441,-0.940950870513916,8.324014981587728,2.22107728322347,0.4991861780484517,0.36375685781240463,0.21120914071798325,0.18939416855573654,0.1950046457350254,0.2042993406454722,0.6172112623850504,0.8110379974047343,0.7061948180198669,0.9713426232337952,0.7368719776471456,0.5961022774378458
0.75-0.75-0.25-0.5-0.25,0.056521995613972344,495.5472594740734,4034.298688350235,0.013408485101535916,8426.66015625,-169.86115519205728,100.75496673583984,-35.68177477518717,23.19871648152669,-10.807716051737467,22.072922388712566,-12.612809936205545,10.959380745887756,-2.9610245625178018,0.4173405170440674,-1.593506654103597,5.379472116629283,-13.661820888519287,0.8497349619865417,0.5081381897131602,0.4953438589970271,0.2632279110451539,0.17446161434054375,0.19261103868484497,0.2407632271448771,0.24976929277181625,0.21577373519539833,0.21919131775697073,0.4347678820292155,0.823101798693339
0.75-0.75-0.25-0.5-0.5,0.008311877880866328,14733.333333333334,1223.3173085077697,0.0008389163030386726,2612.6953125,-596.59716796875,189.3289540608724,41.76367314656576,12.694445967674255,12.468494733174643,14.39346726735433,8.73016389211019,8.936415354410807,8.555851618448893,6.339244206746419,5.655279000600179,5.7659250895182295,4.512389659881592,0.8300679326057434,0.8801125884056091,0.9317591587702433,0.9723858038584391,1.0,0.9809069236119589,0.926673173904419,0.894466777642568,0.8531184395154318,0.8111748894055685,0.76015704870224,0.7498275637626648
0.75-0.75-0.25-0.5-0.75,0.01899901032447815,22050.0,1707.95573059107,0.0011679920511943748,4076.953125,-554.559560139974,93.59526952107747,23.3082218170166,25.829883575439453,19.721033096313477,18.983174006144207,16.4936097462972,15.381433486938477,13.782838503519693,12.791707197825113,11.647847970326742,10.823184649149576,9.925672690073648,0.807980994383494,0.8634986877441406,0.9221911032994589,0.9694761236508688,0.9996121128400167,0.9970756769180298,0.9643921454747518,0.9248748819033304,0.8768717050552368,0.8214672009150187,0.7596017718315125,0.7329876820246378
0.75-0.75-0.25-0.75-0.0,0.033903222531080246,120.81298795493099,1628.0036629769777,0.001358184633621325,2928.515625,-415.8075764973958,150.33902486165366,24.624616622924805,41.961046854654946,14.954257011413574,22.95478057861328,7.765244007110596,13.44343121846517,4.730244398117065,7.743509133656819,3.302053173383077,4.014115571975708,2.9065604209899902,0.7529033223787943,0.8205433289210001,0.8663155436515808,0.8514465689659119,0.8498928944269816,0.8487836321194967,0.8012738227844238,0.7636846899986267,0.7176733414332072,0.6900834043820699,0.6600160400072733,0.6671213308970133
0.75-0.75-0.25-0.75-0.25,0.00866480932260553,22050.0,2060.4313865796803,0.003065426084503997,4744.482421875,-471.54686482747394,153.1300786336263,-0.6349089245001475,32.515692392985024,10.690667788187662,15.715084711710611,9.846132596333822,9.56726360321045,7.81399408976237,6.728506724039714,6.153170267740886,5.2435868581136065,5.140631993611653,0.8238815863927206,0.8623962799708048,0.9145074884096781,0.9555200139681498,0.9946477810541788,0.9831739862759908,0.9284920891125997,0.8928026159604391,0.9182115594546,0.8985381722450256,0.8196773529052734,0.7712225715319315
0.75-0.75-0.25-0.75-0.5,0.005516963390012582,14736.806444813568,2326.4899334494,0.006826873621321283,5246.923828125,-477.31394449869794,159.9558563232422,-8.888004779815674,33.770118713378906,3.0073247949282327,17.862742106119793,9.364427407582602,9.645709991455078,-0.7637726465861002,-1.0436848004659016,0.7338997522989908,-0.7779344717661539,0.9275922775268555,0.9419571757316589,0.9339329600334167,0.9372047384579977,0.9229589104652405,0.8630699316660563,0.8568193515141805,0.8733996550242106,0.8539229035377502,0.8390097816785177,0.8858809669812521,0.9167724450429281,0.9257356524467468
0.75-0.75-0.25-0.75-0.75,0.21888277431329092,252.49091879926604,3069.5065366047797,0.005721168825402856,7141.845703125,-85.49017588297527,118.77664184570312,-11.695024490356445,40.1797784169515,1.197387918829918,23.36638609568278,-1.0978894233703613,14.385347684224447,0.40314626693725586,9.257063547770182,0.6627898613611857,4.165371656417847,-5.685714801152547,0.4263804964721203,0.5228498876094818,0.6960756381352743,0.8449245492617289,0.5094091494878134,0.2616913765668869,0.16744709014892578,0.16543201605478922,0.14288067569335303,0.2058446171383063,0.3240720368921757,0.3299654498696327
0.75-0.75-0.5-0.0-0.0,0.0455503116051356,322.18363537256,2172.822775500447,0.015169664648335838,4873.681640625,-335.01378377278644,171.75514221191406,43.804209073384605,8.903574307759603,-1.1310598055521648,7.323711554209392,10.01178503036499,8.790194829305014,5.2951879519969225,3.4209829568862915,3.99955161412557,5.080411911010742,3.438270171483358,0.6174371143182119,0.6803360184033712,0.7711159984270731,0.8071908752123514,0.8706579009691874,0.9758919874827067,0.9975137511889139,0.9580685297648112,0.8195977608362833,0.7233005464076996,0.6440559923648834,0.6133078436056772
0.75-0.75-0.5-0.0-0.25,0.0005504654206257934,15086.055739563431,1980.6166439534372,0.002543367019370635,4514.794921875,-840.9380086263021,117.59440612792969,12.099411010742188,16.557122548421223,11.203165213267008,6.857627868652344,13.436941146850586,23.096124013264973,22.710389296213787,12.97092898686727,-0.4265875816345215,-5.587678750356038,3.126519779364268,0.4959452599287033,0.8093968232472738,0.9841746091842651,0.5953486462434133,0.5678127656380335,0.5594893644253413,0.5325597922007242,0.5112426926692327,0.4934006333351135,0.47599971294403076,0.4434070289134979,0.43434899548689526
0.75-0.75-0.5-0.0-0.5,0.06290748839577039,22050.0,1793.3320440321907,0.0008535269516869448,4019.53125,-299.8816884358724,151.21173095703125,-7.541965285936992,45.463820139567055,-4.077664474646251,29.155803044637043,-1.2477012872695923,18.842800776163738,0.11544851462046306,12.09737237294515,1.1481100519498189,7.680757522583008,1.7189699808756511,0.7371949553489685,0.815367599328359,0.8523304263750712,0.8775510390599569,0.8681759635607401,0.8687296708424886,0.8118914564450582,0.8023262222607931,0.8240648110707601,0.8358817100524902,0.7694843411445618,0.6754479706287384
0.75-0.75-0.5-0.0-0.75,0.005122984604289134,14733.333333333334,1156.503353327667,0.003192728712024806,2849.560546875,-728.5257263183594,113.78056208292644,49.27677536010742,34.90032450358073,29.765065511067707,27.319722493489582,21.9135258992513,19.054744084676106,16.79813289642334,14.158334096272787,11.838470458984375,10.134382883707682,8.320530414581299,0.8198041319847107,0.8735370635986328,0.9314667185147604,0.9765455921490988,0.9996914664904276,0.9847219586372375,0.9308283527692159,0.8865188757578532,0.8434527715047201,0.7965899507204691,0.7465442816416422,0.7372792959213257
0.75-0.75-0.5-0.25-0.0,0.05100542431076368,14746.732390773954,1794.8328419458064,0.0009749862025879944,3761.1328125,-340.79688517252606,143.17604064941406,1.8718212445576985,37.90043385823568,2.679520924886068,23.21942710876465,3.4383106231689453,14.874141057332357,3.467848459879557,9.943513552347818,4.019066214561462,8.343418598175049,5.795051505168279,0.81278528769811,0.8737413088480631,0.9315122763315836,0.9707259138425192,0.9962417483329773,0.979119618733724,0.921682079633077,0.8853676319122314,0.8398245175679525,0.7935261527697245,0.7447615067164103,0.7299716273943583
0.75-0.75-0.5-0.25-0.25,0.16668619712193808,22050.0,949.7719589946901,0.00023560295128769818,1449.90234375,-266.1405029296875,212.1614735921224,10.464725863188505,9.066346168518066,18.122841517130535,11.017112572987875,10.716245969136557,8.368894894917807,5.948221047719319,6.997157732645671,4.937829971313477,5.137544631958008,4.732419331868489,0.9543716708819071,0.9003325502077738,0.965638001759847,0.9554086724917094,0.8907347321510315,0.8616231083869934,0.7616670529047648,0.8096573948860168,0.8718288540840149,0.904261589050293,0.8634578585624695,0.8971429467201233
0.75-0.75-0.5-0.25-0.5,0.14801657448212305,358.0401275319436,2561.52816943388,0.004188575063987325,5175.146484375,-127.08132680257161,150.10996754964194,-35.37351926167806,19.467032114664715,-19.90120855967204,4.376613299051921,-12.743868509928385,6.629499316215515,-9.077781995137533,-1.5424913962682087,-9.270852088928223,0.6852357387542725,-5.205904185771942,0.06373047456145287,0.1557341143488884,0.21735461552937826,0.3030676854153474,0.39395612726608914,0.44066773851712543,0.728129247824351,0.6156365449229876,0.2119061971704165,0.08397508288423221,0.12784884373346964,0.1133033304164807
0.75-0.75-0.5-0.25-0.75,0.09880851954221725,14733.333333333334,1626.3716025893948,0.004823753523586068,3517.08984375,-309.2580057779948,152.19327799479166,25.89016056060791,35.599504470825195,19.543474117914837,12.752835392951965,11.405268589655558,10.099624951680502,8.261942545572916,4.747643868128459,4.201112732291222,6.622010389963786,6.431013425191243,0.7955183386802673,0.8418130874633789,0.8850664496421814,0.9133133490880331,0.9136008620262146,0.8980579177538554,0.8842420975367228,0.8824007709821066,0.8599077661832174,0.8222840627034506,0.7708384990692139,0.7394072413444519
0.75-0.75-0.5-0.5-0.0,0.10130666320522626,22050.0,2452.50169759261,0.003234226426381307,5928.80859375,-191.37944539388022,143.501096089681,-1.0213559468587239,36.15864817301432,6.683548291524251,17.86768913269043,7.880430857340495,10.6036958694458,6.830867290496826,6.74037520090739,5.975309054056804,5.11796776453654,5.330546855926514,0.9114271998405457,0.9140336513519287,0.9358924031257629,0.9376590251922607,0.9234659473101298,0.9268529415130615,0.9130523999532064,0.9062605301539103,0.8898206154505411,0.8594019611676534,0.8337969779968262,0.8504400650660197
0.75-0.75-0.5-0.5-0.25,0.062216014911731087,214.61151231909784,2532.7418249122643,0.0055961392596752075,5756.54296875,-226.87640889485678,157.46172078450522,-8.237674792607626,25.431699752807617,-2.5390880902608237,13.173853238423666,6.6512986818949384,7.757355690002441,-1.3476467728614807,4.125037471453349,6.217185815175374,1.7503482302029927,-1.5372915267944336,0.5246727565924326,0.4680385539929072,0.43027394513289136,0.5225333372751871,0.4741675555706024,0.4965323805809021,0.5851761301358541,0.7768220404783884,0.9346347252527872,0.9448175430297852,0.716470996538798,0.5495184262593588
0.75-0.75-0.5-0.5-0.5,0.048094054063161217,934.8929520944321,3893.4247359384226,0.00816268768782417,8311.81640625,-217.92659505208334,97.88994852701823,-29.960105260213215,18.754981994628906,-23.629106521606445,12.231205940246582,-20.479892094930012,11.092451254526773,8.532932390769323,32.66420873006185,19.091522216796875,16.31390651067098,-7.7860307693481445,0.11444133209685485,0.09742536830405395,0.09773703416188557,0.08381696743890643,0.09525970555841923,0.25625060747067135,0.3672194518148899,0.26767194519440335,0.13822733610868454,0.2920691470305125,0.8743760188420614,0.43459734320640564
0.75-0.75-0.5-0.5-0.75,0.005471313760305445,234.4097407737363,1300.7767623111852,0.0007353299539924288,2268.1640625,-563.9841918945312,189.69334411621094,9.462800661722818,29.195281982421875,0.7752520243326823,8.472530364990234,2.168935775756836,5.217576344807942,5.235932111740112,6.384598255157471,5.083025137583415,-0.5994049112002054,-1.513987421989441,0.4310280779997508,0.3120104397336642,0.29596368968486786,0.29353736340999603,0.3198518455028534,0.40554043650627136,0.43958157300949097,0.5262688199679056,0.7200380563735962,0.937087893486023,0.9796458880106608,0.689770499865214
0.75-0.75-0.5-0.75-0.0,0.042799645413955055,229.87082057363693,2920.7061265336038,0.004076905238131682,6718.359375,-236.56758626302084,133.0019327799479,-23.077332973480225,38.77015813191732,-15.335824608802795,25.465012232462566,-9.79558519522349,16.247992833455402,-6.600198427836101,10.972625255584717,-6.034285227457683,7.397345225016276,-2.6886800130208335,0.4056740974386533,0.3640404927233855,0.3495912676056226,0.35024108241001767,0.2945503716667493,0.2570486068725586,0.32940685749053955,0.5662773847579956,0.8658806284268697,0.7192025184631348,0.4390642245610555,0.4140324468413989
0.75-0.75-0.5-0.75-0.25,0.22325412929058075,2082.186962324867,3599.566666590623,0.0032963926593462625,7378.7109375,-130.5720469156901,111.70085144042969,8.309090375900269,39.00723648071289,0.6090806325276693,23.174957275390625,-7.314151128133138,21.26983372370402,8.39340607325236,9.965350151062012,-9.761881828308105,13.674644311269125,8.029154896736145,0.32960379868745804,0.3181483360628287,0.2987553297231595,0.2529516151795785,0.21702802243332067,0.2980926185846329,0.8097609380880991,0.3420226722955704,0.2981929884602626,0.3277866809318463,0.3759293829401334,0.38706938984493416
0.75-0.75-0.5-0.75-0.5,0.09452697386344273,531.2595646415745,3876.133606236239,0.008759536314755678,8132.373046875,-140.67049153645834,92.16222635904948,-54.159908294677734,21.146766662597656,-32.25581741333008,11.179484049479166,-20.512755076090496,8.958705107371012,-7.780407547950745,7.124893009662628,-6.828616142272949,3.5409843921661377,-3.8690783182779946,0.7933530906836191,0.40561944246292114,0.09568714785079162,0.06240621581673622,0.18709629525740942,0.14908892412980398,0.08440940206249554,0.22917552292346954,0.16349631423751512,0.3498633010312915,0.2875320849319299,0.3366313974062602
0.75-0.75-0.5-0.75-0.75,0.0835422898332278,1415.1886192124875,2623.0896060117843,0.0014511498059922208,5045.947265625,-231.78551228841147,140.59100850423178,-56.09423955281576,30.996524492899578,-16.646947542826336,18.39960289001465,19.892223993937176,17.502614339192707,4.13985554377238,-5.766821722189586,-5.756289720535278,7.120191256205241,19.023813247680664,0.2188958985110124,0.18275867061068615,0.19948232111831507,0.242968930862844,0.4026156812906265,1.0,0.33583960433801013,0.1551744136183212,0.1561077127698809,0.13418154992784062,0.13137232582084835,0.1586118626097838
0.75-0.75-0.75-0.0-0.0,0.10002400477727254,1696.6042881112764,4603.77996004921,0.01142169771871219,8649.169921875,-196.8847859700521,68.83814493815105,-42.728136698404946,29.91540018717448,-9.612217744191488,35.58848889668783,13.592722733815512,17.767894744873047,-17.075230916341145,-0.1098164717356364,10.165122350056967,28.894629160563152,0.3063174883524577,0.03204343064377705,0.019509155458460253,0.03687329962849617,0.11224923903743426,0.032538023156424366,0.02268092256660263,0.03883502849688133,0.19442575176556906,1.0,0.22680152455965677,0.0234585115686059,0.02067952463403344
0.75-0.75-0.75-0.0-0.25,0.24323318401972452,22050.0,1925.212685139335,0.001234550077545767,4292.28515625,-138.70235188802084,148.93702189127603,-3.007505257924398,49.872904459635414,7.032645066579183,32.41352081298828,0.6145955721537272,6.966132799784343,-5.083052317301433,11.345133622487387,5.750844359397888,10.026429812113443,3.474595626195272,0.9337203105290731,0.915837566057841,0.8999855518341064,0.908880611260732,0.9618140856424967,0.9329938689867655,0.8412904540697733,0.8244942227999369,0.8375335335731506,0.8322729468345642,0.8535359899202982,0.8880854249000549
0.75-0.75-0.75-0.0-0.5,0.0315429779390494,14733.333333333334,1810.2624453878025,0.002652457383192086,3825.732421875,-387.8529510498047,165.57158915201822,19.705657958984375,17.888060251871746,14.034090360005697,10.114494323730469,10.517889340718588,8.08754793802897,6.92517630259196,6.6175510088602705,5.035704135894775,5.331936518351237,4.334592898686727,0.8635796507199606,0.8807123502095541,0.866234560807546,0.8953590790430704,0.9406157930692037,0.9691689014434814,0.9345859885215759,0.885272741317749,0.8531434337298075,0.8472707668940226,0.8134613831837972,0.792366087436676
0.75-0.75-0.75-0.0-0.75,0.14960947632789612,22050.0,1603.6522227431062,0.0006277932297962252,3718.06640625,-235.2613067626953,164.40176391601562,-7.349865277608235,44.53913370768229,9.803539752960205,16.11611270904541,2.5533649921417236,10.81621265411377,12.956786314646402,10.601363817850748,2.7754690647125244,6.008440653483073,12.644429524739584,0.7892303268114725,0.8456669251124064,0.8915813763936361,0.9191852807998657,0.9256378809611002,0.9414472977320353,0.9525566697120667,0.8542258739471436,0.7657455205917358,0.7333865960439047,0.7124399741490682,0.7074082295099894
0.75-0.75-0.75-0.25-0.0,0.026834677283962566,615.1053886819072,1755.6846620631507,0.0023013261197775137,3746.77734375,-359.04027303059894,182.6044921875,-11.380632718404135,31.793895721435547,14.730822245279947,8.366953531901041,10.700813293457031,5.244529664516449,8.844060897827148,8.061050256093344,12.174306074778238,10.000780900319418,4.842777093251546,0.6757488350073496,0.7139966289202372,0.7740561167399088,0.794466495513916,0.7892667452494303,0.7790805598100027,0.7179474333922068,0.6769873797893524,0.7894079486529032,0.8235828280448914,0.6047125856081644,0.6070171942313513
0.75-0.75-0.75-0.25-0.25,0.13303629060586294,6368.579410534352,4874.552174444467,0.007158986447999875,11570.5078125,-152.42569986979166,94.48956044514973,14.122066974639893,47.25418472290039,-15.916128794352213,24.20828628540039,9.225107669830322,6.675429821014404,-2.957805037498474,21.305927912394207,-10.982700983683268,9.20563793182373,15.62936274210612,0.3967723399400711,0.47332344949245453,0.5835309823354086,0.574330727259318,0.5431192318598429,0.5416614810625712,0.6493458946545919,0.9020572304725647,0.6593195597330729,0.41301608085632324,0.3786998391151428,0.36603677769502
0.75-0.75-0.75-0.25-0.5,0.019534542535742123,6395.144204582871,5033.245142343044,0.02581320609897375,12331.34765625,-262.76738993326825,106.24087270100911,7.159954984982808,36.18631235758463,-21.12069257100423,16.924028714497883,-3.152881463368734,9.940265019734701,-5.94572909673055,20.339374542236328,-16.481665929158527,8.737867991129557,8.741164207458496,0.5253011882305145,0.5164852241675059,0.6126438776652018,0.547029068072637,0.5462635258833567,0.6570862730344137,0.7024585604667664,0.7770860890547434,0.7136901021003723,0.637079119682312,0.5616098244984945,0.5472354590892792
0.75-0.75-0.75-0.25-0.75,0.15774503846963248,146.84107723907076,2717.8983163507855,0.005327349063009024,6237.451171875,-102.84468332926433,141.39332580566406,-11.217424313227335,43.208020528157554,-1.9385299682617188,23.193328857421875,-2.4141813814640045,12.198015530904135,-4.65675965944926,5.035547176996867,-2.377423961957296,4.482123374938965,0.44169338544209796,0.7584515810012817,0.6314826309680939,0.5896773437658945,0.5845675567785898,0.5626360177993774,0.5577965279420217,0.5594222545623779,0.6562533875306448,0.8387083013852438,0.9597124854723612,0.853345513343811,0.813683013121287
0.75-0.75-0.75-0.5-0.0,0.020361927182724077,7466.0196943295205,1969.3929975914496,0.0011782798125447396,4486.083984375,-421.0009053548177,145.00770568847656,1.1217444737752278,35.96898523966471,5.540782193342845,18.57411543528239,5.620812972386678,11.168574015299479,7.279837449391683,9.816556294759115,8.470560550689697,8.383254051208496,7.781500021616618,0.7885978619257609,0.8460726141929626,0.913800319035848,0.9386438330014547,0.9671664039293925,0.9987777670224508,0.938923199971517,0.8904127677281698,0.8571416536966959,0.8053871591885885,0.7040667732556661,0.7001802523930868
0.75-0.75-0.75-0.5-0.25,0.016601205182572205,1999.3761934554605,3740.05011825649,0.010944046933824817,7974.462890625,-382.3233235677083,100.26495615641277,-10.19932254155477,38.94179026285807,5.323967178662618,18.569191614786785,0.23037278652191162,11.064297835032145,9.857827504475912,7.861623922983806,-1.883386532465617,6.305864175160726,11.809326807657877,0.6122924660642942,0.6501198261976242,0.6332450360059738,0.5719299676517645,0.5683347433805466,0.7160036663214365,0.932208259900411,0.6697921454906464,0.5730901633699735,0.5369165924688181,0.5732633682588736,0.588740661740303
0.75-0.75-0.75-0.5-0.5,0.009824982844293118,386.023690173528,3590.288648342325,0.012299267575144768,7995.99609375,-336.73388671875,120.83620707194011,-23.12097930908203,39.569986979166664,-9.18767261505127,16.200608889261883,-21.05662663777669,1.638559341430664,-7.8368760744730634,5.474117437998454,-9.425909360249838,0.34186402956644696,-2.811447501182556,0.19033575057983398,0.21329371631145477,0.17314180731773376,0.29016901055971783,0.43322596947352093,0.642422099908193,0.8786354660987854,0.8846491575241089,0.7005696793397268,0.37575751543045044,0.20047366619110107,0.18519923090934753
0.75-0.75-0.75-0.5-0.75,0.13093573103348413,413.61736365617315,2587.6723417756352,0.004944003846806784,5562.744140625,-140.86218770345053,147.3104451497396,-24.94139226277669,38.414360682169594,-3.7650378545125327,16.536907196044922,-2.513523817062378,13.498148600260416,4.8534495035807295,7.480607350667317,-8.235781192779541,-6.977611790100734,-9.861322720845541,0.5437289973100027,0.6578978399435679,0.502718468507131,0.5206252882877985,0.5742339591185252,0.6817882210016251,0.5049174179633459,0.5589273075262705,0.6944311559200287,0.6577509144941965,0.6240927229324976,0.45076646904150647
0.75-0.75-0.75-0.75-0.0,0.018731492571532726,7618.074380189853,2271.837740867425,0.0032353338738175808,5225.390625,-416.9130147298177,126.46634928385417,4.204375584920247,22.44106101989746,-0.5207660992940267,15.1792360941569,7.190956115722656,3.8036870062351227,1.3242716789245605,14.961016337076822,-1.942609389623006,6.729017893473308,5.3783518473307295,0.4641184061765671,0.49526532491048175,0.5551484425862631,0.540106475353241,0.5195223689079285,0.5348184009393057,0.7160866260528564,1.0,0.7122500141461691,0.4657423198223114,0.4284345706303914,0.42994001011053723
0.75-0.75-0.75-0.75-0.25,0.26523541907469433,995.1517321621285,3355.6745182614045,0.005965914344415069,7838.0859375,-50.331895192464195,122.02230326334636,-24.188050270080566,32.817094802856445,-14.033109794060389,22.101176579793293,-12.066970507303873,25.71396001180013,10.875396092732748,26.35503578186035,12.669973691304525,12.443525314331055,-14.382114092508951,0.5830072661240896,0.47095440824826557,0.42185824116071063,0.4296483000119527,0.4564956525961558,0.41891734798749286,0.42245810230573017,0.44988589485486347,0.4679285188515981,0.7252285877863566,1.0,0.7708218892415365
0.75-0.75-0.75-0.75-0.5,0.22389102975527445,7211.763980219342,4147.459826160481,0.010074479039758444,9273.6328125,-70.92771402994792,105.5386250813802,7.837390184402466,43.6148681640625,-7.149802207946777,28.996785481770832,2.394679228464762,6.229618787765503,1.2849268118540447,13.196492513020834,-8.68580691019694,7.0145595868428545,-3.9410040378570557,0.5545373062292734,0.5350427627563477,0.5609580179055532,0.6062165300051371,0.6342421174049377,0.6488467852274576,0.6326183279355367,0.6380816797415415,0.9955673019091288,0.9248873392740885,0.7035937408606211,0.6637346148490906
0.75-0.75-0.75-0.75-0.75,0.11562202125787735,448.9661789899379,3188.2753778004408,0.009689667262136936,6639.404296875,-102.55274709065755,128.77696736653647,-29.619552930196125,29.74505106608073,-9.717546463012695,11.079232533772787,-8.840232531229654,11.944069544474283,-7.713822205861409,-1.6097660859425862,-11.79869000116984,-0.1352388858795166,1.1035091876983643,0.5709187785784403,0.3913941979408264,0.2743929127852122,0.23677983383337656,0.3740548292795817,0.4727080464363098,0.32890472809473675,0.37941192587216693,0.6759897669156393,0.876068909962972,0.8714515964190165,0.7004071672757467
